Initialized native services in: /home/runner/.gradle/native
Initialized jansi services in: /home/runner/.gradle/native
Received JVM installation metadata from '/usr/lib/jvm/temurin-17-jdk-amd64': {JAVA_HOME=/usr/lib/jvm/temurin-17-jdk-amd64, JAVA_VERSION=17.0.19, JAVA_VENDOR=Eclipse Adoptium, RUNTIME_NAME=OpenJDK Runtime Environment, RUNTIME_VERSION=17.0.19+10, VM_NAME=OpenJDK 64-Bit Server VM, VM_VERSION=17.0.19+10, VM_VENDOR=Eclipse Adoptium, OS_ARCH=amd64}
Checking if the launcher JVM can be re-used for build. To be re-used, the launcher JVM needs to match the parameters required for the build process: --add-opens=java.base/java.util=ALL-UNNAMED --add-opens=java.base/java.lang=ALL-UNNAMED --add-opens=java.base/java.lang.invoke=ALL-UNNAMED --add-opens=java.prefs/java.util.prefs=ALL-UNNAMED --add-opens=java.base/java.nio.charset=ALL-UNNAMED --add-opens=java.base/java.net=ALL-UNNAMED --add-opens=java.base/java.util.concurrent.atomic=ALL-UNNAMED -Xmx2g -Dfile.encoding=UTF-8 -Duser.country -Duser.language=en -Duser.variant
To honour the JVM settings for this build a single-use Daemon process will be forked. For more on this, please refer to https://docs.gradle.org/8.7/userguide/gradle_daemon.html#sec:disabling_the_daemon in the Gradle documentation.
Starting process 'Gradle build daemon'. Working directory: /home/runner/.gradle/daemon/8.7 Command: /usr/lib/jvm/temurin-17-jdk-amd64/bin/java --add-opens=java.base/java.util=ALL-UNNAMED --add-opens=java.base/java.lang=ALL-UNNAMED --add-opens=java.base/java.lang.invoke=ALL-UNNAMED --add-opens=java.prefs/java.util.prefs=ALL-UNNAMED --add-opens=java.base/java.nio.charset=ALL-UNNAMED --add-opens=java.base/java.net=ALL-UNNAMED --add-opens=java.base/java.util.concurrent.atomic=ALL-UNNAMED -Xmx2g -Dfile.encoding=UTF-8 -Duser.country -Duser.language=en -Duser.variant -cp /home/runner/work/_temp/.gradle-actions/gradle-installations/installs/gradle-8.7/lib/gradle-launcher-8.7.jar -javaagent:/home/runner/work/_temp/.gradle-actions/gradle-installations/installs/gradle-8.7/lib/agents/gradle-instrumentation-agent-8.7.jar org.gradle.launcher.daemon.bootstrap.GradleDaemon 8.7
Successfully started process 'Gradle build daemon'
An attempt to start the daemon took 1.092 secs.
The client will now receive all logging from the daemon (pid: 2692). The daemon log file: /home/runner/.gradle/daemon/8.7/daemon-2692.out.log
Closing daemon's stdin at end of input.
The daemon will no longer process any standard input.
Daemon will be stopped at the end of the build 
Using 4 worker leases.
Received JVM installation metadata from '/usr/lib/jvm/temurin-17-jdk-amd64': {JAVA_HOME=/usr/lib/jvm/temurin-17-jdk-amd64, JAVA_VERSION=17.0.19, JAVA_VENDOR=Eclipse Adoptium, RUNTIME_NAME=OpenJDK Runtime Environment, RUNTIME_VERSION=17.0.19+10, VM_NAME=OpenJDK 64-Bit Server VM, VM_VERSION=17.0.19+10, VM_VENDOR=Eclipse Adoptium, OS_ARCH=amd64}
Watching the file system is configured to be enabled if available
Now considering [/home/runner/work/AuraBrowse/AuraBrowse] as hierarchies to watch
File system watching is active
Caching disabled for Groovy DSL script compilation (cp_init) because:
  Build cache is disabled
Compiling initialization script '/home/runner/.gradle/init.d/gradle-actions.build-result-capture.init.gradle' using SubsetScriptTransformer.
Caching disabled for Groovy DSL script compilation (init) because:
  Build cache is disabled
Compiling initialization script '/home/runner/.gradle/init.d/gradle-actions.build-result-capture.init.gradle' using BuildScriptTransformer.
Caching disabled for Groovy DSL script compilation (cp_dsl) because:
  Build cache is disabled
Compiling script '/home/runner/.gradle/init.d/gradle-actions.build-result-capture-service.plugin.groovy' using SubsetScriptTransformer.
Caching disabled for Groovy DSL script compilation (dsl) because:
  Build cache is disabled
Compiling script '/home/runner/.gradle/init.d/gradle-actions.build-result-capture-service.plugin.groovy' using BuildScriptTransformer.
Caching disabled for Groovy DSL script compilation (cp_init) because:
  Build cache is disabled
Compiling initialization script '/home/runner/.gradle/init.d/gradle-actions.github-dependency-graph.init.gradle' using SubsetScriptTransformer.
Caching disabled for Groovy DSL script compilation (init) because:
  Build cache is disabled
Compiling initialization script '/home/runner/.gradle/init.d/gradle-actions.github-dependency-graph.init.gradle' using BuildScriptTransformer.
Caching disabled for Groovy DSL script compilation (cp_init) because:
  Build cache is disabled
Compiling initialization script '/home/runner/.gradle/init.d/gradle-actions.inject-develocity.init.gradle' using SubsetScriptTransformer.
Caching disabled for Groovy DSL script compilation (init) because:
  Build cache is disabled
Compiling initialization script '/home/runner/.gradle/init.d/gradle-actions.inject-develocity.init.gradle' using BuildScriptTransformer.
Starting Build
Generating /home/runner/.gradle/caches/8.7/generated-gradle-jars/gradle-api-8.7.jar
Cannot use Kotlin build script compile avoidance with /home/runner/.gradle/caches/8.7/generated-gradle-jars/gradle-api-8.7.jar: class org/gradle/configurationcache/extensions/AutoCloseableExtensionsKt: inline fun useToRun(): compile avoidance is not supported with public inline functions
Cannot use Kotlin build script compile avoidance with /home/runner/work/_temp/.gradle-actions/gradle-installations/installs/gradle-8.7/lib/gradle-kotlin-dsl-extensions-8.7.jar: class org/gradle/kotlin/dsl/GradleApiKotlinDslExtensions_1cbh1oqkvm762j10e96dawuh5Kt: inline fun domainObjectContainer(): compile avoidance is not supported with public inline functions
Cannot use Kotlin build script compile avoidance with /home/runner/work/_temp/.gradle-actions/gradle-installations/installs/gradle-8.7/lib/gradle-kotlin-dsl-8.7.jar: class org/gradle/kotlin/dsl/ArtifactHandlerScope: inline fun invoke(): compile avoidance is not supported with public inline functions
Caching disabled for Kotlin DSL script compilation (Settings/TopLevel/stage1) because:
  Build cache is disabled
Caching disabled for Kotlin DSL script compilation (Settings/TopLevel/stage2) because:
  Build cache is disabled
Settings evaluated using settings file '/home/runner/work/AuraBrowse/AuraBrowse/settings.gradle.kts'.
Projects loaded. Root project using build file '/home/runner/work/AuraBrowse/AuraBrowse/build.gradle.kts'.
Included projects: [root project 'AuraBrowse', project ':app']

> Configure project :
Evaluating root project 'AuraBrowse' using build file '/home/runner/work/AuraBrowse/AuraBrowse/build.gradle.kts'.
Caching disabled for Kotlin DSL plugin specs accessors for classpath '82981b77b21d05a902552adeb5fc8e48' because:
  Build cache is disabled
Caching disabled for Kotlin DSL script compilation (Project/TopLevel/stage1) because:
  Build cache is disabled
Downloading https://dl.google.com/dl/android/maven2/com/android/application/com.android.application.gradle.plugin/8.5.2/com.android.application.gradle.plugin-8.5.2.pom to /home/runner/.gradle/.tmp/gradle_download1847659321060367245bin
Resource missing. [HTTP HEAD: https://dl.google.com/dl/android/maven2/com/android/application/com.android.application.gradle.plugin/8.5.2/com.android.application.gradle.plugin-8.5.2.jar]
Resource missing. [HTTP GET: https://dl.google.com/dl/android/maven2/org/jetbrains/kotlin/android/org.jetbrains.kotlin.android.gradle.plugin/1.9.24/org.jetbrains.kotlin.android.gradle.plugin-1.9.24.pom]
Downloading https://repo.maven.apache.org/maven2/org/jetbrains/kotlin/android/org.jetbrains.kotlin.android.gradle.plugin/1.9.24/org.jetbrains.kotlin.android.gradle.plugin-1.9.24.pom to /home/runner/.gradle/.tmp/gradle_download17236613778913315978bin
Resource missing. [HTTP HEAD: https://repo.maven.apache.org/maven2/org/jetbrains/kotlin/android/org.jetbrains.kotlin.android.gradle.plugin/1.9.24/org.jetbrains.kotlin.android.gradle.plugin-1.9.24.jar]
Resource missing. [HTTP GET: https://dl.google.com/dl/android/maven2/com/google/devtools/ksp/com.google.devtools.ksp.gradle.plugin/1.9.24-1.0.20/com.google.devtools.ksp.gradle.plugin-1.9.24-1.0.20.pom]
Downloading https://repo.maven.apache.org/maven2/com/google/devtools/ksp/com.google.devtools.ksp.gradle.plugin/1.9.24-1.0.20/com.google.devtools.ksp.gradle.plugin-1.9.24-1.0.20.pom to /home/runner/.gradle/.tmp/gradle_download15915648010808590485bin
Resource missing. [HTTP HEAD: https://repo.maven.apache.org/maven2/com/google/devtools/ksp/com.google.devtools.ksp.gradle.plugin/1.9.24-1.0.20/com.google.devtools.ksp.gradle.plugin-1.9.24-1.0.20.jar]
Downloading https://dl.google.com/dl/android/maven2/com/android/tools/build/gradle/8.5.2/gradle-8.5.2.pom to /home/runner/.gradle/.tmp/gradle_download14159638715447862933bin
Downloading https://dl.google.com/dl/android/maven2/com/android/tools/build/gradle/8.5.2/gradle-8.5.2.module to /home/runner/.gradle/.tmp/gradle_download7105317445174735684bin
Resource missing. [HTTP GET: https://dl.google.com/dl/android/maven2/org/jetbrains/kotlin/kotlin-gradle-plugin/1.9.24/kotlin-gradle-plugin-1.9.24.pom]
Downloading https://repo.maven.apache.org/maven2/org/jetbrains/kotlin/kotlin-gradle-plugin/1.9.24/kotlin-gradle-plugin-1.9.24.pom to /home/runner/.gradle/.tmp/gradle_download5246105751789550376bin
Resource missing. [HTTP GET: https://dl.google.com/dl/android/maven2/org/jetbrains/kotlin/kotlin-gradle-plugins-bom/1.9.24/kotlin-gradle-plugins-bom-1.9.24.pom]
Downloading https://repo.maven.apache.org/maven2/org/jetbrains/kotlin/kotlin-gradle-plugins-bom/1.9.24/kotlin-gradle-plugins-bom-1.9.24.pom to /home/runner/.gradle/.tmp/gradle_download10094221581985648167bin
Downloading https://repo.maven.apache.org/maven2/org/jetbrains/kotlin/kotlin-gradle-plugins-bom/1.9.24/kotlin-gradle-plugins-bom-1.9.24.module to /home/runner/.gradle/.tmp/gradle_download16571759745764693305bin
Downloading https://repo.maven.apache.org/maven2/org/jetbrains/kotlin/kotlin-gradle-plugin/1.9.24/kotlin-gradle-plugin-1.9.24.module to /home/runner/.gradle/.tmp/gradle_download16154478489953245010bin
Resource missing. [HTTP GET: https://dl.google.com/dl/android/maven2/com/google/devtools/ksp/symbol-processing-gradle-plugin/1.9.24-1.0.20/symbol-processing-gradle-plugin-1.9.24-1.0.20.pom]
Downloading https://repo.maven.apache.org/maven2/com/google/devtools/ksp/symbol-processing-gradle-plugin/1.9.24-1.0.20/symbol-processing-gradle-plugin-1.9.24-1.0.20.pom to /home/runner/.gradle/.tmp/gradle_download16902186712637949897bin
Downloading https://repo.maven.apache.org/maven2/com/google/devtools/ksp/symbol-processing-gradle-plugin/1.9.24-1.0.20/symbol-processing-gradle-plugin-1.9.24-1.0.20.module to /home/runner/.gradle/.tmp/gradle_download15367259132259563899bin
Downloading https://dl.google.com/dl/android/maven2/com/android/tools/sdk-common/31.5.2/sdk-common-31.5.2.pom to /home/runner/.gradle/.tmp/gradle_download1336882153259303608bin
Downloading https://dl.google.com/dl/android/maven2/com/android/tools/sdklib/31.5.2/sdklib-31.5.2.pom to /home/runner/.gradle/.tmp/gradle_download12744667042333225587bin
Downloading https://dl.google.com/dl/android/maven2/com/android/tools/repository/31.5.2/repository-31.5.2.pom to /home/runner/.gradle/.tmp/gradle_download11175116862368218732bin
Downloading https://dl.google.com/dl/android/maven2/com/android/tools/build/aapt2-proto/8.5.2-11315950/aapt2-proto-8.5.2-11315950.pom to /home/runner/.gradle/.tmp/gradle_download8639321940953815051bin
Downloading https://dl.google.com/dl/android/maven2/com/android/tools/build/aaptcompiler/8.5.2/aaptcompiler-8.5.2.pom to /home/runner/.gradle/.tmp/gradle_download12678074072083534331bin
Downloading https://dl.google.com/dl/android/maven2/com/android/tools/build/aapt2-proto/8.5.2-11315950/aapt2-proto-8.5.2-11315950.module to /home/runner/.gradle/.tmp/gradle_download7553734115232695859bin
Downloading https://dl.google.com/dl/android/maven2/com/android/tools/ddms/ddmlib/31.5.2/ddmlib-31.5.2.pom to /home/runner/.gradle/.tmp/gradle_download10996347592080056671bin
Downloading https://dl.google.com/dl/android/maven2/com/android/tools/build/aaptcompiler/8.5.2/aaptcompiler-8.5.2.module to /home/runner/.gradle/.tmp/gradle_download11665008772444128207bin
Downloading https://dl.google.com/dl/android/maven2/com/android/tools/build/gradle-settings-api/8.5.2/gradle-settings-api-8.5.2.pom to /home/runner/.gradle/.tmp/gradle_download9905136204919630507bin
Downloading https://dl.google.com/dl/android/maven2/com/android/tools/lint/lint-model/31.5.2/lint-model-31.5.2.pom to /home/runner/.gradle/.tmp/gradle_download13633519382936052753bin
Downloading https://dl.google.com/dl/android/maven2/com/android/tools/build/gradle-settings-api/8.5.2/gradle-settings-api-8.5.2.module to /home/runner/.gradle/.tmp/gradle_download5615333910097219695bin
Downloading https://dl.google.com/dl/android/maven2/com/android/tools/lint/lint-typedef-remover/31.5.2/lint-typedef-remover-31.5.2.pom to /home/runner/.gradle/.tmp/gradle_download6925359769289473884bin
Downloading https://dl.google.com/dl/android/maven2/com/android/tools/analytics-library/shared/31.5.2/shared-31.5.2.pom to /home/runner/.gradle/.tmp/gradle_download1432568924963803767bin
Downloading https://dl.google.com/dl/android/maven2/com/android/tools/analytics-library/crash/31.5.2/crash-31.5.2.pom to /home/runner/.gradle/.tmp/gradle_download11952271174020911835bin
Downloading https://dl.google.com/dl/android/maven2/com/android/databinding/baseLibrary/8.5.2/baseLibrary-8.5.2.pom to /home/runner/.gradle/.tmp/gradle_download5348926150160910181bin
Downloading https://dl.google.com/dl/android/maven2/com/android/tools/build/builder-test-api/8.5.2/builder-test-api-8.5.2.pom to /home/runner/.gradle/.tmp/gradle_download12695355271519138698bin
Downloading https://dl.google.com/dl/android/maven2/androidx/databinding/databinding-common/8.5.2/databinding-common-8.5.2.pom to /home/runner/.gradle/.tmp/gradle_download9913172467762044085bin
Downloading https://dl.google.com/dl/android/maven2/com/android/tools/layoutlib/layoutlib-api/31.5.2/layoutlib-api-31.5.2.pom to /home/runner/.gradle/.tmp/gradle_download7401316384090553041bin
Downloading https://dl.google.com/dl/android/maven2/androidx/databinding/databinding-compiler-common/8.5.2/databinding-compiler-common-8.5.2.pom to /home/runner/.gradle/.tmp/gradle_download9619390525524013435bin
Downloading https://dl.google.com/dl/android/maven2/com/android/tools/utp/android-test-plugin-host-additional-test-output-proto/31.5.2/android-test-plugin-host-additional-test-output-proto-31.5.2.pom to /home/runner/.gradle/.tmp/gradle_download15672144441747465949bin
Downloading https://dl.google.com/dl/android/maven2/com/android/tools/utp/android-test-plugin-host-coverage-proto/31.5.2/android-test-plugin-host-coverage-proto-31.5.2.pom to /home/runner/.gradle/.tmp/gradle_download4172676681734874371bin
Downloading https://dl.google.com/dl/android/maven2/com/android/tools/utp/android-device-provider-ddmlib-proto/31.5.2/android-device-provider-ddmlib-proto-31.5.2.pom to /home/runner/.gradle/.tmp/gradle_download12475702248587872641bin
Downloading https://dl.google.com/dl/android/maven2/com/android/tools/build/builder-test-api/8.5.2/builder-test-api-8.5.2.module to /home/runner/.gradle/.tmp/gradle_download5074476436003414209bin
Downloading https://dl.google.com/dl/android/maven2/com/android/tools/utp/android-device-provider-gradle-proto/31.5.2/android-device-provider-gradle-proto-31.5.2.pom to /home/runner/.gradle/.tmp/gradle_download16050896796275276743bin
Downloading https://dl.google.com/dl/android/maven2/com/android/tools/utp/android-test-plugin-host-emulator-control-proto/31.5.2/android-test-plugin-host-emulator-control-proto-31.5.2.pom to /home/runner/.gradle/.tmp/gradle_download8656012587483574490bin
Downloading https://dl.google.com/dl/android/maven2/com/android/tools/utp/android-test-plugin-host-apk-installer-proto/31.5.2/android-test-plugin-host-apk-installer-proto-31.5.2.pom to /home/runner/.gradle/.tmp/gradle_download8025144057960657402bin
Downloading https://dl.google.com/dl/android/maven2/com/android/tools/utp/android-test-plugin-host-logcat-proto/31.5.2/android-test-plugin-host-logcat-proto-31.5.2.pom to /home/runner/.gradle/.tmp/gradle_download9470297272927649770bin
Downloading https://dl.google.com/dl/android/maven2/com/android/tools/utp/android-test-plugin-host-retention-proto/31.5.2/android-test-plugin-host-retention-proto-31.5.2.pom to /home/runner/.gradle/.tmp/gradle_download9611901266709072008bin
Resource missing. [HTTP GET: https://dl.google.com/dl/android/maven2/org/jetbrains/kotlin/kotlin-stdlib-jdk8/1.9.20/kotlin-stdlib-jdk8-1.9.20.pom]
Downloading https://dl.google.com/dl/android/maven2/com/android/tools/build/transform-api/2.0.0-deprecated-use-gradle-api/transform-api-2.0.0-deprecated-use-gradle-api.pom to /home/runner/.gradle/.tmp/gradle_download11659917080800531292bin
Resource missing. [HTTP GET: https://dl.google.com/dl/android/maven2/org/apache/httpcomponents/httpmime/4.5.6/httpmime-4.5.6.pom]
Downloading https://repo.maven.apache.org/maven2/org/jetbrains/kotlin/kotlin-stdlib-jdk8/1.9.20/kotlin-stdlib-jdk8-1.9.20.pom to /home/runner/.gradle/.tmp/gradle_download2199859722787481545bin
Resource missing. [HTTP GET: https://dl.google.com/dl/android/maven2/commons-io/commons-io/2.13.0/commons-io-2.13.0.pom]
Resource missing. [HTTP GET: https://dl.google.com/dl/android/maven2/org/ow2/asm/asm/9.6/asm-9.6.pom]
Downloading https://dl.google.com/dl/android/maven2/com/android/tools/utp/android-test-plugin-result-listener-gradle-proto/31.5.2/android-test-plugin-result-listener-gradle-proto-31.5.2.pom to /home/runner/.gradle/.tmp/gradle_download13852505773410790821bin
Downloading https://repo.maven.apache.org/maven2/commons-io/commons-io/2.13.0/commons-io-2.13.0.pom to /home/runner/.gradle/.tmp/gradle_download14901662532117247984bin
Downloading https://repo.maven.apache.org/maven2/org/apache/httpcomponents/httpmime/4.5.6/httpmime-4.5.6.pom to /home/runner/.gradle/.tmp/gradle_download2698825627834863147bin
Resource missing. [HTTP GET: https://dl.google.com/dl/android/maven2/org/ow2/asm/asm-analysis/9.6/asm-analysis-9.6.pom]
Resource missing. [HTTP GET: https://dl.google.com/dl/android/maven2/org/apache/commons/commons-parent/58/commons-parent-58.pom]
Resource missing. [HTTP GET: https://dl.google.com/dl/android/maven2/org/apache/httpcomponents/httpcomponents-client/4.5.6/httpcomponents-client-4.5.6.pom]
Downloading https://repo.maven.apache.org/maven2/org/ow2/asm/asm/9.6/asm-9.6.pom to /home/runner/.gradle/.tmp/gradle_download16447295290385937797bin
Downloading https://repo.maven.apache.org/maven2/org/ow2/asm/asm-analysis/9.6/asm-analysis-9.6.pom to /home/runner/.gradle/.tmp/gradle_download8505160427782197269bin
Downloading https://repo.maven.apache.org/maven2/org/apache/commons/commons-parent/58/commons-parent-58.pom to /home/runner/.gradle/.tmp/gradle_download17231086546602382111bin
Resource missing. [HTTP GET: https://dl.google.com/dl/android/maven2/org/ow2/ow2/1.5.1/ow2-1.5.1.pom]
Downloading https://repo.maven.apache.org/maven2/org/ow2/ow2/1.5.1/ow2-1.5.1.pom to /home/runner/.gradle/.tmp/gradle_download2273337325955655821bin
Downloading https://repo.maven.apache.org/maven2/org/apache/httpcomponents/httpcomponents-client/4.5.6/httpcomponents-client-4.5.6.pom to /home/runner/.gradle/.tmp/gradle_download13706461473004401541bin
Resource missing. [HTTP GET: https://dl.google.com/dl/android/maven2/org/apache/apache/29/apache-29.pom]
Resource missing. [HTTP GET: https://dl.google.com/dl/android/maven2/org/apache/httpcomponents/httpcomponents-parent/10/httpcomponents-parent-10.pom]
Downloading https://repo.maven.apache.org/maven2/org/apache/apache/29/apache-29.pom to /home/runner/.gradle/.tmp/gradle_download4748668741912991314bin
Resource missing. [HTTP GET: https://dl.google.com/dl/android/maven2/org/ow2/asm/asm-commons/9.6/asm-commons-9.6.pom]
Resource missing. [HTTP GET: https://dl.google.com/dl/android/maven2/org/ow2/asm/asm-util/9.6/asm-util-9.6.pom]
Downloading https://repo.maven.apache.org/maven2/org/apache/httpcomponents/httpcomponents-parent/10/httpcomponents-parent-10.pom to /home/runner/.gradle/.tmp/gradle_download3271004650182796012bin
Downloading https://repo.maven.apache.org/maven2/org/ow2/asm/asm-commons/9.6/asm-commons-9.6.pom to /home/runner/.gradle/.tmp/gradle_download11226608169333984240bin
Downloading https://repo.maven.apache.org/maven2/org/ow2/asm/asm-util/9.6/asm-util-9.6.pom to /home/runner/.gradle/.tmp/gradle_download6000925279872450633bin
Resource missing. [HTTP GET: https://dl.google.com/dl/android/maven2/org/junit/junit-bom/5.9.3/junit-bom-5.9.3.pom]
Resource missing. [HTTP GET: https://dl.google.com/dl/android/maven2/org/apache/apache/18/apache-18.pom]
Resource missing. [HTTP GET: https://dl.google.com/dl/android/maven2/org/bouncycastle/bcpkix-jdk18on/1.77/bcpkix-jdk18on-1.77.pom]
Downloading https://repo.maven.apache.org/maven2/org/junit/junit-bom/5.9.3/junit-bom-5.9.3.pom to /home/runner/.gradle/.tmp/gradle_download9343953213868102565bin
Resource missing. [HTTP GET: https://dl.google.com/dl/android/maven2/org/glassfish/jaxb/jaxb-runtime/2.3.2/jaxb-runtime-2.3.2.pom]
Downloading https://repo.maven.apache.org/maven2/org/apache/apache/18/apache-18.pom to /home/runner/.gradle/.tmp/gradle_download13028101231083968032bin
Downloading https://repo.maven.apache.org/maven2/org/bouncycastle/bcpkix-jdk18on/1.77/bcpkix-jdk18on-1.77.pom to /home/runner/.gradle/.tmp/gradle_download9907118648398568790bin
Downloading https://repo.maven.apache.org/maven2/org/junit/junit-bom/5.9.3/junit-bom-5.9.3.module to /home/runner/.gradle/.tmp/gradle_download18066851126641086355bin
Downloading https://repo.maven.apache.org/maven2/org/glassfish/jaxb/jaxb-runtime/2.3.2/jaxb-runtime-2.3.2.pom to /home/runner/.gradle/.tmp/gradle_download16733131499612286632bin
Resource missing. [HTTP GET: https://dl.google.com/dl/android/maven2/net/sf/jopt-simple/jopt-simple/4.9/jopt-simple-4.9.pom]
Resource missing. [HTTP GET: https://dl.google.com/dl/android/maven2/com/sun/xml/bind/mvn/jaxb-runtime-parent/2.3.2/jaxb-runtime-parent-2.3.2.pom]
Downloading https://dl.google.com/dl/android/maven2/com/android/tools/build/bundletool/1.16.0/bundletool-1.16.0.pom to /home/runner/.gradle/.tmp/gradle_download5323065275823076743bin
Downloading https://repo.maven.apache.org/maven2/com/sun/xml/bind/mvn/jaxb-runtime-parent/2.3.2/jaxb-runtime-parent-2.3.2.pom to /home/runner/.gradle/.tmp/gradle_download13612145021996458808bin
Downloading https://repo.maven.apache.org/maven2/net/sf/jopt-simple/jopt-simple/4.9/jopt-simple-4.9.pom to /home/runner/.gradle/.tmp/gradle_download15601556615797415309bin
Downloading https://dl.google.com/dl/android/maven2/com/android/tools/build/jetifier/jetifier-core/1.0.0-beta10/jetifier-core-1.0.0-beta10.pom to /home/runner/.gradle/.tmp/gradle_download7266363472874131619bin
Downloading https://dl.google.com/dl/android/maven2/com/android/tools/build/jetifier/jetifier-processor/1.0.0-beta10/jetifier-processor-1.0.0-beta10.pom to /home/runner/.gradle/.tmp/gradle_download1956616137171714107bin
Resource missing. [HTTP GET: https://dl.google.com/dl/android/maven2/org/sonatype/oss/oss-parent/7/oss-parent-7.pom]
Resource missing. [HTTP GET: https://dl.google.com/dl/android/maven2/com/sun/xml/bind/mvn/jaxb-parent/2.3.2/jaxb-parent-2.3.2.pom]
Downloading https://dl.google.com/dl/android/maven2/com/android/tools/build/jetifier/jetifier-core/1.0.0-beta10/jetifier-core-1.0.0-beta10.module to /home/runner/.gradle/.tmp/gradle_download13962767002102276319bin
Downloading https://dl.google.com/dl/android/maven2/com/android/tools/build/jetifier/jetifier-processor/1.0.0-beta10/jetifier-processor-1.0.0-beta10.module to /home/runner/.gradle/.tmp/gradle_download17748792169185027018bin
Downloading https://repo.maven.apache.org/maven2/com/sun/xml/bind/mvn/jaxb-parent/2.3.2/jaxb-parent-2.3.2.pom to /home/runner/.gradle/.tmp/gradle_download17177102100679171334bin
Downloading https://repo.maven.apache.org/maven2/org/sonatype/oss/oss-parent/7/oss-parent-7.pom to /home/runner/.gradle/.tmp/gradle_download11705216283975805930bin
Resource missing. [HTTP GET: https://dl.google.com/dl/android/maven2/com/squareup/javapoet/1.10.0/javapoet-1.10.0.pom]
Resource missing. [HTTP GET: https://dl.google.com/dl/android/maven2/com/google/protobuf/protobuf-java/3.22.3/protobuf-java-3.22.3.pom]
Resource missing. [HTTP GET: https://dl.google.com/dl/android/maven2/com/sun/xml/bind/jaxb-bom-ext/2.3.2/jaxb-bom-ext-2.3.2.pom]
Downloading https://repo.maven.apache.org/maven2/com/google/protobuf/protobuf-java/3.22.3/protobuf-java-3.22.3.pom to /home/runner/.gradle/.tmp/gradle_download4128108386424181038bin
Downloading https://repo.maven.apache.org/maven2/com/squareup/javapoet/1.10.0/javapoet-1.10.0.pom to /home/runner/.gradle/.tmp/gradle_download8683991590857862970bin
Resource missing. [HTTP GET: https://dl.google.com/dl/android/maven2/com/google/protobuf/protobuf-java-util/3.22.3/protobuf-java-util-3.22.3.pom]
Downloading https://repo.maven.apache.org/maven2/com/sun/xml/bind/jaxb-bom-ext/2.3.2/jaxb-bom-ext-2.3.2.pom to /home/runner/.gradle/.tmp/gradle_download4930793254956938505bin
Resource missing. [HTTP GET: https://dl.google.com/dl/android/maven2/com/google/protobuf/protobuf-parent/3.22.3/protobuf-parent-3.22.3.pom]
Downloading https://repo.maven.apache.org/maven2/com/google/protobuf/protobuf-java-util/3.22.3/protobuf-java-util-3.22.3.pom to /home/runner/.gradle/.tmp/gradle_download12878900472092730013bin
Resource missing. [HTTP GET: https://dl.google.com/dl/android/maven2/com/google/code/gson/gson/2.10.1/gson-2.10.1.pom]
Resource missing. [HTTP GET: https://dl.google.com/dl/android/maven2/org/glassfish/jaxb/jaxb-bom/2.3.2/jaxb-bom-2.3.2.pom]
Downloading https://repo.maven.apache.org/maven2/com/google/protobuf/protobuf-parent/3.22.3/protobuf-parent-3.22.3.pom to /home/runner/.gradle/.tmp/gradle_download15627070269371272601bin
Downloading https://repo.maven.apache.org/maven2/org/glassfish/jaxb/jaxb-bom/2.3.2/jaxb-bom-2.3.2.pom to /home/runner/.gradle/.tmp/gradle_download5687550385434033692bin
Downloading https://repo.maven.apache.org/maven2/com/google/code/gson/gson/2.10.1/gson-2.10.1.pom to /home/runner/.gradle/.tmp/gradle_download11435385222012790750bin
Resource missing. [HTTP GET: https://dl.google.com/dl/android/maven2/com/google/protobuf/protobuf-bom/3.22.3/protobuf-bom-3.22.3.pom]
Resource missing. [HTTP GET: https://dl.google.com/dl/android/maven2/org/eclipse/ee4j/project/1.0.5/project-1.0.5.pom]
Resource missing. [HTTP GET: https://dl.google.com/dl/android/maven2/com/google/code/gson/gson-parent/2.10.1/gson-parent-2.10.1.pom]
Downloading https://repo.maven.apache.org/maven2/com/google/protobuf/protobuf-bom/3.22.3/protobuf-bom-3.22.3.pom to /home/runner/.gradle/.tmp/gradle_download4257019619390512115bin
Downloading https://repo.maven.apache.org/maven2/org/eclipse/ee4j/project/1.0.5/project-1.0.5.pom to /home/runner/.gradle/.tmp/gradle_download6200856569166807611bin
Downloading https://repo.maven.apache.org/maven2/com/google/code/gson/gson-parent/2.10.1/gson-parent-2.10.1.pom to /home/runner/.gradle/.tmp/gradle_download1351992601536746922bin
Resource missing. [HTTP GET: https://dl.google.com/dl/android/maven2/io/grpc/grpc-netty/1.57.0/grpc-netty-1.57.0.pom]
Resource missing. [HTTP GET: https://dl.google.com/dl/android/maven2/io/grpc/grpc-core/1.57.0/grpc-core-1.57.0.pom]
Resource missing. [HTTP GET: https://dl.google.com/dl/android/maven2/io/grpc/grpc-protobuf/1.57.0/grpc-protobuf-1.57.0.pom]
Downloading https://repo.maven.apache.org/maven2/io/grpc/grpc-netty/1.57.0/grpc-netty-1.57.0.pom to /home/runner/.gradle/.tmp/gradle_download9901096437681029299bin
Downloading https://repo.maven.apache.org/maven2/io/grpc/grpc-core/1.57.0/grpc-core-1.57.0.pom to /home/runner/.gradle/.tmp/gradle_download3394765566704975414bin
Downloading https://repo.maven.apache.org/maven2/io/grpc/grpc-protobuf/1.57.0/grpc-protobuf-1.57.0.pom to /home/runner/.gradle/.tmp/gradle_download12686783517537037839bin
Resource missing. [HTTP GET: https://dl.google.com/dl/android/maven2/io/grpc/grpc-stub/1.57.0/grpc-stub-1.57.0.pom]
Resource missing. [HTTP GET: https://dl.google.com/dl/android/maven2/com/google/crypto/tink/tink/1.7.0/tink-1.7.0.pom]
Downloading https://dl.google.com/dl/android/maven2/com/google/testing/platform/core-proto/0.0.9-alpha02/core-proto-0.0.9-alpha02.pom to /home/runner/.gradle/.tmp/gradle_download5239111538664008992bin
Resource missing. [HTTP GET: https://dl.google.com/dl/android/maven2/net/sf/kxml/kxml2/2.3.0/kxml2-2.3.0.pom]
Downloading https://repo.maven.apache.org/maven2/io/grpc/grpc-stub/1.57.0/grpc-stub-1.57.0.pom to /home/runner/.gradle/.tmp/gradle_download8261130301912959237bin
Downloading https://repo.maven.apache.org/maven2/com/google/crypto/tink/tink/1.7.0/tink-1.7.0.pom to /home/runner/.gradle/.tmp/gradle_download7050774135884315387bin
Resource missing. [HTTP GET: https://dl.google.com/dl/android/maven2/com/google/flatbuffers/flatbuffers-java/1.12.0/flatbuffers-java-1.12.0.pom]
Downloading https://repo.maven.apache.org/maven2/net/sf/kxml/kxml2/2.3.0/kxml2-2.3.0.pom to /home/runner/.gradle/.tmp/gradle_download11620095732721160748bin
Resource missing. [HTTP GET: https://dl.google.com/dl/android/maven2/org/tensorflow/tensorflow-lite-metadata/0.1.0-rc2/tensorflow-lite-metadata-0.1.0-rc2.pom]
Downloading https://dl.google.com/dl/android/maven2/com/android/tools/build/builder/8.5.2/builder-8.5.2.pom to /home/runner/.gradle/.tmp/gradle_download4464066279079877835bin
Downloading https://dl.google.com/dl/android/maven2/com/android/tools/build/builder-model/8.5.2/builder-model-8.5.2.pom to /home/runner/.gradle/.tmp/gradle_download3337068494244159976bin
Downloading https://repo.maven.apache.org/maven2/com/google/flatbuffers/flatbuffers-java/1.12.0/flatbuffers-java-1.12.0.pom to /home/runner/.gradle/.tmp/gradle_download6540571236802382278bin
Downloading https://repo.maven.apache.org/maven2/org/tensorflow/tensorflow-lite-metadata/0.1.0-rc2/tensorflow-lite-metadata-0.1.0-rc2.pom to /home/runner/.gradle/.tmp/gradle_download18282186414077680614bin
Downloading https://dl.google.com/dl/android/maven2/com/android/tools/build/builder-model/8.5.2/builder-model-8.5.2.module to /home/runner/.gradle/.tmp/gradle_download5252960410483628270bin
Downloading https://dl.google.com/dl/android/maven2/com/android/tools/build/builder/8.5.2/builder-8.5.2.module to /home/runner/.gradle/.tmp/gradle_download11002614612328648070bin
Downloading https://dl.google.com/dl/android/maven2/com/android/tools/build/gradle-api/8.5.2/gradle-api-8.5.2.pom to /home/runner/.gradle/.tmp/gradle_download5634592389486557118bin
Downloading https://dl.google.com/dl/android/maven2/com/android/tools/build/gradle-api/8.5.2/gradle-api-8.5.2.module to /home/runner/.gradle/.tmp/gradle_download15968820977540174238bin
Resource missing. [HTTP GET: https://dl.google.com/dl/android/maven2/org/jetbrains/kotlin/kotlin-gradle-plugin-api/1.9.24/kotlin-gradle-plugin-api-1.9.24.pom]
Resource missing. [HTTP GET: https://dl.google.com/dl/android/maven2/org/jetbrains/kotlin/kotlin-gradle-plugin-model/1.9.24/kotlin-gradle-plugin-model-1.9.24.pom]
Downloading https://repo.maven.apache.org/maven2/org/jetbrains/kotlin/kotlin-gradle-plugin-api/1.9.24/kotlin-gradle-plugin-api-1.9.24.pom to /home/runner/.gradle/.tmp/gradle_download16445252606675689150bin
Downloading https://repo.maven.apache.org/maven2/org/jetbrains/kotlin/kotlin-gradle-plugin-model/1.9.24/kotlin-gradle-plugin-model-1.9.24.pom to /home/runner/.gradle/.tmp/gradle_download8095599366221733631bin
Downloading https://repo.maven.apache.org/maven2/org/jetbrains/kotlin/kotlin-gradle-plugin-api/1.9.24/kotlin-gradle-plugin-api-1.9.24.module to /home/runner/.gradle/.tmp/gradle_download6839688455666163253bin
Downloading https://repo.maven.apache.org/maven2/org/jetbrains/kotlin/kotlin-gradle-plugin-model/1.9.24/kotlin-gradle-plugin-model-1.9.24.module to /home/runner/.gradle/.tmp/gradle_download8713975592885537853bin
Resource missing. [HTTP GET: https://dl.google.com/dl/android/maven2/org/jetbrains/kotlin/kotlin-gradle-plugin-idea/1.9.24/kotlin-gradle-plugin-idea-1.9.24.pom]
Resource missing. [HTTP GET: https://dl.google.com/dl/android/maven2/org/jetbrains/kotlin/kotlin-gradle-plugin-idea-proto/1.9.24/kotlin-gradle-plugin-idea-proto-1.9.24.pom]
Downloading https://repo.maven.apache.org/maven2/org/jetbrains/kotlin/kotlin-gradle-plugin-idea/1.9.24/kotlin-gradle-plugin-idea-1.9.24.pom to /home/runner/.gradle/.tmp/gradle_download15160118777360969694bin
Resource missing. [HTTP GET: https://dl.google.com/dl/android/maven2/org/jetbrains/kotlin/kotlin-klib-commonizer-api/1.9.24/kotlin-klib-commonizer-api-1.9.24.pom]
Downloading https://repo.maven.apache.org/maven2/org/jetbrains/kotlin/kotlin-gradle-plugin-idea-proto/1.9.24/kotlin-gradle-plugin-idea-proto-1.9.24.pom to /home/runner/.gradle/.tmp/gradle_download17621765345766988249bin
Downloading https://repo.maven.apache.org/maven2/org/jetbrains/kotlin/kotlin-gradle-plugin-idea/1.9.24/kotlin-gradle-plugin-idea-1.9.24.module to /home/runner/.gradle/.tmp/gradle_download2023385072745954783bin
Downloading https://repo.maven.apache.org/maven2/org/jetbrains/kotlin/kotlin-klib-commonizer-api/1.9.24/kotlin-klib-commonizer-api-1.9.24.pom to /home/runner/.gradle/.tmp/gradle_download11003976620242193989bin
Resource missing. [HTTP GET: https://dl.google.com/dl/android/maven2/org/jetbrains/kotlin/kotlin-build-tools-api/1.9.24/kotlin-build-tools-api-1.9.24.pom]
Resource missing. [HTTP GET: https://dl.google.com/dl/android/maven2/org/jetbrains/kotlin/kotlin-compiler-embeddable/1.9.24/kotlin-compiler-embeddable-1.9.24.pom]
Resource missing. [HTTP GET: https://dl.google.com/dl/android/maven2/org/jetbrains/kotlin/kotlin-util-klib/1.9.24/kotlin-util-klib-1.9.24.pom]
Downloading https://repo.maven.apache.org/maven2/org/jetbrains/kotlin/kotlin-build-tools-api/1.9.24/kotlin-build-tools-api-1.9.24.pom to /home/runner/.gradle/.tmp/gradle_download17337686516806534532bin
Downloading https://repo.maven.apache.org/maven2/org/jetbrains/kotlin/kotlin-compiler-embeddable/1.9.24/kotlin-compiler-embeddable-1.9.24.pom to /home/runner/.gradle/.tmp/gradle_download2649833778077235205bin
Downloading https://repo.maven.apache.org/maven2/org/jetbrains/kotlin/kotlin-util-klib/1.9.24/kotlin-util-klib-1.9.24.pom to /home/runner/.gradle/.tmp/gradle_download6993569581667275053bin
Resource missing. [HTTP GET: https://dl.google.com/dl/android/maven2/org/jetbrains/kotlin/kotlin-compiler-runner/1.9.24/kotlin-compiler-runner-1.9.24.pom]
Resource missing. [HTTP GET: https://dl.google.com/dl/android/maven2/org/jetbrains/kotlin/kotlin-scripting-compiler-impl-embeddable/1.9.24/kotlin-scripting-compiler-impl-embeddable-1.9.24.pom]
Resource missing. [HTTP GET: https://dl.google.com/dl/android/maven2/org/jetbrains/kotlin/kotlin-android-extensions/1.9.24/kotlin-android-extensions-1.9.24.pom]
Downloading https://repo.maven.apache.org/maven2/org/jetbrains/kotlin/kotlin-compiler-runner/1.9.24/kotlin-compiler-runner-1.9.24.pom to /home/runner/.gradle/.tmp/gradle_download6100958256018317090bin
Downloading https://repo.maven.apache.org/maven2/org/jetbrains/kotlin/kotlin-scripting-compiler-impl-embeddable/1.9.24/kotlin-scripting-compiler-impl-embeddable-1.9.24.pom to /home/runner/.gradle/.tmp/gradle_download16531735880362702550bin
Downloading https://repo.maven.apache.org/maven2/org/jetbrains/kotlin/kotlin-android-extensions/1.9.24/kotlin-android-extensions-1.9.24.pom to /home/runner/.gradle/.tmp/gradle_download10096740427960455184bin
Resource missing. [HTTP GET: https://dl.google.com/dl/android/maven2/org/jetbrains/kotlin/kotlin-scripting-compiler-embeddable/1.9.24/kotlin-scripting-compiler-embeddable-1.9.24.pom]
Downloading https://repo.maven.apache.org/maven2/org/jetbrains/kotlin/kotlin-scripting-compiler-embeddable/1.9.24/kotlin-scripting-compiler-embeddable-1.9.24.pom to /home/runner/.gradle/.tmp/gradle_download14842255465242268006bin
Resource missing. [HTTP GET: https://dl.google.com/dl/android/maven2/com/google/devtools/ksp/symbol-processing-api/1.9.24-1.0.20/symbol-processing-api-1.9.24-1.0.20.pom]
Resource missing. [HTTP GET: https://dl.google.com/dl/android/maven2/com/google/devtools/ksp/symbol-processing-common-deps/1.9.24-1.0.20/symbol-processing-common-deps-1.9.24-1.0.20.pom]
Downloading https://repo.maven.apache.org/maven2/com/google/devtools/ksp/symbol-processing-common-deps/1.9.24-1.0.20/symbol-processing-common-deps-1.9.24-1.0.20.pom to /home/runner/.gradle/.tmp/gradle_download8230266555624236901bin
Downloading https://repo.maven.apache.org/maven2/com/google/devtools/ksp/symbol-processing-api/1.9.24-1.0.20/symbol-processing-api-1.9.24-1.0.20.pom to /home/runner/.gradle/.tmp/gradle_download6875728941627660412bin
Downloading https://repo.maven.apache.org/maven2/com/google/devtools/ksp/symbol-processing-common-deps/1.9.24-1.0.20/symbol-processing-common-deps-1.9.24-1.0.20.module to /home/runner/.gradle/.tmp/gradle_download15546814783173674034bin
Downloading https://repo.maven.apache.org/maven2/com/google/devtools/ksp/symbol-processing-api/1.9.24-1.0.20/symbol-processing-api-1.9.24-1.0.20.module to /home/runner/.gradle/.tmp/gradle_download6502492932252742032bin
Resource missing. [HTTP GET: https://dl.google.com/dl/android/maven2/org/bouncycastle/bcprov-jdk18on/1.77/bcprov-jdk18on-1.77.pom]
Resource missing. [HTTP GET: https://dl.google.com/dl/android/maven2/com/google/guava/guava/32.0.1-jre/guava-32.0.1-jre.pom]
Downloading https://dl.google.com/dl/android/maven2/com/android/tools/common/31.5.2/common-31.5.2.pom to /home/runner/.gradle/.tmp/gradle_download16156265268952740796bin
Downloading https://repo.maven.apache.org/maven2/com/google/guava/guava/32.0.1-jre/guava-32.0.1-jre.pom to /home/runner/.gradle/.tmp/gradle_download5680993649139338282bin
Resource missing. [HTTP GET: https://dl.google.com/dl/android/maven2/org/jetbrains/intellij/deps/trove4j/1.0.20200330/trove4j-1.0.20200330.pom]
Downloading https://repo.maven.apache.org/maven2/org/bouncycastle/bcprov-jdk18on/1.77/bcprov-jdk18on-1.77.pom to /home/runner/.gradle/.tmp/gradle_download2938994778176186863bin
Resource missing. [HTTP GET: https://dl.google.com/dl/android/maven2/com/google/guava/guava-parent/32.0.1-jre/guava-parent-32.0.1-jre.pom]
Downloading https://repo.maven.apache.org/maven2/org/jetbrains/intellij/deps/trove4j/1.0.20200330/trove4j-1.0.20200330.pom to /home/runner/.gradle/.tmp/gradle_download10612647845214937971bin
Resource missing. [HTTP GET: https://dl.google.com/dl/android/maven2/javax/inject/javax.inject/1/javax.inject-1.pom]
Downloading https://repo.maven.apache.org/maven2/com/google/guava/guava-parent/32.0.1-jre/guava-parent-32.0.1-jre.pom to /home/runner/.gradle/.tmp/gradle_download9893617697372621775bin
Downloading https://repo.maven.apache.org/maven2/javax/inject/javax.inject/1/javax.inject-1.pom to /home/runner/.gradle/.tmp/gradle_download5272043749682759280bin
Resource missing. [HTTP GET: https://dl.google.com/dl/android/maven2/org/jetbrains/kotlin/kotlin-reflect/1.9.22/kotlin-reflect-1.9.22.pom]
Downloading https://repo.maven.apache.org/maven2/org/jetbrains/kotlin/kotlin-reflect/1.9.22/kotlin-reflect-1.9.22.pom to /home/runner/.gradle/.tmp/gradle_download1001444281253438960bin
Resource missing. [HTTP GET: https://dl.google.com/dl/android/maven2/org/apache/commons/commons-compress/1.21/commons-compress-1.21.pom]
Resource missing. [HTTP GET: https://dl.google.com/dl/android/maven2/org/apache/httpcomponents/httpcore/4.4.16/httpcore-4.4.16.pom]
Downloading https://repo.maven.apache.org/maven2/org/apache/commons/commons-compress/1.21/commons-compress-1.21.pom to /home/runner/.gradle/.tmp/gradle_download7706973293379708836bin
Downloading https://repo.maven.apache.org/maven2/org/apache/httpcomponents/httpcore/4.4.16/httpcore-4.4.16.pom to /home/runner/.gradle/.tmp/gradle_download14526613703945827970bin
Resource missing. [HTTP GET: https://dl.google.com/dl/android/maven2/org/apache/commons/commons-parent/52/commons-parent-52.pom]
Resource missing. [HTTP GET: https://dl.google.com/dl/android/maven2/org/apache/httpcomponents/httpcomponents-core/4.4.16/httpcomponents-core-4.4.16.pom]
Downloading https://dl.google.com/dl/android/maven2/com/android/tools/dvlib/31.5.2/dvlib-31.5.2.pom to /home/runner/.gradle/.tmp/gradle_download17051525265401946792bin
Downloading https://repo.maven.apache.org/maven2/org/apache/httpcomponents/httpcomponents-core/4.4.16/httpcomponents-core-4.4.16.pom to /home/runner/.gradle/.tmp/gradle_download8146428485240905574bin
Downloading https://repo.maven.apache.org/maven2/org/apache/commons/commons-parent/52/commons-parent-52.pom to /home/runner/.gradle/.tmp/gradle_download17218636491082502968bin
Resource missing. [HTTP GET: https://dl.google.com/dl/android/maven2/org/apache/httpcomponents/httpcomponents-parent/11/httpcomponents-parent-11.pom]
Resource missing. [HTTP GET: https://dl.google.com/dl/android/maven2/org/apache/apache/23/apache-23.pom]
Downloading https://repo.maven.apache.org/maven2/org/apache/httpcomponents/httpcomponents-parent/11/httpcomponents-parent-11.pom to /home/runner/.gradle/.tmp/gradle_download7422605172013960956bin
Downloading https://repo.maven.apache.org/maven2/org/apache/apache/23/apache-23.pom to /home/runner/.gradle/.tmp/gradle_download2907204604180358716bin
Resource missing. [HTTP GET: https://dl.google.com/dl/android/maven2/org/apache/apache/21/apache-21.pom]
Downloading https://repo.maven.apache.org/maven2/org/apache/apache/21/apache-21.pom to /home/runner/.gradle/.tmp/gradle_download13241318555011528842bin
Resource missing. [HTTP GET: https://dl.google.com/dl/android/maven2/com/sun/activation/javax.activation/1.2.0/javax.activation-1.2.0.pom]
Resource missing. [HTTP GET: https://dl.google.com/dl/android/maven2/com/google/jimfs/jimfs/1.1/jimfs-1.1.pom]
Downloading https://repo.maven.apache.org/maven2/com/sun/activation/javax.activation/1.2.0/javax.activation-1.2.0.pom to /home/runner/.gradle/.tmp/gradle_download3747316893754341403bin
Downloading https://repo.maven.apache.org/maven2/com/google/jimfs/jimfs/1.1/jimfs-1.1.pom to /home/runner/.gradle/.tmp/gradle_download4684116120940725995bin
Resource missing. [HTTP GET: https://dl.google.com/dl/android/maven2/com/google/jimfs/jimfs-parent/1.1/jimfs-parent-1.1.pom]
Resource missing. [HTTP GET: https://dl.google.com/dl/android/maven2/com/sun/activation/all/1.2.0/all-1.2.0.pom]
Downloading https://repo.maven.apache.org/maven2/com/google/jimfs/jimfs-parent/1.1/jimfs-parent-1.1.pom to /home/runner/.gradle/.tmp/gradle_download936632528531313123bin
Downloading https://repo.maven.apache.org/maven2/com/sun/activation/all/1.2.0/all-1.2.0.pom to /home/runner/.gradle/.tmp/gradle_download10634977805472908865bin
Resource missing. [HTTP GET: https://dl.google.com/dl/android/maven2/net/java/jvnet-parent/1/jvnet-parent-1.pom]
Downloading https://repo.maven.apache.org/maven2/net/java/jvnet-parent/1/jvnet-parent-1.pom to /home/runner/.gradle/.tmp/gradle_download15198027476808353692bin
Resource missing. [HTTP GET: https://dl.google.com/dl/android/maven2/org/jetbrains/annotations/13.0/annotations-13.0.pom]
Downloading https://repo.maven.apache.org/maven2/org/jetbrains/annotations/13.0/annotations-13.0.pom to /home/runner/.gradle/.tmp/gradle_download6643152819355481142bin
Downloading https://dl.google.com/dl/android/maven2/com/android/tools/annotations/31.5.2/annotations-31.5.2.pom to /home/runner/.gradle/.tmp/gradle_download7090410383024147128bin
Resource missing. [HTTP GET: https://dl.google.com/dl/android/maven2/org/apache/httpcomponents/httpclient/4.5.14/httpclient-4.5.14.pom]
Downloading https://repo.maven.apache.org/maven2/org/apache/httpcomponents/httpclient/4.5.14/httpclient-4.5.14.pom to /home/runner/.gradle/.tmp/gradle_download10249559548220475097bin
Resource missing. [HTTP GET: https://dl.google.com/dl/android/maven2/org/apache/httpcomponents/httpcomponents-client/4.5.14/httpcomponents-client-4.5.14.pom]
Downloading https://repo.maven.apache.org/maven2/org/apache/httpcomponents/httpcomponents-client/4.5.14/httpcomponents-client-4.5.14.pom to /home/runner/.gradle/.tmp/gradle_download5489778821229033551bin
Resource missing. [HTTP GET: https://dl.google.com/dl/android/maven2/net/java/dev/jna/jna-platform/5.6.0/jna-platform-5.6.0.pom]
Downloading https://dl.google.com/dl/android/maven2/com/android/tools/analytics-library/protos/31.5.2/protos-31.5.2.pom to /home/runner/.gradle/.tmp/gradle_download4591680397262318978bin
Downloading https://repo.maven.apache.org/maven2/net/java/dev/jna/jna-platform/5.6.0/jna-platform-5.6.0.pom to /home/runner/.gradle/.tmp/gradle_download12688645318884250461bin
Resource missing. [HTTP GET: https://dl.google.com/dl/android/maven2/com/googlecode/juniversalchardet/juniversalchardet/1.0.3/juniversalchardet-1.0.3.pom]
Downloading https://repo.maven.apache.org/maven2/com/googlecode/juniversalchardet/juniversalchardet/1.0.3/juniversalchardet-1.0.3.pom to /home/runner/.gradle/.tmp/gradle_download17464966064571882070bin
Resource missing. [HTTP GET: https://dl.google.com/dl/android/maven2/javax/annotation/javax.annotation-api/1.3.2/javax.annotation-api-1.3.2.pom]
Downloading https://repo.maven.apache.org/maven2/javax/annotation/javax.annotation-api/1.3.2/javax.annotation-api-1.3.2.pom to /home/runner/.gradle/.tmp/gradle_download4438915549444735556bin
Resource missing. [HTTP GET: https://dl.google.com/dl/android/maven2/net/java/jvnet-parent/3/jvnet-parent-3.pom]
Downloading https://repo.maven.apache.org/maven2/net/java/jvnet-parent/3/jvnet-parent-3.pom to /home/runner/.gradle/.tmp/gradle_download10401396697580853008bin
Resource missing. [HTTP GET: https://dl.google.com/dl/android/maven2/org/jetbrains/kotlin/kotlin-stdlib-jdk7/1.9.20/kotlin-stdlib-jdk7-1.9.20.pom]
Downloading https://repo.maven.apache.org/maven2/org/jetbrains/kotlin/kotlin-stdlib-jdk7/1.9.20/kotlin-stdlib-jdk7-1.9.20.pom to /home/runner/.gradle/.tmp/gradle_download14529383190888191997bin
Resource missing. [HTTP GET: https://dl.google.com/dl/android/maven2/org/jetbrains/kotlin/kotlin-stdlib/1.9.22/kotlin-stdlib-1.9.22.pom]
Downloading https://repo.maven.apache.org/maven2/org/jetbrains/kotlin/kotlin-stdlib/1.9.22/kotlin-stdlib-1.9.22.pom to /home/runner/.gradle/.tmp/gradle_download4959848178002155482bin
Downloading https://repo.maven.apache.org/maven2/org/jetbrains/kotlin/kotlin-stdlib/1.9.22/kotlin-stdlib-1.9.22.module to /home/runner/.gradle/.tmp/gradle_download9327840279027472108bin
Resource missing. [HTTP GET: https://dl.google.com/dl/android/maven2/org/ow2/asm/asm-tree/9.6/asm-tree-9.6.pom]
Downloading https://repo.maven.apache.org/maven2/org/ow2/asm/asm-tree/9.6/asm-tree-9.6.pom to /home/runner/.gradle/.tmp/gradle_download10816834023944551651bin
Resource missing. [HTTP GET: https://dl.google.com/dl/android/maven2/org/bouncycastle/bcutil-jdk18on/1.77/bcutil-jdk18on-1.77.pom]
Downloading https://repo.maven.apache.org/maven2/org/bouncycastle/bcutil-jdk18on/1.77/bcutil-jdk18on-1.77.pom to /home/runner/.gradle/.tmp/gradle_download1042798771492932494bin
Resource missing. [HTTP GET: https://dl.google.com/dl/android/maven2/com/sun/istack/istack-commons-runtime/3.0.8/istack-commons-runtime-3.0.8.pom]
Resource missing. [HTTP GET: https://dl.google.com/dl/android/maven2/jakarta/xml/bind/jakarta.xml.bind-api/2.3.2/jakarta.xml.bind-api-2.3.2.pom]
Resource missing. [HTTP GET: https://dl.google.com/dl/android/maven2/org/jvnet/staxex/stax-ex/1.8.1/stax-ex-1.8.1.pom]
Resource missing. [HTTP GET: https://dl.google.com/dl/android/maven2/org/glassfish/jaxb/txw2/2.3.2/txw2-2.3.2.pom]
Downloading https://repo.maven.apache.org/maven2/org/glassfish/jaxb/txw2/2.3.2/txw2-2.3.2.pom to /home/runner/.gradle/.tmp/gradle_download6086629322759595902bin
Downloading https://repo.maven.apache.org/maven2/com/sun/istack/istack-commons-runtime/3.0.8/istack-commons-runtime-3.0.8.pom to /home/runner/.gradle/.tmp/gradle_download13392793087615972786bin
Downloading https://repo.maven.apache.org/maven2/org/jvnet/staxex/stax-ex/1.8.1/stax-ex-1.8.1.pom to /home/runner/.gradle/.tmp/gradle_download4283430932789455115bin
Downloading https://repo.maven.apache.org/maven2/jakarta/xml/bind/jakarta.xml.bind-api/2.3.2/jakarta.xml.bind-api-2.3.2.pom to /home/runner/.gradle/.tmp/gradle_download15868775954504770727bin
Resource missing. [HTTP GET: https://dl.google.com/dl/android/maven2/com/sun/xml/bind/mvn/jaxb-txw-parent/2.3.2/jaxb-txw-parent-2.3.2.pom]
Resource missing. [HTTP GET: https://dl.google.com/dl/android/maven2/com/sun/istack/istack-commons/3.0.8/istack-commons-3.0.8.pom]
Resource missing. [HTTP GET: https://dl.google.com/dl/android/maven2/jakarta/xml/bind/jakarta.xml.bind-api-parent/2.3.2/jakarta.xml.bind-api-parent-2.3.2.pom]
Resource missing. [HTTP GET: https://dl.google.com/dl/android/maven2/com/sun/xml/fastinfoset/FastInfoset/1.2.16/FastInfoset-1.2.16.pom]
Downloading https://repo.maven.apache.org/maven2/com/sun/xml/bind/mvn/jaxb-txw-parent/2.3.2/jaxb-txw-parent-2.3.2.pom to /home/runner/.gradle/.tmp/gradle_download8778634722711727020bin
Downloading https://repo.maven.apache.org/maven2/com/sun/istack/istack-commons/3.0.8/istack-commons-3.0.8.pom to /home/runner/.gradle/.tmp/gradle_download7942518804166060136bin
Downloading https://repo.maven.apache.org/maven2/com/sun/xml/fastinfoset/FastInfoset/1.2.16/FastInfoset-1.2.16.pom to /home/runner/.gradle/.tmp/gradle_download15179598130893352636bin
Downloading https://repo.maven.apache.org/maven2/jakarta/xml/bind/jakarta.xml.bind-api-parent/2.3.2/jakarta.xml.bind-api-parent-2.3.2.pom to /home/runner/.gradle/.tmp/gradle_download1288613726717624629bin
Resource missing. [HTTP GET: https://dl.google.com/dl/android/maven2/com/sun/xml/fastinfoset/fastinfoset-project/1.2.16/fastinfoset-project-1.2.16.pom]
Resource missing. [HTTP GET: https://dl.google.com/dl/android/maven2/jakarta/activation/jakarta.activation-api/1.2.1/jakarta.activation-api-1.2.1.pom]
Downloading https://repo.maven.apache.org/maven2/com/sun/xml/fastinfoset/fastinfoset-project/1.2.16/fastinfoset-project-1.2.16.pom to /home/runner/.gradle/.tmp/gradle_download10893701100859318145bin
Downloading https://repo.maven.apache.org/maven2/jakarta/activation/jakarta.activation-api/1.2.1/jakarta.activation-api-1.2.1.pom to /home/runner/.gradle/.tmp/gradle_download6675117798357159253bin
Resource missing. [HTTP GET: https://dl.google.com/dl/android/maven2/com/sun/activation/all/1.2.1/all-1.2.1.pom]
Downloading https://repo.maven.apache.org/maven2/com/sun/activation/all/1.2.1/all-1.2.1.pom to /home/runner/.gradle/.tmp/gradle_download10908778248863714570bin
Resource missing. [HTTP GET: https://dl.google.com/dl/android/maven2/org/eclipse/ee4j/project/1.0.2/project-1.0.2.pom]
Downloading https://repo.maven.apache.org/maven2/org/eclipse/ee4j/project/1.0.2/project-1.0.2.pom to /home/runner/.gradle/.tmp/gradle_download13075950648896047620bin
Resource missing. [HTTP GET: https://dl.google.com/dl/android/maven2/com/google/auto/value/auto-value-annotations/1.6.2/auto-value-annotations-1.6.2.pom]
Resource missing. [HTTP GET: https://dl.google.com/dl/android/maven2/com/google/dagger/dagger/2.28.3/dagger-2.28.3.pom]
Resource missing. [HTTP GET: https://dl.google.com/dl/android/maven2/org/bitbucket/b_c/jose4j/0.9.5/jose4j-0.9.5.pom]
Resource missing. [HTTP GET: https://dl.google.com/dl/android/maven2/com/google/errorprone/error_prone_annotations/2.3.1/error_prone_annotations-2.3.1.pom]
Downloading https://repo.maven.apache.org/maven2/com/google/errorprone/error_prone_annotations/2.3.1/error_prone_annotations-2.3.1.pom to /home/runner/.gradle/.tmp/gradle_download5130806378363686397bin
Downloading https://repo.maven.apache.org/maven2/com/google/auto/value/auto-value-annotations/1.6.2/auto-value-annotations-1.6.2.pom to /home/runner/.gradle/.tmp/gradle_download8089721210369125342bin
Downloading https://repo.maven.apache.org/maven2/org/bitbucket/b_c/jose4j/0.9.5/jose4j-0.9.5.pom to /home/runner/.gradle/.tmp/gradle_download6321050615947795201bin
Downloading https://repo.maven.apache.org/maven2/com/google/dagger/dagger/2.28.3/dagger-2.28.3.pom to /home/runner/.gradle/.tmp/gradle_download11198707374757509052bin
Resource missing. [HTTP GET: https://dl.google.com/dl/android/maven2/com/google/auto/value/auto-value-parent/1.6.2/auto-value-parent-1.6.2.pom]
Resource missing. [HTTP GET: https://dl.google.com/dl/android/maven2/com/google/errorprone/error_prone_parent/2.3.1/error_prone_parent-2.3.1.pom]
Resource missing. [HTTP GET: https://dl.google.com/dl/android/maven2/org/slf4j/slf4j-api/1.7.30/slf4j-api-1.7.30.pom]
Downloading https://repo.maven.apache.org/maven2/org/slf4j/slf4j-api/1.7.30/slf4j-api-1.7.30.pom to /home/runner/.gradle/.tmp/gradle_download765005366008582794bin
Downloading https://repo.maven.apache.org/maven2/com/google/errorprone/error_prone_parent/2.3.1/error_prone_parent-2.3.1.pom to /home/runner/.gradle/.tmp/gradle_download720105723167615106bin
Downloading https://repo.maven.apache.org/maven2/com/google/auto/value/auto-value-parent/1.6.2/auto-value-parent-1.6.2.pom to /home/runner/.gradle/.tmp/gradle_download2238212297237168585bin
Resource missing. [HTTP GET: https://dl.google.com/dl/android/maven2/org/slf4j/slf4j-parent/1.7.30/slf4j-parent-1.7.30.pom]
Resource missing. [HTTP GET: https://dl.google.com/dl/android/maven2/com/google/auto/auto-parent/6/auto-parent-6.pom]
Downloading https://repo.maven.apache.org/maven2/org/slf4j/slf4j-parent/1.7.30/slf4j-parent-1.7.30.pom to /home/runner/.gradle/.tmp/gradle_download13549957776018589842bin
Downloading https://repo.maven.apache.org/maven2/com/google/auto/auto-parent/6/auto-parent-6.pom to /home/runner/.gradle/.tmp/gradle_download12519603101697404604bin
Resource missing. [HTTP GET: https://dl.google.com/dl/android/maven2/org/jdom/jdom2/2.0.6/jdom2-2.0.6.pom]
Downloading https://repo.maven.apache.org/maven2/org/jdom/jdom2/2.0.6/jdom2-2.0.6.pom to /home/runner/.gradle/.tmp/gradle_download15397890196107688721bin
Resource missing. [HTTP GET: https://dl.google.com/dl/android/maven2/com/google/errorprone/error_prone_annotations/2.11.0/error_prone_annotations-2.11.0.pom]
Downloading https://repo.maven.apache.org/maven2/com/google/errorprone/error_prone_annotations/2.11.0/error_prone_annotations-2.11.0.pom to /home/runner/.gradle/.tmp/gradle_download7295742613182852676bin
Resource missing. [HTTP GET: https://dl.google.com/dl/android/maven2/com/google/errorprone/error_prone_parent/2.11.0/error_prone_parent-2.11.0.pom]
Downloading https://repo.maven.apache.org/maven2/com/google/errorprone/error_prone_parent/2.11.0/error_prone_parent-2.11.0.pom to /home/runner/.gradle/.tmp/gradle_download5547263171153366882bin
Resource missing. [HTTP GET: https://dl.google.com/dl/android/maven2/com/google/j2objc/j2objc-annotations/1.3/j2objc-annotations-1.3.pom]
Resource missing. [HTTP GET: https://dl.google.com/dl/android/maven2/com/google/code/findbugs/jsr305/3.0.2/jsr305-3.0.2.pom]
Downloading https://repo.maven.apache.org/maven2/com/google/code/findbugs/jsr305/3.0.2/jsr305-3.0.2.pom to /home/runner/.gradle/.tmp/gradle_download8593550355540563994bin
Downloading https://repo.maven.apache.org/maven2/com/google/j2objc/j2objc-annotations/1.3/j2objc-annotations-1.3.pom to /home/runner/.gradle/.tmp/gradle_download14397756575647833223bin
Resource missing. [HTTP GET: https://dl.google.com/dl/android/maven2/com/google/errorprone/error_prone_annotations/2.18.0/error_prone_annotations-2.18.0.pom]
Downloading https://repo.maven.apache.org/maven2/com/google/errorprone/error_prone_annotations/2.18.0/error_prone_annotations-2.18.0.pom to /home/runner/.gradle/.tmp/gradle_download8676474000929478201bin
Resource missing. [HTTP GET: https://dl.google.com/dl/android/maven2/com/google/errorprone/error_prone_parent/2.18.0/error_prone_parent-2.18.0.pom]
Downloading https://repo.maven.apache.org/maven2/com/google/errorprone/error_prone_parent/2.18.0/error_prone_parent-2.18.0.pom to /home/runner/.gradle/.tmp/gradle_download7369370081005833309bin
Resource missing. [HTTP GET: https://dl.google.com/dl/android/maven2/io/grpc/grpc-api/1.57.0/grpc-api-1.57.0.pom]
Resource missing. [HTTP GET: https://dl.google.com/dl/android/maven2/org/codehaus/mojo/animal-sniffer-annotations/1.23/animal-sniffer-annotations-1.23.pom]
Resource missing. [HTTP GET: https://dl.google.com/dl/android/maven2/io/perfmark/perfmark-api/0.26.0/perfmark-api-0.26.0.pom]
Resource missing. [HTTP GET: https://dl.google.com/dl/android/maven2/com/google/android/annotations/4.1.1.4/annotations-4.1.1.4.pom]
Downloading https://repo.maven.apache.org/maven2/org/codehaus/mojo/animal-sniffer-annotations/1.23/animal-sniffer-annotations-1.23.pom to /home/runner/.gradle/.tmp/gradle_download14334353469182994721bin
Downloading https://repo.maven.apache.org/maven2/io/perfmark/perfmark-api/0.26.0/perfmark-api-0.26.0.pom to /home/runner/.gradle/.tmp/gradle_download15415372821115582740bin
Downloading https://repo.maven.apache.org/maven2/com/google/android/annotations/4.1.1.4/annotations-4.1.1.4.pom to /home/runner/.gradle/.tmp/gradle_download5677385319700802269bin
Downloading https://repo.maven.apache.org/maven2/io/grpc/grpc-api/1.57.0/grpc-api-1.57.0.pom to /home/runner/.gradle/.tmp/gradle_download8631197856862338278bin
Resource missing. [HTTP GET: https://dl.google.com/dl/android/maven2/org/codehaus/mojo/animal-sniffer-parent/1.23/animal-sniffer-parent-1.23.pom]
Resource missing. [HTTP GET: https://dl.google.com/dl/android/maven2/io/grpc/grpc-context/1.57.0/grpc-context-1.57.0.pom]
Downloading https://repo.maven.apache.org/maven2/io/perfmark/perfmark-api/0.26.0/perfmark-api-0.26.0.module to /home/runner/.gradle/.tmp/gradle_download15584795182926952044bin
Downloading https://repo.maven.apache.org/maven2/io/grpc/grpc-context/1.57.0/grpc-context-1.57.0.pom to /home/runner/.gradle/.tmp/gradle_download3681406786688963212bin
Downloading https://repo.maven.apache.org/maven2/org/codehaus/mojo/animal-sniffer-parent/1.23/animal-sniffer-parent-1.23.pom to /home/runner/.gradle/.tmp/gradle_download13120563591896019773bin
Resource missing. [HTTP GET: https://dl.google.com/dl/android/maven2/org/codehaus/mojo/mojo-parent/74/mojo-parent-74.pom]
Downloading https://repo.maven.apache.org/maven2/org/codehaus/mojo/mojo-parent/74/mojo-parent-74.pom to /home/runner/.gradle/.tmp/gradle_download14112347008918804096bin
Resource missing. [HTTP GET: https://dl.google.com/dl/android/maven2/org/junit/junit-bom/5.9.2/junit-bom-5.9.2.pom]
Downloading https://repo.maven.apache.org/maven2/org/junit/junit-bom/5.9.2/junit-bom-5.9.2.pom to /home/runner/.gradle/.tmp/gradle_download461063076308090311bin
Downloading https://repo.maven.apache.org/maven2/org/junit/junit-bom/5.9.2/junit-bom-5.9.2.module to /home/runner/.gradle/.tmp/gradle_download13300017719867270888bin
Resource missing. [HTTP GET: https://dl.google.com/dl/android/maven2/io/netty/netty-handler-proxy/4.1.93.Final/netty-handler-proxy-4.1.93.Final.pom]
Resource missing. [HTTP GET: https://dl.google.com/dl/android/maven2/io/netty/netty-codec-http2/4.1.93.Final/netty-codec-http2-4.1.93.Final.pom]
Resource missing. [HTTP GET: https://dl.google.com/dl/android/maven2/io/netty/netty-transport-native-unix-common/4.1.93.Final/netty-transport-native-unix-common-4.1.93.Final.pom]
Downloading https://repo.maven.apache.org/maven2/io/netty/netty-transport-native-unix-common/4.1.93.Final/netty-transport-native-unix-common-4.1.93.Final.pom to /home/runner/.gradle/.tmp/gradle_download4268578727994244839bin
Downloading https://repo.maven.apache.org/maven2/io/netty/netty-codec-http2/4.1.93.Final/netty-codec-http2-4.1.93.Final.pom to /home/runner/.gradle/.tmp/gradle_download10750455789141326182bin
Downloading https://repo.maven.apache.org/maven2/io/netty/netty-handler-proxy/4.1.93.Final/netty-handler-proxy-4.1.93.Final.pom to /home/runner/.gradle/.tmp/gradle_download6102874144581651694bin
Resource missing. [HTTP GET: https://dl.google.com/dl/android/maven2/io/netty/netty-parent/4.1.93.Final/netty-parent-4.1.93.Final.pom]
Downloading https://repo.maven.apache.org/maven2/io/netty/netty-parent/4.1.93.Final/netty-parent-4.1.93.Final.pom to /home/runner/.gradle/.tmp/gradle_download17772685425321869219bin
Resource missing. [HTTP GET: https://dl.google.com/dl/android/maven2/org/sonatype/oss/oss-parent/9/oss-parent-9.pom]
Downloading https://repo.maven.apache.org/maven2/org/sonatype/oss/oss-parent/9/oss-parent-9.pom to /home/runner/.gradle/.tmp/gradle_download16794476621051128534bin
Resource missing. [HTTP GET: https://dl.google.com/dl/android/maven2/com/google/api/grpc/proto-google-common-protos/2.17.0/proto-google-common-protos-2.17.0.pom]
Resource missing. [HTTP GET: https://dl.google.com/dl/android/maven2/io/grpc/grpc-protobuf-lite/1.57.0/grpc-protobuf-lite-1.57.0.pom]
Downloading https://repo.maven.apache.org/maven2/io/grpc/grpc-protobuf-lite/1.57.0/grpc-protobuf-lite-1.57.0.pom to /home/runner/.gradle/.tmp/gradle_download4979415626360705383bin
Downloading https://repo.maven.apache.org/maven2/com/google/api/grpc/proto-google-common-protos/2.17.0/proto-google-common-protos-2.17.0.pom to /home/runner/.gradle/.tmp/gradle_download10484038582618277714bin
Resource missing. [HTTP GET: https://dl.google.com/dl/android/maven2/org/checkerframework/checker-qual/2.5.8/checker-qual-2.5.8.pom]
Downloading https://repo.maven.apache.org/maven2/org/checkerframework/checker-qual/2.5.8/checker-qual-2.5.8.pom to /home/runner/.gradle/.tmp/gradle_download8992023186197378488bin
Downloading https://dl.google.com/dl/android/maven2/com/android/signflinger/8.5.2/signflinger-8.5.2.pom to /home/runner/.gradle/.tmp/gradle_download6083468952030857832bin
Resource missing. [HTTP GET: https://dl.google.com/dl/android/maven2/commons-codec/commons-codec/1.10/commons-codec-1.10.pom]
Downloading https://dl.google.com/dl/android/maven2/com/android/tools/build/manifest-merger/31.5.2/manifest-merger-31.5.2.pom to /home/runner/.gradle/.tmp/gradle_download18035123400799130498bin
Downloading https://dl.google.com/dl/android/maven2/com/android/tools/build/manifest-merger/31.5.2/manifest-merger-31.5.2.module to /home/runner/.gradle/.tmp/gradle_download399954367680887401bin
Downloading https://repo.maven.apache.org/maven2/commons-codec/commons-codec/1.10/commons-codec-1.10.pom to /home/runner/.gradle/.tmp/gradle_download10131786381995139234bin
Resource missing. [HTTP GET: https://dl.google.com/dl/android/maven2/org/apache/commons/commons-parent/35/commons-parent-35.pom]
Downloading https://dl.google.com/dl/android/maven2/com/android/tools/build/apksig/8.5.2/apksig-8.5.2.pom to /home/runner/.gradle/.tmp/gradle_download10392736071346817948bin
Downloading https://dl.google.com/dl/android/maven2/com/android/tools/analytics-library/tracker/31.5.2/tracker-31.5.2.pom to /home/runner/.gradle/.tmp/gradle_download6355724201950226638bin
Downloading https://dl.google.com/dl/android/maven2/com/android/tools/build/apkzlib/8.5.2/apkzlib-8.5.2.pom to /home/runner/.gradle/.tmp/gradle_download12266736262281826261bin
Resource missing. [HTTP GET: https://dl.google.com/dl/android/maven2/com/squareup/javawriter/2.5.0/javawriter-2.5.0.pom]
Downloading https://repo.maven.apache.org/maven2/org/apache/commons/commons-parent/35/commons-parent-35.pom to /home/runner/.gradle/.tmp/gradle_download1196329089498761506bin
Downloading https://dl.google.com/dl/android/maven2/com/android/zipflinger/8.5.2/zipflinger-8.5.2.pom to /home/runner/.gradle/.tmp/gradle_download2287488195489665271bin
Downloading https://repo.maven.apache.org/maven2/com/squareup/javawriter/2.5.0/javawriter-2.5.0.pom to /home/runner/.gradle/.tmp/gradle_download17556524013108596453bin
Resource missing. [HTTP GET: https://dl.google.com/dl/android/maven2/org/apache/apache/15/apache-15.pom]
Downloading https://repo.maven.apache.org/maven2/org/apache/apache/15/apache-15.pom to /home/runner/.gradle/.tmp/gradle_download13403313556086234169bin
Resource missing. [HTTP GET: https://dl.google.com/dl/android/maven2/org/jetbrains/kotlin/kotlin-project-model/1.9.24/kotlin-project-model-1.9.24.pom]
Downloading https://repo.maven.apache.org/maven2/org/jetbrains/kotlin/kotlin-project-model/1.9.24/kotlin-project-model-1.9.24.pom to /home/runner/.gradle/.tmp/gradle_download8027834767580975267bin
Resource missing. [HTTP GET: https://dl.google.com/dl/android/maven2/org/jetbrains/kotlin/kotlin-gradle-plugin-annotations/1.9.24/kotlin-gradle-plugin-annotations-1.9.24.pom]
Resource missing. [HTTP GET: https://dl.google.com/dl/android/maven2/org/jetbrains/kotlin/kotlin-native-utils/1.9.24/kotlin-native-utils-1.9.24.pom]
Downloading https://repo.maven.apache.org/maven2/org/jetbrains/kotlin/kotlin-gradle-plugin-annotations/1.9.24/kotlin-gradle-plugin-annotations-1.9.24.pom to /home/runner/.gradle/.tmp/gradle_download6892340844994611679bin
Downloading https://repo.maven.apache.org/maven2/org/jetbrains/kotlin/kotlin-native-utils/1.9.24/kotlin-native-utils-1.9.24.pom to /home/runner/.gradle/.tmp/gradle_download8687154983602792153bin
Resource missing. [HTTP GET: https://dl.google.com/dl/android/maven2/org/jetbrains/kotlin/kotlin-tooling-core/1.9.24/kotlin-tooling-core-1.9.24.pom]
Downloading https://repo.maven.apache.org/maven2/org/jetbrains/kotlin/kotlin-tooling-core/1.9.24/kotlin-tooling-core-1.9.24.pom to /home/runner/.gradle/.tmp/gradle_download1384502866218684521bin
Resource missing. [HTTP GET: https://dl.google.com/dl/android/maven2/org/jetbrains/kotlin/kotlin-util-io/1.9.24/kotlin-util-io-1.9.24.pom]
Downloading https://repo.maven.apache.org/maven2/org/jetbrains/kotlin/kotlin-util-io/1.9.24/kotlin-util-io-1.9.24.pom to /home/runner/.gradle/.tmp/gradle_download10413670313104266469bin
Resource missing. [HTTP GET: https://dl.google.com/dl/android/maven2/org/jetbrains/kotlin/kotlin-daemon-embeddable/1.9.24/kotlin-daemon-embeddable-1.9.24.pom]
Downloading https://repo.maven.apache.org/maven2/org/jetbrains/kotlin/kotlin-daemon-embeddable/1.9.24/kotlin-daemon-embeddable-1.9.24.pom to /home/runner/.gradle/.tmp/gradle_download17744296326552268562bin
Resource missing. [HTTP GET: https://dl.google.com/dl/android/maven2/org/jetbrains/kotlinx/kotlinx-coroutines-core-jvm/1.5.0/kotlinx-coroutines-core-jvm-1.5.0.pom]
Resource missing. [HTTP GET: https://dl.google.com/dl/android/maven2/org/jetbrains/kotlin/kotlin-daemon-client/1.9.24/kotlin-daemon-client-1.9.24.pom]
Downloading https://repo.maven.apache.org/maven2/org/jetbrains/kotlin/kotlin-daemon-client/1.9.24/kotlin-daemon-client-1.9.24.pom to /home/runner/.gradle/.tmp/gradle_download1066891084627225974bin
Downloading https://repo.maven.apache.org/maven2/org/jetbrains/kotlinx/kotlinx-coroutines-core-jvm/1.5.0/kotlinx-coroutines-core-jvm-1.5.0.pom to /home/runner/.gradle/.tmp/gradle_download4849139511884644344bin
Downloading https://repo.maven.apache.org/maven2/org/jetbrains/kotlinx/kotlinx-coroutines-core-jvm/1.5.0/kotlinx-coroutines-core-jvm-1.5.0.module to /home/runner/.gradle/.tmp/gradle_download5829105815532442684bin
Resource missing. [HTTP GET: https://dl.google.com/dl/android/maven2/org/jetbrains/kotlin/kotlin-scripting-common/1.9.24/kotlin-scripting-common-1.9.24.pom]
Resource missing. [HTTP GET: https://dl.google.com/dl/android/maven2/org/jetbrains/kotlin/kotlin-scripting-jvm/1.9.24/kotlin-scripting-jvm-1.9.24.pom]
Downloading https://repo.maven.apache.org/maven2/org/jetbrains/kotlin/kotlin-scripting-jvm/1.9.24/kotlin-scripting-jvm-1.9.24.pom to /home/runner/.gradle/.tmp/gradle_download10236346888327595196bin
Downloading https://repo.maven.apache.org/maven2/org/jetbrains/kotlin/kotlin-scripting-common/1.9.24/kotlin-scripting-common-1.9.24.pom to /home/runner/.gradle/.tmp/gradle_download14992040211015755974bin
Resource missing. [HTTP GET: https://dl.google.com/dl/android/maven2/org/checkerframework/checker-qual/3.33.0/checker-qual-3.33.0.pom]
Downloading https://repo.maven.apache.org/maven2/org/checkerframework/checker-qual/3.33.0/checker-qual-3.33.0.pom to /home/runner/.gradle/.tmp/gradle_download11711111610173393288bin
Downloading https://repo.maven.apache.org/maven2/org/checkerframework/checker-qual/3.33.0/checker-qual-3.33.0.module to /home/runner/.gradle/.tmp/gradle_download2251668591165230448bin
Resource missing. [HTTP GET: https://dl.google.com/dl/android/maven2/com/google/j2objc/j2objc-annotations/2.8/j2objc-annotations-2.8.pom]
Downloading https://repo.maven.apache.org/maven2/com/google/j2objc/j2objc-annotations/2.8/j2objc-annotations-2.8.pom to /home/runner/.gradle/.tmp/gradle_download12459496150403327746bin
Resource missing. [HTTP GET: https://dl.google.com/dl/android/maven2/com/google/guava/failureaccess/1.0.1/failureaccess-1.0.1.pom]
Resource missing. [HTTP GET: https://dl.google.com/dl/android/maven2/com/google/guava/listenablefuture/9999.0-empty-to-avoid-conflict-with-guava/listenablefuture-9999.0-empty-to-avoid-conflict-with-guava.pom]
Downloading https://repo.maven.apache.org/maven2/com/google/guava/listenablefuture/9999.0-empty-to-avoid-conflict-with-guava/listenablefuture-9999.0-empty-to-avoid-conflict-with-guava.pom to /home/runner/.gradle/.tmp/gradle_download5055913712040110462bin
Downloading https://repo.maven.apache.org/maven2/com/google/guava/failureaccess/1.0.1/failureaccess-1.0.1.pom to /home/runner/.gradle/.tmp/gradle_download14012033055585797089bin
Resource missing. [HTTP GET: https://dl.google.com/dl/android/maven2/com/google/guava/guava-parent/26.0-android/guava-parent-26.0-android.pom]
Downloading https://repo.maven.apache.org/maven2/com/google/guava/guava-parent/26.0-android/guava-parent-26.0-android.pom to /home/runner/.gradle/.tmp/gradle_download63578713092528056bin
Resource missing. [HTTP GET: https://dl.google.com/dl/android/maven2/commons-codec/commons-codec/1.11/commons-codec-1.11.pom]
Downloading https://repo.maven.apache.org/maven2/commons-codec/commons-codec/1.11/commons-codec-1.11.pom to /home/runner/.gradle/.tmp/gradle_download6018604292134630275bin
Resource missing. [HTTP GET: https://dl.google.com/dl/android/maven2/org/apache/commons/commons-parent/42/commons-parent-42.pom]
Downloading https://repo.maven.apache.org/maven2/org/apache/commons/commons-parent/42/commons-parent-42.pom to /home/runner/.gradle/.tmp/gradle_download11607838774723909398bin
Resource missing. [HTTP GET: https://dl.google.com/dl/android/maven2/commons-logging/commons-logging/1.2/commons-logging-1.2.pom]
Downloading https://repo.maven.apache.org/maven2/commons-logging/commons-logging/1.2/commons-logging-1.2.pom to /home/runner/.gradle/.tmp/gradle_download17502948167469992038bin
Resource missing. [HTTP GET: https://dl.google.com/dl/android/maven2/org/apache/commons/commons-parent/34/commons-parent-34.pom]
Downloading https://repo.maven.apache.org/maven2/org/apache/commons/commons-parent/34/commons-parent-34.pom to /home/runner/.gradle/.tmp/gradle_download795990683271689278bin
Resource missing. [HTTP GET: https://dl.google.com/dl/android/maven2/org/apache/apache/13/apache-13.pom]
Downloading https://repo.maven.apache.org/maven2/org/apache/apache/13/apache-13.pom to /home/runner/.gradle/.tmp/gradle_download8767908852843722766bin
Resource missing. [HTTP GET: https://dl.google.com/dl/android/maven2/net/java/dev/jna/jna/5.6.0/jna-5.6.0.pom]
Downloading https://repo.maven.apache.org/maven2/net/java/dev/jna/jna/5.6.0/jna-5.6.0.pom to /home/runner/.gradle/.tmp/gradle_download16706111338654921275bin
Resource missing. [HTTP GET: https://dl.google.com/dl/android/maven2/io/netty/netty-transport/4.1.93.Final/netty-transport-4.1.93.Final.pom]
Resource missing. [HTTP GET: https://dl.google.com/dl/android/maven2/io/netty/netty-common/4.1.93.Final/netty-common-4.1.93.Final.pom]
Resource missing. [HTTP GET: https://dl.google.com/dl/android/maven2/io/netty/netty-codec/4.1.93.Final/netty-codec-4.1.93.Final.pom]
Resource missing. [HTTP GET: https://dl.google.com/dl/android/maven2/io/netty/netty-buffer/4.1.93.Final/netty-buffer-4.1.93.Final.pom]
Downloading https://repo.maven.apache.org/maven2/io/netty/netty-codec/4.1.93.Final/netty-codec-4.1.93.Final.pom to /home/runner/.gradle/.tmp/gradle_download2064522937004359840bin
Downloading https://repo.maven.apache.org/maven2/io/netty/netty-common/4.1.93.Final/netty-common-4.1.93.Final.pom to /home/runner/.gradle/.tmp/gradle_download5591113978521067399bin
Downloading https://repo.maven.apache.org/maven2/io/netty/netty-transport/4.1.93.Final/netty-transport-4.1.93.Final.pom to /home/runner/.gradle/.tmp/gradle_download6532832625100985178bin
Downloading https://repo.maven.apache.org/maven2/io/netty/netty-buffer/4.1.93.Final/netty-buffer-4.1.93.Final.pom to /home/runner/.gradle/.tmp/gradle_download589913311651137341bin
Resource missing. [HTTP GET: https://dl.google.com/dl/android/maven2/io/netty/netty-codec-http/4.1.93.Final/netty-codec-http-4.1.93.Final.pom]
Resource missing. [HTTP GET: https://dl.google.com/dl/android/maven2/io/netty/netty-handler/4.1.93.Final/netty-handler-4.1.93.Final.pom]
Downloading https://repo.maven.apache.org/maven2/io/netty/netty-handler/4.1.93.Final/netty-handler-4.1.93.Final.pom to /home/runner/.gradle/.tmp/gradle_download7138274288891812255bin
Downloading https://repo.maven.apache.org/maven2/io/netty/netty-codec-http/4.1.93.Final/netty-codec-http-4.1.93.Final.pom to /home/runner/.gradle/.tmp/gradle_download3578627029581483430bin
Resource missing. [HTTP GET: https://dl.google.com/dl/android/maven2/io/netty/netty-codec-socks/4.1.93.Final/netty-codec-socks-4.1.93.Final.pom]
Downloading https://repo.maven.apache.org/maven2/io/netty/netty-codec-socks/4.1.93.Final/netty-codec-socks-4.1.93.Final.pom to /home/runner/.gradle/.tmp/gradle_download15356182648119672652bin
Resource missing. [HTTP GET: https://dl.google.com/dl/android/maven2/io/netty/netty-resolver/4.1.93.Final/netty-resolver-4.1.93.Final.pom]
Downloading https://repo.maven.apache.org/maven2/io/netty/netty-resolver/4.1.93.Final/netty-resolver-4.1.93.Final.pom to /home/runner/.gradle/.tmp/gradle_download6751830536075490939bin
Downloading https://dl.google.com/dl/android/maven2/com/android/tools/build/gradle-settings-api/8.5.2/gradle-settings-api-8.5.2.jar to /home/runner/.gradle/.tmp/gradle_download14891577361153103587bin
Downloading https://dl.google.com/dl/android/maven2/com/android/tools/lint/lint-model/31.5.2/lint-model-31.5.2.jar to /home/runner/.gradle/.tmp/gradle_download5220095940780887586bin
Downloading https://dl.google.com/dl/android/maven2/com/android/tools/build/builder/8.5.2/builder-8.5.2.jar to /home/runner/.gradle/.tmp/gradle_download3945219732376089689bin
Downloading https://dl.google.com/dl/android/maven2/com/android/tools/build/manifest-merger/31.5.2/manifest-merger-31.5.2.jar to /home/runner/.gradle/.tmp/gradle_download11244930018699293997bin
Downloading https://dl.google.com/dl/android/maven2/com/android/tools/build/gradle/8.5.2/gradle-8.5.2.jar to /home/runner/.gradle/.tmp/gradle_download10928367447542449714bin
Downloading https://dl.google.com/dl/android/maven2/com/android/tools/sdklib/31.5.2/sdklib-31.5.2.jar to /home/runner/.gradle/.tmp/gradle_download16190785927914788573bin
Downloading https://dl.google.com/dl/android/maven2/com/android/tools/sdk-common/31.5.2/sdk-common-31.5.2.jar to /home/runner/.gradle/.tmp/gradle_download14514557151177649164bin
Downloading https://dl.google.com/dl/android/maven2/com/android/tools/repository/31.5.2/repository-31.5.2.jar to /home/runner/.gradle/.tmp/gradle_download11874531683761697640bin
Downloading https://dl.google.com/dl/android/maven2/com/android/tools/build/aaptcompiler/8.5.2/aaptcompiler-8.5.2.jar to /home/runner/.gradle/.tmp/gradle_download2388701541057608111bin
Downloading https://dl.google.com/dl/android/maven2/com/android/tools/analytics-library/tracker/31.5.2/tracker-31.5.2.jar to /home/runner/.gradle/.tmp/gradle_download1011702872952860157bin
Downloading https://dl.google.com/dl/android/maven2/androidx/databinding/databinding-compiler-common/8.5.2/databinding-compiler-common-8.5.2.jar to /home/runner/.gradle/.tmp/gradle_download17844857602164360067bin
Downloading https://dl.google.com/dl/android/maven2/com/android/tools/analytics-library/shared/31.5.2/shared-31.5.2.jar to /home/runner/.gradle/.tmp/gradle_download6585102271773773150bin
Downloading https://dl.google.com/dl/android/maven2/com/android/tools/utp/android-test-plugin-host-emulator-control-proto/31.5.2/android-test-plugin-host-emulator-control-proto-31.5.2.jar to /home/runner/.gradle/.tmp/gradle_download4150295665239829564bin
Downloading https://dl.google.com/dl/android/maven2/com/android/tools/utp/android-test-plugin-host-retention-proto/31.5.2/android-test-plugin-host-retention-proto-31.5.2.jar to /home/runner/.gradle/.tmp/gradle_download17394013209357472808bin
Downloading https://dl.google.com/dl/android/maven2/com/android/tools/build/gradle-api/8.5.2/gradle-api-8.5.2.jar to /home/runner/.gradle/.tmp/gradle_download18201830759072325888bin
Downloading https://dl.google.com/dl/android/maven2/com/android/tools/build/builder-model/8.5.2/builder-model-8.5.2.jar to /home/runner/.gradle/.tmp/gradle_download7744746865286130277bin
Downloading https://repo.maven.apache.org/maven2/com/google/devtools/ksp/symbol-processing-gradle-plugin/1.9.24-1.0.20/symbol-processing-gradle-plugin-1.9.24-1.0.20.jar to /home/runner/.gradle/.tmp/gradle_download18109146980019088034bin
Downloading https://repo.maven.apache.org/maven2/com/google/devtools/ksp/symbol-processing-api/1.9.24-1.0.20/symbol-processing-api-1.9.24-1.0.20.jar to /home/runner/.gradle/.tmp/gradle_download2744029426270793249bin
Downloading https://dl.google.com/dl/android/maven2/com/android/tools/build/builder-test-api/8.5.2/builder-test-api-8.5.2.jar to /home/runner/.gradle/.tmp/gradle_download7864635087056953901bin
Downloading https://repo.maven.apache.org/maven2/com/google/devtools/ksp/symbol-processing-common-deps/1.9.24-1.0.20/symbol-processing-common-deps-1.9.24-1.0.20.jar to /home/runner/.gradle/.tmp/gradle_download7369782056025456110bin
Downloading https://dl.google.com/dl/android/maven2/com/android/tools/ddms/ddmlib/31.5.2/ddmlib-31.5.2.jar to /home/runner/.gradle/.tmp/gradle_download16770007818546550891bin
Downloading https://dl.google.com/dl/android/maven2/com/android/tools/layoutlib/layoutlib-api/31.5.2/layoutlib-api-31.5.2.jar to /home/runner/.gradle/.tmp/gradle_download15083515290141245815bin
Downloading https://dl.google.com/dl/android/maven2/com/android/tools/dvlib/31.5.2/dvlib-31.5.2.jar to /home/runner/.gradle/.tmp/gradle_download11729028523311413706bin
Downloading https://dl.google.com/dl/android/maven2/com/android/tools/common/31.5.2/common-31.5.2.jar to /home/runner/.gradle/.tmp/gradle_download2429546938749555461bin
Downloading https://repo.maven.apache.org/maven2/org/jetbrains/kotlin/kotlin-stdlib-jdk8/1.9.20/kotlin-stdlib-jdk8-1.9.20.jar to /home/runner/.gradle/.tmp/gradle_download4822095786260282584bin
Downloading https://dl.google.com/dl/android/maven2/com/android/tools/build/jetifier/jetifier-core/1.0.0-beta10/jetifier-core-1.0.0-beta10.jar to /home/runner/.gradle/.tmp/gradle_download15826747559826377833bin
Downloading https://dl.google.com/dl/android/maven2/com/android/tools/build/jetifier/jetifier-processor/1.0.0-beta10/jetifier-processor-1.0.0-beta10.jar to /home/runner/.gradle/.tmp/gradle_download18193153498218845578bin
Downloading https://repo.maven.apache.org/maven2/org/jetbrains/kotlin/kotlin-reflect/1.9.22/kotlin-reflect-1.9.22.jar to /home/runner/.gradle/.tmp/gradle_download1304914594866761242bin
Downloading https://repo.maven.apache.org/maven2/org/jetbrains/annotations/13.0/annotations-13.0.jar to /home/runner/.gradle/.tmp/gradle_download4441121606538461723bin
Downloading https://repo.maven.apache.org/maven2/org/jetbrains/kotlin/kotlin-stdlib/1.9.22/kotlin-stdlib-1.9.22.jar to /home/runner/.gradle/.tmp/gradle_download14323574215054579198bin
Downloading https://repo.maven.apache.org/maven2/org/jetbrains/kotlin/kotlin-stdlib-jdk7/1.9.20/kotlin-stdlib-jdk7-1.9.20.jar to /home/runner/.gradle/.tmp/gradle_download10256348066971558335bin
Downloading https://repo.maven.apache.org/maven2/org/jetbrains/kotlin/kotlin-gradle-plugin-model/1.9.24/kotlin-gradle-plugin-model-1.9.24.jar to /home/runner/.gradle/.tmp/gradle_download2280801753543453467bin
Downloading https://repo.maven.apache.org/maven2/org/jetbrains/kotlin/kotlin-gradle-plugin-api/1.9.24/kotlin-gradle-plugin-api-1.9.24.jar to /home/runner/.gradle/.tmp/gradle_download616332076678989645bin
Downloading https://repo.maven.apache.org/maven2/org/jetbrains/kotlin/kotlin-gradle-plugin/1.9.24/kotlin-gradle-plugin-1.9.24-gradle82.jar to /home/runner/.gradle/.tmp/gradle_download9459832256299765923bin
Downloading https://dl.google.com/dl/android/maven2/com/android/tools/build/aapt2-proto/8.5.2-11315950/aapt2-proto-8.5.2-11315950.jar to /home/runner/.gradle/.tmp/gradle_download10610357490137833486bin
Downloading https://dl.google.com/dl/android/maven2/com/android/tools/build/bundletool/1.16.0/bundletool-1.16.0.jar to /home/runner/.gradle/.tmp/gradle_download8994044218127147934bin
Downloading https://dl.google.com/dl/android/maven2/com/android/tools/analytics-library/crash/31.5.2/crash-31.5.2.jar to /home/runner/.gradle/.tmp/gradle_download3425260254423479911bin
Downloading https://dl.google.com/dl/android/maven2/com/android/tools/lint/lint-typedef-remover/31.5.2/lint-typedef-remover-31.5.2.jar to /home/runner/.gradle/.tmp/gradle_download1746068674604569281bin
Downloading https://dl.google.com/dl/android/maven2/androidx/databinding/databinding-common/8.5.2/databinding-common-8.5.2.jar to /home/runner/.gradle/.tmp/gradle_download7374877147566637443bin
Downloading https://dl.google.com/dl/android/maven2/com/android/databinding/baseLibrary/8.5.2/baseLibrary-8.5.2.jar to /home/runner/.gradle/.tmp/gradle_download18247551488748165079bin
Downloading https://dl.google.com/dl/android/maven2/com/android/tools/utp/android-device-provider-ddmlib-proto/31.5.2/android-device-provider-ddmlib-proto-31.5.2.jar to /home/runner/.gradle/.tmp/gradle_download8456822833562180893bin
Downloading https://dl.google.com/dl/android/maven2/com/android/tools/utp/android-device-provider-gradle-proto/31.5.2/android-device-provider-gradle-proto-31.5.2.jar to /home/runner/.gradle/.tmp/gradle_download13233133221682370872bin
Downloading https://dl.google.com/dl/android/maven2/com/android/tools/utp/android-test-plugin-host-additional-test-output-proto/31.5.2/android-test-plugin-host-additional-test-output-proto-31.5.2.jar to /home/runner/.gradle/.tmp/gradle_download17612585766682973428bin
Downloading https://dl.google.com/dl/android/maven2/com/android/tools/utp/android-test-plugin-host-coverage-proto/31.5.2/android-test-plugin-host-coverage-proto-31.5.2.jar to /home/runner/.gradle/.tmp/gradle_download5037773229211520209bin
Downloading https://dl.google.com/dl/android/maven2/com/android/tools/utp/android-test-plugin-host-logcat-proto/31.5.2/android-test-plugin-host-logcat-proto-31.5.2.jar to /home/runner/.gradle/.tmp/gradle_download17947374765742083007bin
Downloading https://dl.google.com/dl/android/maven2/com/android/tools/build/transform-api/2.0.0-deprecated-use-gradle-api/transform-api-2.0.0-deprecated-use-gradle-api.jar to /home/runner/.gradle/.tmp/gradle_download13132135369713300514bin
Downloading https://dl.google.com/dl/android/maven2/com/android/tools/utp/android-test-plugin-result-listener-gradle-proto/31.5.2/android-test-plugin-result-listener-gradle-proto-31.5.2.jar to /home/runner/.gradle/.tmp/gradle_download5270216579593485361bin
Downloading https://repo.maven.apache.org/maven2/org/apache/httpcomponents/httpmime/4.5.6/httpmime-4.5.6.jar to /home/runner/.gradle/.tmp/gradle_download8625056650172269075bin
Downloading https://repo.maven.apache.org/maven2/commons-io/commons-io/2.13.0/commons-io-2.13.0.jar to /home/runner/.gradle/.tmp/gradle_download13632615252013534872bin
Downloading https://dl.google.com/dl/android/maven2/com/android/tools/utp/android-test-plugin-host-apk-installer-proto/31.5.2/android-test-plugin-host-apk-installer-proto-31.5.2.jar to /home/runner/.gradle/.tmp/gradle_download9847488561435791279bin
Downloading https://repo.maven.apache.org/maven2/org/ow2/asm/asm-commons/9.6/asm-commons-9.6.jar to /home/runner/.gradle/.tmp/gradle_download7217768071938677847bin
Downloading https://repo.maven.apache.org/maven2/org/ow2/asm/asm-analysis/9.6/asm-analysis-9.6.jar to /home/runner/.gradle/.tmp/gradle_download16050419131149895786bin
Downloading https://repo.maven.apache.org/maven2/org/ow2/asm/asm-util/9.6/asm-util-9.6.jar to /home/runner/.gradle/.tmp/gradle_download16025439797575911648bin
Downloading https://repo.maven.apache.org/maven2/org/ow2/asm/asm-tree/9.6/asm-tree-9.6.jar to /home/runner/.gradle/.tmp/gradle_download67297287870508157bin
Downloading https://repo.maven.apache.org/maven2/org/ow2/asm/asm/9.6/asm-9.6.jar to /home/runner/.gradle/.tmp/gradle_download277382041701268061bin
Downloading https://repo.maven.apache.org/maven2/org/bouncycastle/bcpkix-jdk18on/1.77/bcpkix-jdk18on-1.77.jar to /home/runner/.gradle/.tmp/gradle_download12729327441442725653bin
Downloading https://dl.google.com/dl/android/maven2/com/android/tools/build/apkzlib/8.5.2/apkzlib-8.5.2.jar to /home/runner/.gradle/.tmp/gradle_download8665161206342382374bin
Downloading https://repo.maven.apache.org/maven2/org/glassfish/jaxb/jaxb-runtime/2.3.2/jaxb-runtime-2.3.2.jar to /home/runner/.gradle/.tmp/gradle_download10964110278756010533bin
Downloading https://repo.maven.apache.org/maven2/net/sf/jopt-simple/jopt-simple/4.9/jopt-simple-4.9.jar to /home/runner/.gradle/.tmp/gradle_download15418866150043383775bin
Downloading https://repo.maven.apache.org/maven2/com/google/crypto/tink/tink/1.7.0/tink-1.7.0.jar to /home/runner/.gradle/.tmp/gradle_download1334535266238824204bin
Downloading https://repo.maven.apache.org/maven2/com/google/protobuf/protobuf-java-util/3.22.3/protobuf-java-util-3.22.3.jar to /home/runner/.gradle/.tmp/gradle_download15571867502519752831bin
Downloading https://repo.maven.apache.org/maven2/com/squareup/javapoet/1.10.0/javapoet-1.10.0.jar to /home/runner/.gradle/.tmp/gradle_download1148245038499987315bin
Downloading https://repo.maven.apache.org/maven2/io/grpc/grpc-protobuf/1.57.0/grpc-protobuf-1.57.0.jar to /home/runner/.gradle/.tmp/gradle_download4495045409369964297bin
Downloading https://dl.google.com/dl/android/maven2/com/android/tools/analytics-library/protos/31.5.2/protos-31.5.2.jar to /home/runner/.gradle/.tmp/gradle_download13780677306235142037bin
Downloading https://repo.maven.apache.org/maven2/com/google/protobuf/protobuf-java/3.22.3/protobuf-java-3.22.3.jar to /home/runner/.gradle/.tmp/gradle_download2956868043080099281bin
Downloading https://repo.maven.apache.org/maven2/com/google/api/grpc/proto-google-common-protos/2.17.0/proto-google-common-protos-2.17.0.jar to /home/runner/.gradle/.tmp/gradle_download2259954908792129963bin
Downloading https://repo.maven.apache.org/maven2/com/google/code/gson/gson/2.10.1/gson-2.10.1.jar to /home/runner/.gradle/.tmp/gradle_download18320109828181779900bin
Downloading https://repo.maven.apache.org/maven2/io/grpc/grpc-netty/1.57.0/grpc-netty-1.57.0.jar to /home/runner/.gradle/.tmp/gradle_download16026701678619049010bin
Downloading https://repo.maven.apache.org/maven2/io/grpc/grpc-core/1.57.0/grpc-core-1.57.0.jar to /home/runner/.gradle/.tmp/gradle_download10505630834279156316bin
Downloading https://repo.maven.apache.org/maven2/io/grpc/grpc-stub/1.57.0/grpc-stub-1.57.0.jar to /home/runner/.gradle/.tmp/gradle_download1295439810037890475bin
Downloading https://dl.google.com/dl/android/maven2/com/google/testing/platform/core-proto/0.0.9-alpha02/core-proto-0.0.9-alpha02.jar to /home/runner/.gradle/.tmp/gradle_download8629212942414784120bin
Downloading https://repo.maven.apache.org/maven2/net/sf/kxml/kxml2/2.3.0/kxml2-2.3.0.jar to /home/runner/.gradle/.tmp/gradle_download8606472824901427363bin
Downloading https://repo.maven.apache.org/maven2/org/tensorflow/tensorflow-lite-metadata/0.1.0-rc2/tensorflow-lite-metadata-0.1.0-rc2.jar to /home/runner/.gradle/.tmp/gradle_download3197443766396004428bin
Downloading https://repo.maven.apache.org/maven2/com/google/flatbuffers/flatbuffers-java/1.12.0/flatbuffers-java-1.12.0.jar to /home/runner/.gradle/.tmp/gradle_download6167852345481724531bin
Downloading https://repo.maven.apache.org/maven2/org/jetbrains/kotlin/kotlin-gradle-plugin-idea/1.9.24/kotlin-gradle-plugin-idea-1.9.24.jar to /home/runner/.gradle/.tmp/gradle_download4742105563667140483bin
Downloading https://repo.maven.apache.org/maven2/org/jetbrains/kotlin/kotlin-gradle-plugin-idea-proto/1.9.24/kotlin-gradle-plugin-idea-proto-1.9.24.jar to /home/runner/.gradle/.tmp/gradle_download4920377279663724381bin
Downloading https://repo.maven.apache.org/maven2/org/jetbrains/kotlin/kotlin-klib-commonizer-api/1.9.24/kotlin-klib-commonizer-api-1.9.24.jar to /home/runner/.gradle/.tmp/gradle_download11374627853756167658bin
Downloading https://repo.maven.apache.org/maven2/org/jetbrains/kotlin/kotlin-native-utils/1.9.24/kotlin-native-utils-1.9.24.jar to /home/runner/.gradle/.tmp/gradle_download643851802535496352bin
Downloading https://repo.maven.apache.org/maven2/org/jetbrains/kotlin/kotlin-build-tools-api/1.9.24/kotlin-build-tools-api-1.9.24.jar to /home/runner/.gradle/.tmp/gradle_download8142405585470438604bin
Downloading https://repo.maven.apache.org/maven2/org/jetbrains/kotlin/kotlin-util-klib/1.9.24/kotlin-util-klib-1.9.24.jar to /home/runner/.gradle/.tmp/gradle_download3504843605865901043bin
Downloading https://repo.maven.apache.org/maven2/org/jetbrains/kotlin/kotlin-compiler-runner/1.9.24/kotlin-compiler-runner-1.9.24.jar to /home/runner/.gradle/.tmp/gradle_download7650735937632301279bin
Downloading https://repo.maven.apache.org/maven2/org/jetbrains/kotlin/kotlin-android-extensions/1.9.24/kotlin-android-extensions-1.9.24.jar to /home/runner/.gradle/.tmp/gradle_download2677587082729666396bin
Downloading https://repo.maven.apache.org/maven2/org/jetbrains/kotlin/kotlin-compiler-embeddable/1.9.24/kotlin-compiler-embeddable-1.9.24.jar to /home/runner/.gradle/.tmp/gradle_download17774799265054225444bin
Downloading https://repo.maven.apache.org/maven2/org/jetbrains/kotlin/kotlin-scripting-compiler-embeddable/1.9.24/kotlin-scripting-compiler-embeddable-1.9.24.jar to /home/runner/.gradle/.tmp/gradle_download2787033608621596911bin
Downloading https://repo.maven.apache.org/maven2/com/google/jimfs/jimfs/1.1/jimfs-1.1.jar to /home/runner/.gradle/.tmp/gradle_download13305020464786536717bin
Downloading https://repo.maven.apache.org/maven2/org/jetbrains/kotlin/kotlin-scripting-compiler-impl-embeddable/1.9.24/kotlin-scripting-compiler-impl-embeddable-1.9.24.jar to /home/runner/.gradle/.tmp/gradle_download18391481821583738482bin
Downloading https://repo.maven.apache.org/maven2/io/grpc/grpc-protobuf-lite/1.57.0/grpc-protobuf-lite-1.57.0.jar to /home/runner/.gradle/.tmp/gradle_download3721222577191659381bin
Downloading https://repo.maven.apache.org/maven2/io/grpc/grpc-context/1.57.0/grpc-context-1.57.0.jar to /home/runner/.gradle/.tmp/gradle_download595794544999426205bin
Downloading https://repo.maven.apache.org/maven2/io/grpc/grpc-api/1.57.0/grpc-api-1.57.0.jar to /home/runner/.gradle/.tmp/gradle_download7378815567850222239bin
Downloading https://repo.maven.apache.org/maven2/com/google/guava/guava/32.0.1-jre/guava-32.0.1-jre.jar to /home/runner/.gradle/.tmp/gradle_download7165457427615871085bin
Downloading https://repo.maven.apache.org/maven2/com/google/dagger/dagger/2.28.3/dagger-2.28.3.jar to /home/runner/.gradle/.tmp/gradle_download1358088499631927922bin
Downloading https://repo.maven.apache.org/maven2/org/bouncycastle/bcutil-jdk18on/1.77/bcutil-jdk18on-1.77.jar to /home/runner/.gradle/.tmp/gradle_download8962496959967126045bin
Downloading https://repo.maven.apache.org/maven2/javax/inject/javax.inject/1/javax.inject-1.jar to /home/runner/.gradle/.tmp/gradle_download11289197029709043518bin
Downloading https://repo.maven.apache.org/maven2/org/bouncycastle/bcprov-jdk18on/1.77/bcprov-jdk18on-1.77.jar to /home/runner/.gradle/.tmp/gradle_download1923160279809460794bin
Downloading https://repo.maven.apache.org/maven2/org/apache/commons/commons-compress/1.21/commons-compress-1.21.jar to /home/runner/.gradle/.tmp/gradle_download9804619654565384733bin
Downloading https://repo.maven.apache.org/maven2/org/jetbrains/intellij/deps/trove4j/1.0.20200330/trove4j-1.0.20200330.jar to /home/runner/.gradle/.tmp/gradle_download1538957539340211089bin
Downloading https://repo.maven.apache.org/maven2/org/apache/httpcomponents/httpclient/4.5.14/httpclient-4.5.14.jar to /home/runner/.gradle/.tmp/gradle_download4477900378812942951bin
Downloading https://repo.maven.apache.org/maven2/org/apache/httpcomponents/httpcore/4.4.16/httpcore-4.4.16.jar to /home/runner/.gradle/.tmp/gradle_download2938007395352940329bin
Downloading https://dl.google.com/dl/android/maven2/com/android/signflinger/8.5.2/signflinger-8.5.2.jar to /home/runner/.gradle/.tmp/gradle_download2997565582584391491bin
Downloading https://dl.google.com/dl/android/maven2/com/android/zipflinger/8.5.2/zipflinger-8.5.2.jar to /home/runner/.gradle/.tmp/gradle_download4815855555688052287bin
Downloading https://repo.maven.apache.org/maven2/com/sun/activation/javax.activation/1.2.0/javax.activation-1.2.0.jar to /home/runner/.gradle/.tmp/gradle_download8303192898067582447bin
Downloading https://dl.google.com/dl/android/maven2/com/android/tools/annotations/31.5.2/annotations-31.5.2.jar to /home/runner/.gradle/.tmp/gradle_download16178284100247283030bin
Downloading https://repo.maven.apache.org/maven2/net/java/dev/jna/jna-platform/5.6.0/jna-platform-5.6.0.jar to /home/runner/.gradle/.tmp/gradle_download7876725053747524117bin
Downloading https://repo.maven.apache.org/maven2/com/googlecode/juniversalchardet/juniversalchardet/1.0.3/juniversalchardet-1.0.3.jar to /home/runner/.gradle/.tmp/gradle_download6408965648397354850bin
Downloading https://repo.maven.apache.org/maven2/javax/annotation/javax.annotation-api/1.3.2/javax.annotation-api-1.3.2.jar to /home/runner/.gradle/.tmp/gradle_download16162630250815463908bin
Downloading https://repo.maven.apache.org/maven2/org/glassfish/jaxb/txw2/2.3.2/txw2-2.3.2.jar to /home/runner/.gradle/.tmp/gradle_download6716932857395675328bin
Downloading https://repo.maven.apache.org/maven2/jakarta/xml/bind/jakarta.xml.bind-api/2.3.2/jakarta.xml.bind-api-2.3.2.jar to /home/runner/.gradle/.tmp/gradle_download4846006021333423171bin
Downloading https://repo.maven.apache.org/maven2/org/jvnet/staxex/stax-ex/1.8.1/stax-ex-1.8.1.jar to /home/runner/.gradle/.tmp/gradle_download3393710311732799563bin
Downloading https://repo.maven.apache.org/maven2/com/sun/istack/istack-commons-runtime/3.0.8/istack-commons-runtime-3.0.8.jar to /home/runner/.gradle/.tmp/gradle_download17680322975668927387bin
Downloading https://repo.maven.apache.org/maven2/jakarta/activation/jakarta.activation-api/1.2.1/jakarta.activation-api-1.2.1.jar to /home/runner/.gradle/.tmp/gradle_download13127244476413827251bin
Downloading https://repo.maven.apache.org/maven2/com/sun/xml/fastinfoset/FastInfoset/1.2.16/FastInfoset-1.2.16.jar to /home/runner/.gradle/.tmp/gradle_download1889664330944173214bin
Downloading https://repo.maven.apache.org/maven2/com/google/auto/value/auto-value-annotations/1.6.2/auto-value-annotations-1.6.2.jar to /home/runner/.gradle/.tmp/gradle_download10243419333966495565bin
Downloading https://repo.maven.apache.org/maven2/com/google/errorprone/error_prone_annotations/2.18.0/error_prone_annotations-2.18.0.jar to /home/runner/.gradle/.tmp/gradle_download13026065308530935299bin
Downloading https://repo.maven.apache.org/maven2/org/slf4j/slf4j-api/1.7.30/slf4j-api-1.7.30.jar to /home/runner/.gradle/.tmp/gradle_download16412385431810315196bin
Downloading https://repo.maven.apache.org/maven2/org/bitbucket/b_c/jose4j/0.9.5/jose4j-0.9.5.jar to /home/runner/.gradle/.tmp/gradle_download4667909830225034190bin
Downloading https://repo.maven.apache.org/maven2/org/jdom/jdom2/2.0.6/jdom2-2.0.6.jar to /home/runner/.gradle/.tmp/gradle_download8941504157113377485bin
Downloading https://repo.maven.apache.org/maven2/com/google/j2objc/j2objc-annotations/2.8/j2objc-annotations-2.8.jar to /home/runner/.gradle/.tmp/gradle_download37355982978949915bin
Downloading https://repo.maven.apache.org/maven2/com/google/android/annotations/4.1.1.4/annotations-4.1.1.4.jar to /home/runner/.gradle/.tmp/gradle_download6756276566131659918bin
Downloading https://repo.maven.apache.org/maven2/com/google/code/findbugs/jsr305/3.0.2/jsr305-3.0.2.jar to /home/runner/.gradle/.tmp/gradle_download11738410261232153180bin
Downloading https://repo.maven.apache.org/maven2/org/codehaus/mojo/animal-sniffer-annotations/1.23/animal-sniffer-annotations-1.23.jar to /home/runner/.gradle/.tmp/gradle_download11689667239230746604bin
Downloading https://repo.maven.apache.org/maven2/io/netty/netty-handler-proxy/4.1.93.Final/netty-handler-proxy-4.1.93.Final.jar to /home/runner/.gradle/.tmp/gradle_download8934762084215045861bin
Downloading https://repo.maven.apache.org/maven2/io/perfmark/perfmark-api/0.26.0/perfmark-api-0.26.0.jar to /home/runner/.gradle/.tmp/gradle_download6570632509904580063bin
Downloading https://repo.maven.apache.org/maven2/io/netty/netty-codec-http2/4.1.93.Final/netty-codec-http2-4.1.93.Final.jar to /home/runner/.gradle/.tmp/gradle_download3476257507663518295bin
Downloading https://repo.maven.apache.org/maven2/io/netty/netty-codec-http/4.1.93.Final/netty-codec-http-4.1.93.Final.jar to /home/runner/.gradle/.tmp/gradle_download9075904229676932593bin
Downloading https://repo.maven.apache.org/maven2/io/netty/netty-handler/4.1.93.Final/netty-handler-4.1.93.Final.jar to /home/runner/.gradle/.tmp/gradle_download18008881049793399212bin
Downloading https://repo.maven.apache.org/maven2/org/checkerframework/checker-qual/3.33.0/checker-qual-3.33.0.jar to /home/runner/.gradle/.tmp/gradle_download11252038530708218848bin
Downloading https://repo.maven.apache.org/maven2/io/netty/netty-transport-native-unix-common/4.1.93.Final/netty-transport-native-unix-common-4.1.93.Final.jar to /home/runner/.gradle/.tmp/gradle_download970952204995722734bin
Downloading https://repo.maven.apache.org/maven2/commons-codec/commons-codec/1.11/commons-codec-1.11.jar to /home/runner/.gradle/.tmp/gradle_download7738326579475991874bin
Downloading https://dl.google.com/dl/android/maven2/com/android/tools/build/apksig/8.5.2/apksig-8.5.2.jar to /home/runner/.gradle/.tmp/gradle_download7586667738539055351bin
Downloading https://repo.maven.apache.org/maven2/org/jetbrains/kotlin/kotlin-gradle-plugin-annotations/1.9.24/kotlin-gradle-plugin-annotations-1.9.24.jar to /home/runner/.gradle/.tmp/gradle_download7424139867241213982bin
Downloading https://repo.maven.apache.org/maven2/com/squareup/javawriter/2.5.0/javawriter-2.5.0.jar to /home/runner/.gradle/.tmp/gradle_download17363285193261768142bin
Downloading https://repo.maven.apache.org/maven2/org/jetbrains/kotlin/kotlin-project-model/1.9.24/kotlin-project-model-1.9.24.jar to /home/runner/.gradle/.tmp/gradle_download3944800122696251302bin
Downloading https://repo.maven.apache.org/maven2/org/jetbrains/kotlin/kotlin-tooling-core/1.9.24/kotlin-tooling-core-1.9.24.jar to /home/runner/.gradle/.tmp/gradle_download14372874180769320127bin
Downloading https://repo.maven.apache.org/maven2/org/jetbrains/kotlin/kotlin-util-io/1.9.24/kotlin-util-io-1.9.24.jar to /home/runner/.gradle/.tmp/gradle_download6198730523481693052bin
Downloading https://repo.maven.apache.org/maven2/org/jetbrains/kotlin/kotlin-daemon-embeddable/1.9.24/kotlin-daemon-embeddable-1.9.24.jar to /home/runner/.gradle/.tmp/gradle_download15288420285855972067bin
Downloading https://repo.maven.apache.org/maven2/org/jetbrains/kotlin/kotlin-daemon-client/1.9.24/kotlin-daemon-client-1.9.24.jar to /home/runner/.gradle/.tmp/gradle_download8477700591936632346bin
Downloading https://repo.maven.apache.org/maven2/org/jetbrains/kotlinx/kotlinx-coroutines-core-jvm/1.5.0/kotlinx-coroutines-core-jvm-1.5.0.jar to /home/runner/.gradle/.tmp/gradle_download16822824278933350725bin
Downloading https://repo.maven.apache.org/maven2/org/jetbrains/kotlin/kotlin-scripting-jvm/1.9.24/kotlin-scripting-jvm-1.9.24.jar to /home/runner/.gradle/.tmp/gradle_download16190879865277022302bin
Downloading https://repo.maven.apache.org/maven2/org/jetbrains/kotlin/kotlin-scripting-common/1.9.24/kotlin-scripting-common-1.9.24.jar to /home/runner/.gradle/.tmp/gradle_download14298126760958812194bin
Downloading https://repo.maven.apache.org/maven2/com/google/guava/failureaccess/1.0.1/failureaccess-1.0.1.jar to /home/runner/.gradle/.tmp/gradle_download15138591746356584604bin
Downloading https://repo.maven.apache.org/maven2/net/java/dev/jna/jna/5.6.0/jna-5.6.0.jar to /home/runner/.gradle/.tmp/gradle_download17472808923636821808bin
Downloading https://repo.maven.apache.org/maven2/com/google/guava/listenablefuture/9999.0-empty-to-avoid-conflict-with-guava/listenablefuture-9999.0-empty-to-avoid-conflict-with-guava.jar to /home/runner/.gradle/.tmp/gradle_download519810821173248595bin
Downloading https://repo.maven.apache.org/maven2/commons-logging/commons-logging/1.2/commons-logging-1.2.jar to /home/runner/.gradle/.tmp/gradle_download1403367792198301037bin
Downloading https://repo.maven.apache.org/maven2/io/netty/netty-codec-socks/4.1.93.Final/netty-codec-socks-4.1.93.Final.jar to /home/runner/.gradle/.tmp/gradle_download8295611607973786971bin
Downloading https://repo.maven.apache.org/maven2/io/netty/netty-codec/4.1.93.Final/netty-codec-4.1.93.Final.jar to /home/runner/.gradle/.tmp/gradle_download14506583299693290006bin
Downloading https://repo.maven.apache.org/maven2/io/netty/netty-transport/4.1.93.Final/netty-transport-4.1.93.Final.jar to /home/runner/.gradle/.tmp/gradle_download7675297123337857406bin
Downloading https://repo.maven.apache.org/maven2/io/netty/netty-buffer/4.1.93.Final/netty-buffer-4.1.93.Final.jar to /home/runner/.gradle/.tmp/gradle_download681071503812213010bin
Downloading https://repo.maven.apache.org/maven2/io/netty/netty-common/4.1.93.Final/netty-common-4.1.93.Final.jar to /home/runner/.gradle/.tmp/gradle_download16093977039109832462bin
Downloading https://repo.maven.apache.org/maven2/io/netty/netty-resolver/4.1.93.Final/netty-resolver-4.1.93.Final.jar to /home/runner/.gradle/.tmp/gradle_download13680429066106858069bin
Transforming gradle-8.5.2.jar (com.android.tools.build:gradle:8.5.2) with ExternalDependencyInstrumentingArtifactTransform
Transforming gradle-settings-api-8.5.2.jar (com.android.tools.build:gradle-settings-api:8.5.2) with ExternalDependencyInstrumentingArtifactTransform
Transforming lint-model-31.5.2.jar (com.android.tools.lint:lint-model:31.5.2) with ExternalDependencyInstrumentingArtifactTransform
Transforming builder-8.5.2.jar (com.android.tools.build:builder:8.5.2) with ExternalDependencyInstrumentingArtifactTransform
Caching disabled for ExternalDependencyInstrumentingArtifactTransform: /home/runner/.gradle/caches/modules-2/files-2.1/com.android.tools.build/gradle/8.5.2/4b23047cf1c913fe92387e56d1ddd9e0482f7508/gradle-8.5.2.jar because:
  Build cache is disabled
  Caching not enabled.
Caching disabled for ExternalDependencyInstrumentingArtifactTransform: /home/runner/.gradle/caches/modules-2/files-2.1/com.android.tools.lint/lint-model/31.5.2/9e5a5fdecfe4f1a457e00009441232089cce237f/lint-model-31.5.2.jar because:
  Build cache is disabled
  Caching not enabled.
Caching disabled for ExternalDependencyInstrumentingArtifactTransform: /home/runner/.gradle/caches/modules-2/files-2.1/com.android.tools.build/gradle-settings-api/8.5.2/b6d950bf8dbc9dc3151ba26ec552c7b20c5c6939/gradle-settings-api-8.5.2.jar because:
  Build cache is disabled
  Caching not enabled.
Transforming manifest-merger-31.5.2.jar (com.android.tools.build:manifest-merger:31.5.2) with ExternalDependencyInstrumentingArtifactTransform
Caching disabled for ExternalDependencyInstrumentingArtifactTransform: /home/runner/.gradle/caches/modules-2/files-2.1/com.android.tools.build/builder/8.5.2/e25f77efb95983b9e7f93575e86468a43e6d5784/builder-8.5.2.jar because:
  Build cache is disabled
  Caching not enabled.
Transforming sdk-common-31.5.2.jar (com.android.tools:sdk-common:31.5.2) with ExternalDependencyInstrumentingArtifactTransform
Transforming sdklib-31.5.2.jar (com.android.tools:sdklib:31.5.2) with ExternalDependencyInstrumentingArtifactTransform
Transforming repository-31.5.2.jar (com.android.tools:repository:31.5.2) with ExternalDependencyInstrumentingArtifactTransform
Transforming aaptcompiler-8.5.2.jar (com.android.tools.build:aaptcompiler:8.5.2) with ExternalDependencyInstrumentingArtifactTransform
Transforming tracker-31.5.2.jar (com.android.tools.analytics-library:tracker:31.5.2) with ExternalDependencyInstrumentingArtifactTransform
Transforming shared-31.5.2.jar (com.android.tools.analytics-library:shared:31.5.2) with ExternalDependencyInstrumentingArtifactTransform
Transforming databinding-compiler-common-8.5.2.jar (androidx.databinding:databinding-compiler-common:8.5.2) with ExternalDependencyInstrumentingArtifactTransform
Transforming android-test-plugin-host-emulator-control-proto-31.5.2.jar (com.android.tools.utp:android-test-plugin-host-emulator-control-proto:31.5.2) with ExternalDependencyInstrumentingArtifactTransform
Transforming android-test-plugin-host-retention-proto-31.5.2.jar (com.android.tools.utp:android-test-plugin-host-retention-proto:31.5.2) with ExternalDependencyInstrumentingArtifactTransform
Transforming builder-model-8.5.2.jar (com.android.tools.build:builder-model:8.5.2) with ExternalDependencyInstrumentingArtifactTransform
Transforming gradle-api-8.5.2.jar (com.android.tools.build:gradle-api:8.5.2) with ExternalDependencyInstrumentingArtifactTransform
Transforming symbol-processing-gradle-plugin-1.9.24-1.0.20.jar (com.google.devtools.ksp:symbol-processing-gradle-plugin:1.9.24-1.0.20) with ExternalDependencyInstrumentingArtifactTransform
Transforming symbol-processing-api-1.9.24-1.0.20.jar (com.google.devtools.ksp:symbol-processing-api:1.9.24-1.0.20) with ExternalDependencyInstrumentingArtifactTransform
Transforming symbol-processing-common-deps-1.9.24-1.0.20.jar (com.google.devtools.ksp:symbol-processing-common-deps:1.9.24-1.0.20) with ExternalDependencyInstrumentingArtifactTransform
Transforming builder-test-api-8.5.2.jar (com.android.tools.build:builder-test-api:8.5.2) with ExternalDependencyInstrumentingArtifactTransform
Transforming ddmlib-31.5.2.jar (com.android.tools.ddms:ddmlib:31.5.2) with ExternalDependencyInstrumentingArtifactTransform
Transforming layoutlib-api-31.5.2.jar (com.android.tools.layoutlib:layoutlib-api:31.5.2) with ExternalDependencyInstrumentingArtifactTransform
Transforming dvlib-31.5.2.jar (com.android.tools:dvlib:31.5.2) with ExternalDependencyInstrumentingArtifactTransform
Transforming common-31.5.2.jar (com.android.tools:common:31.5.2) with ExternalDependencyInstrumentingArtifactTransform
Transforming kotlin-stdlib-jdk8-1.9.20.jar (org.jetbrains.kotlin:kotlin-stdlib-jdk8:1.9.20) with ExternalDependencyInstrumentingArtifactTransform
Transforming jetifier-processor-1.0.0-beta10.jar (com.android.tools.build.jetifier:jetifier-processor:1.0.0-beta10) with ExternalDependencyInstrumentingArtifactTransform
Transforming jetifier-core-1.0.0-beta10.jar (com.android.tools.build.jetifier:jetifier-core:1.0.0-beta10) with ExternalDependencyInstrumentingArtifactTransform
Transforming kotlin-reflect-1.9.22.jar (org.jetbrains.kotlin:kotlin-reflect:1.9.22) with ExternalDependencyInstrumentingArtifactTransform
Transforming kotlin-stdlib-jdk7-1.9.20.jar (org.jetbrains.kotlin:kotlin-stdlib-jdk7:1.9.20) with ExternalDependencyInstrumentingArtifactTransform
Transforming kotlin-stdlib-1.9.22.jar (org.jetbrains.kotlin:kotlin-stdlib:1.9.22) with ExternalDependencyInstrumentingArtifactTransform
Transforming annotations-13.0.jar (org.jetbrains:annotations:13.0) with ExternalDependencyInstrumentingArtifactTransform
Transforming kotlin-gradle-plugin-model-1.9.24.jar (org.jetbrains.kotlin:kotlin-gradle-plugin-model:1.9.24) with ExternalDependencyInstrumentingArtifactTransform
Transforming kotlin-gradle-plugin-api-1.9.24.jar (org.jetbrains.kotlin:kotlin-gradle-plugin-api:1.9.24) with ExternalDependencyInstrumentingArtifactTransform
Transforming kotlin-gradle-plugin-1.9.24-gradle82.jar (org.jetbrains.kotlin:kotlin-gradle-plugin:1.9.24) with ExternalDependencyInstrumentingArtifactTransform
Caching disabled for ExternalDependencyInstrumentingArtifactTransform: /home/runner/.gradle/caches/modules-2/files-2.1/com.android.tools.build/manifest-merger/31.5.2/a0fc73e55f5ad888fbe260d9f463c5deb0e88365/manifest-merger-31.5.2.jar because:
  Build cache is disabled
  Caching not enabled.
Transforming bundletool-1.16.0.jar (com.android.tools.build:bundletool:1.16.0) with ExternalDependencyInstrumentingArtifactTransform
Transforming aapt2-proto-8.5.2-11315950.jar (com.android.tools.build:aapt2-proto:8.5.2-11315950) with ExternalDependencyInstrumentingArtifactTransform
Caching disabled for ExternalDependencyInstrumentingArtifactTransform: /home/runner/.gradle/caches/modules-2/files-2.1/com.android.tools/sdk-common/31.5.2/ef25e2fe8106a2a8677068468d6c69ab88809181/sdk-common-31.5.2.jar because:
  Build cache is disabled
  Caching not enabled.
Transforming crash-31.5.2.jar (com.android.tools.analytics-library:crash:31.5.2) with ExternalDependencyInstrumentingArtifactTransform
Transforming lint-typedef-remover-31.5.2.jar (com.android.tools.lint:lint-typedef-remover:31.5.2) with ExternalDependencyInstrumentingArtifactTransform
Transforming databinding-common-8.5.2.jar (androidx.databinding:databinding-common:8.5.2) with ExternalDependencyInstrumentingArtifactTransform
Transforming baseLibrary-8.5.2.jar (com.android.databinding:baseLibrary:8.5.2) with ExternalDependencyInstrumentingArtifactTransform
Transforming android-device-provider-ddmlib-proto-31.5.2.jar (com.android.tools.utp:android-device-provider-ddmlib-proto:31.5.2) with ExternalDependencyInstrumentingArtifactTransform
Transforming android-device-provider-gradle-proto-31.5.2.jar (com.android.tools.utp:android-device-provider-gradle-proto:31.5.2) with ExternalDependencyInstrumentingArtifactTransform
Transforming android-test-plugin-host-additional-test-output-proto-31.5.2.jar (com.android.tools.utp:android-test-plugin-host-additional-test-output-proto:31.5.2) with ExternalDependencyInstrumentingArtifactTransform
Transforming android-test-plugin-host-coverage-proto-31.5.2.jar (com.android.tools.utp:android-test-plugin-host-coverage-proto:31.5.2) with ExternalDependencyInstrumentingArtifactTransform
Transforming android-test-plugin-host-logcat-proto-31.5.2.jar (com.android.tools.utp:android-test-plugin-host-logcat-proto:31.5.2) with ExternalDependencyInstrumentingArtifactTransform
Transforming android-test-plugin-host-apk-installer-proto-31.5.2.jar (com.android.tools.utp:android-test-plugin-host-apk-installer-proto:31.5.2) with ExternalDependencyInstrumentingArtifactTransform
Transforming android-test-plugin-result-listener-gradle-proto-31.5.2.jar (com.android.tools.utp:android-test-plugin-result-listener-gradle-proto:31.5.2) with ExternalDependencyInstrumentingArtifactTransform
Transforming transform-api-2.0.0-deprecated-use-gradle-api.jar (com.android.tools.build:transform-api:2.0.0-deprecated-use-gradle-api) with ExternalDependencyInstrumentingArtifactTransform
Transforming httpmime-4.5.6.jar (org.apache.httpcomponents:httpmime:4.5.6) with ExternalDependencyInstrumentingArtifactTransform
Transforming commons-io-2.13.0.jar (commons-io:commons-io:2.13.0) with ExternalDependencyInstrumentingArtifactTransform
Transforming asm-commons-9.6.jar (org.ow2.asm:asm-commons:9.6) with ExternalDependencyInstrumentingArtifactTransform
Transforming asm-util-9.6.jar (org.ow2.asm:asm-util:9.6) with ExternalDependencyInstrumentingArtifactTransform
Transforming asm-analysis-9.6.jar (org.ow2.asm:asm-analysis:9.6) with ExternalDependencyInstrumentingArtifactTransform
Transforming asm-tree-9.6.jar (org.ow2.asm:asm-tree:9.6) with ExternalDependencyInstrumentingArtifactTransform
Transforming asm-9.6.jar (org.ow2.asm:asm:9.6) with ExternalDependencyInstrumentingArtifactTransform
Transforming apkzlib-8.5.2.jar (com.android.tools.build:apkzlib:8.5.2) with ExternalDependencyInstrumentingArtifactTransform
Transforming bcpkix-jdk18on-1.77.jar (org.bouncycastle:bcpkix-jdk18on:1.77) with ExternalDependencyInstrumentingArtifactTransform
Transforming jaxb-runtime-2.3.2.jar (org.glassfish.jaxb:jaxb-runtime:2.3.2) with ExternalDependencyInstrumentingArtifactTransform
Transforming jopt-simple-4.9.jar (net.sf.jopt-simple:jopt-simple:4.9) with ExternalDependencyInstrumentingArtifactTransform
Transforming javapoet-1.10.0.jar (com.squareup:javapoet:1.10.0) with ExternalDependencyInstrumentingArtifactTransform
Transforming protobuf-java-util-3.22.3.jar (com.google.protobuf:protobuf-java-util:3.22.3) with ExternalDependencyInstrumentingArtifactTransform
Transforming grpc-protobuf-1.57.0.jar (io.grpc:grpc-protobuf:1.57.0) with ExternalDependencyInstrumentingArtifactTransform
Transforming tink-1.7.0.jar (com.google.crypto.tink:tink:1.7.0) with ExternalDependencyInstrumentingArtifactTransform
Transforming protos-31.5.2.jar (com.android.tools.analytics-library:protos:31.5.2) with ExternalDependencyInstrumentingArtifactTransform
Transforming proto-google-common-protos-2.17.0.jar (com.google.api.grpc:proto-google-common-protos:2.17.0) with ExternalDependencyInstrumentingArtifactTransform
Transforming protobuf-java-3.22.3.jar (com.google.protobuf:protobuf-java:3.22.3) with ExternalDependencyInstrumentingArtifactTransform
Transforming grpc-netty-1.57.0.jar (io.grpc:grpc-netty:1.57.0) with ExternalDependencyInstrumentingArtifactTransform
Transforming grpc-core-1.57.0.jar (io.grpc:grpc-core:1.57.0) with ExternalDependencyInstrumentingArtifactTransform
Transforming gson-2.10.1.jar (com.google.code.gson:gson:2.10.1) with ExternalDependencyInstrumentingArtifactTransform
Transforming grpc-stub-1.57.0.jar (io.grpc:grpc-stub:1.57.0) with ExternalDependencyInstrumentingArtifactTransform
Transforming core-proto-0.0.9-alpha02.jar (com.google.testing.platform:core-proto:0.0.9-alpha02) with ExternalDependencyInstrumentingArtifactTransform
Transforming kxml2-2.3.0.jar (net.sf.kxml:kxml2:2.3.0) with ExternalDependencyInstrumentingArtifactTransform
Transforming tensorflow-lite-metadata-0.1.0-rc2.jar (org.tensorflow:tensorflow-lite-metadata:0.1.0-rc2) with ExternalDependencyInstrumentingArtifactTransform
Transforming flatbuffers-java-1.12.0.jar (com.google.flatbuffers:flatbuffers-java:1.12.0) with ExternalDependencyInstrumentingArtifactTransform
Transforming kotlin-gradle-plugin-idea-proto-1.9.24.jar (org.jetbrains.kotlin:kotlin-gradle-plugin-idea-proto:1.9.24) with ExternalDependencyInstrumentingArtifactTransform
Transforming kotlin-gradle-plugin-idea-1.9.24.jar (org.jetbrains.kotlin:kotlin-gradle-plugin-idea:1.9.24) with ExternalDependencyInstrumentingArtifactTransform
Transforming kotlin-klib-commonizer-api-1.9.24.jar (org.jetbrains.kotlin:kotlin-klib-commonizer-api:1.9.24) with ExternalDependencyInstrumentingArtifactTransform
Transforming kotlin-native-utils-1.9.24.jar (org.jetbrains.kotlin:kotlin-native-utils:1.9.24) with ExternalDependencyInstrumentingArtifactTransform
Transforming kotlin-util-klib-1.9.24.jar (org.jetbrains.kotlin:kotlin-util-klib:1.9.24) with ExternalDependencyInstrumentingArtifactTransform
Transforming kotlin-build-tools-api-1.9.24.jar (org.jetbrains.kotlin:kotlin-build-tools-api:1.9.24) with ExternalDependencyInstrumentingArtifactTransform
Transforming kotlin-android-extensions-1.9.24.jar (org.jetbrains.kotlin:kotlin-android-extensions:1.9.24) with ExternalDependencyInstrumentingArtifactTransform
Transforming kotlin-compiler-runner-1.9.24.jar (org.jetbrains.kotlin:kotlin-compiler-runner:1.9.24) with ExternalDependencyInstrumentingArtifactTransform
Transforming kotlin-compiler-embeddable-1.9.24.jar (org.jetbrains.kotlin:kotlin-compiler-embeddable:1.9.24) with ExternalDependencyInstrumentingArtifactTransform
Transforming kotlin-scripting-compiler-embeddable-1.9.24.jar (org.jetbrains.kotlin:kotlin-scripting-compiler-embeddable:1.9.24) with ExternalDependencyInstrumentingArtifactTransform
Transforming kotlin-scripting-compiler-impl-embeddable-1.9.24.jar (org.jetbrains.kotlin:kotlin-scripting-compiler-impl-embeddable:1.9.24) with ExternalDependencyInstrumentingArtifactTransform
Transforming jimfs-1.1.jar (com.google.jimfs:jimfs:1.1) with ExternalDependencyInstrumentingArtifactTransform
Transforming grpc-context-1.57.0.jar (io.grpc:grpc-context:1.57.0) with ExternalDependencyInstrumentingArtifactTransform
Transforming grpc-protobuf-lite-1.57.0.jar (io.grpc:grpc-protobuf-lite:1.57.0) with ExternalDependencyInstrumentingArtifactTransform
Transforming grpc-api-1.57.0.jar (io.grpc:grpc-api:1.57.0) with ExternalDependencyInstrumentingArtifactTransform
Transforming guava-32.0.1-jre.jar (com.google.guava:guava:32.0.1-jre) with ExternalDependencyInstrumentingArtifactTransform
Transforming dagger-2.28.3.jar (com.google.dagger:dagger:2.28.3) with ExternalDependencyInstrumentingArtifactTransform
Transforming javax.inject-1.jar (javax.inject:javax.inject:1) with ExternalDependencyInstrumentingArtifactTransform
Transforming bcutil-jdk18on-1.77.jar (org.bouncycastle:bcutil-jdk18on:1.77) with ExternalDependencyInstrumentingArtifactTransform
Transforming bcprov-jdk18on-1.77.jar (org.bouncycastle:bcprov-jdk18on:1.77) with ExternalDependencyInstrumentingArtifactTransform
Transforming trove4j-1.0.20200330.jar (org.jetbrains.intellij.deps:trove4j:1.0.20200330) with ExternalDependencyInstrumentingArtifactTransform
Caching disabled for ExternalDependencyInstrumentingArtifactTransform: /home/runner/.gradle/caches/modules-2/files-2.1/com.android.tools/sdklib/31.5.2/23e84e946076bda65b05422fe98fae9fef55c856/sdklib-31.5.2.jar because:
  Build cache is disabled
  Caching not enabled.
Transforming commons-compress-1.21.jar (org.apache.commons:commons-compress:1.21) with ExternalDependencyInstrumentingArtifactTransform
Transforming httpclient-4.5.14.jar (org.apache.httpcomponents:httpclient:4.5.14) with ExternalDependencyInstrumentingArtifactTransform
Transforming httpcore-4.4.16.jar (org.apache.httpcomponents:httpcore:4.4.16) with ExternalDependencyInstrumentingArtifactTransform
Transforming javax.activation-1.2.0.jar (com.sun.activation:javax.activation:1.2.0) with ExternalDependencyInstrumentingArtifactTransform
Transforming signflinger-8.5.2.jar (com.android:signflinger:8.5.2) with ExternalDependencyInstrumentingArtifactTransform
Transforming zipflinger-8.5.2.jar (com.android:zipflinger:8.5.2) with ExternalDependencyInstrumentingArtifactTransform
Transforming annotations-31.5.2.jar (com.android.tools:annotations:31.5.2) with ExternalDependencyInstrumentingArtifactTransform
Transforming jna-platform-5.6.0.jar (net.java.dev.jna:jna-platform:5.6.0) with ExternalDependencyInstrumentingArtifactTransform
Transforming juniversalchardet-1.0.3.jar (com.googlecode.juniversalchardet:juniversalchardet:1.0.3) with ExternalDependencyInstrumentingArtifactTransform
Transforming javax.annotation-api-1.3.2.jar (javax.annotation:javax.annotation-api:1.3.2) with ExternalDependencyInstrumentingArtifactTransform
Transforming stax-ex-1.8.1.jar (org.jvnet.staxex:stax-ex:1.8.1) with ExternalDependencyInstrumentingArtifactTransform
Transforming jakarta.xml.bind-api-2.3.2.jar (jakarta.xml.bind:jakarta.xml.bind-api:2.3.2) with ExternalDependencyInstrumentingArtifactTransform
Transforming txw2-2.3.2.jar (org.glassfish.jaxb:txw2:2.3.2) with ExternalDependencyInstrumentingArtifactTransform
Transforming istack-commons-runtime-3.0.8.jar (com.sun.istack:istack-commons-runtime:3.0.8) with ExternalDependencyInstrumentingArtifactTransform
Transforming FastInfoset-1.2.16.jar (com.sun.xml.fastinfoset:FastInfoset:1.2.16) with ExternalDependencyInstrumentingArtifactTransform
Transforming jakarta.activation-api-1.2.1.jar (jakarta.activation:jakarta.activation-api:1.2.1) with ExternalDependencyInstrumentingArtifactTransform
Transforming auto-value-annotations-1.6.2.jar (com.google.auto.value:auto-value-annotations:1.6.2) with ExternalDependencyInstrumentingArtifactTransform
Transforming error_prone_annotations-2.18.0.jar (com.google.errorprone:error_prone_annotations:2.18.0) with ExternalDependencyInstrumentingArtifactTransform
Transforming jose4j-0.9.5.jar (org.bitbucket.b_c:jose4j:0.9.5) with ExternalDependencyInstrumentingArtifactTransform
Transforming slf4j-api-1.7.30.jar (org.slf4j:slf4j-api:1.7.30) with ExternalDependencyInstrumentingArtifactTransform
Transforming jdom2-2.0.6.jar (org.jdom:jdom2:2.0.6) with ExternalDependencyInstrumentingArtifactTransform
Transforming jsr305-3.0.2.jar (com.google.code.findbugs:jsr305:3.0.2) with ExternalDependencyInstrumentingArtifactTransform
Transforming j2objc-annotations-2.8.jar (com.google.j2objc:j2objc-annotations:2.8) with ExternalDependencyInstrumentingArtifactTransform
Transforming annotations-4.1.1.4.jar (com.google.android:annotations:4.1.1.4) with ExternalDependencyInstrumentingArtifactTransform
Transforming animal-sniffer-annotations-1.23.jar (org.codehaus.mojo:animal-sniffer-annotations:1.23) with ExternalDependencyInstrumentingArtifactTransform
Transforming perfmark-api-0.26.0.jar (io.perfmark:perfmark-api:0.26.0) with ExternalDependencyInstrumentingArtifactTransform
Transforming netty-codec-http2-4.1.93.Final.jar (io.netty:netty-codec-http2:4.1.93.Final) with ExternalDependencyInstrumentingArtifactTransform
Transforming netty-handler-proxy-4.1.93.Final.jar (io.netty:netty-handler-proxy:4.1.93.Final) with ExternalDependencyInstrumentingArtifactTransform
Transforming netty-codec-http-4.1.93.Final.jar (io.netty:netty-codec-http:4.1.93.Final) with ExternalDependencyInstrumentingArtifactTransform
Transforming netty-handler-4.1.93.Final.jar (io.netty:netty-handler:4.1.93.Final) with ExternalDependencyInstrumentingArtifactTransform
Transforming netty-transport-native-unix-common-4.1.93.Final.jar (io.netty:netty-transport-native-unix-common:4.1.93.Final) with ExternalDependencyInstrumentingArtifactTransform
Transforming checker-qual-3.33.0.jar (org.checkerframework:checker-qual:3.33.0) with ExternalDependencyInstrumentingArtifactTransform
Transforming commons-codec-1.11.jar (commons-codec:commons-codec:1.11) with ExternalDependencyInstrumentingArtifactTransform
Transforming apksig-8.5.2.jar (com.android.tools.build:apksig:8.5.2) with ExternalDependencyInstrumentingArtifactTransform
Transforming javawriter-2.5.0.jar (com.squareup:javawriter:2.5.0) with ExternalDependencyInstrumentingArtifactTransform
Transforming kotlin-gradle-plugin-annotations-1.9.24.jar (org.jetbrains.kotlin:kotlin-gradle-plugin-annotations:1.9.24) with ExternalDependencyInstrumentingArtifactTransform
Transforming kotlin-project-model-1.9.24.jar (org.jetbrains.kotlin:kotlin-project-model:1.9.24) with ExternalDependencyInstrumentingArtifactTransform
Transforming kotlin-tooling-core-1.9.24.jar (org.jetbrains.kotlin:kotlin-tooling-core:1.9.24) with ExternalDependencyInstrumentingArtifactTransform
Transforming kotlin-util-io-1.9.24.jar (org.jetbrains.kotlin:kotlin-util-io:1.9.24) with ExternalDependencyInstrumentingArtifactTransform
Transforming kotlin-daemon-embeddable-1.9.24.jar (org.jetbrains.kotlin:kotlin-daemon-embeddable:1.9.24) with ExternalDependencyInstrumentingArtifactTransform
Transforming kotlin-daemon-client-1.9.24.jar (org.jetbrains.kotlin:kotlin-daemon-client:1.9.24) with ExternalDependencyInstrumentingArtifactTransform
Transforming kotlinx-coroutines-core-jvm-1.5.0.jar (org.jetbrains.kotlinx:kotlinx-coroutines-core-jvm:1.5.0) with ExternalDependencyInstrumentingArtifactTransform
Transforming kotlin-scripting-jvm-1.9.24.jar (org.jetbrains.kotlin:kotlin-scripting-jvm:1.9.24) with ExternalDependencyInstrumentingArtifactTransform
Transforming kotlin-scripting-common-1.9.24.jar (org.jetbrains.kotlin:kotlin-scripting-common:1.9.24) with ExternalDependencyInstrumentingArtifactTransform
Transforming failureaccess-1.0.1.jar (com.google.guava:failureaccess:1.0.1) with ExternalDependencyInstrumentingArtifactTransform
Transforming listenablefuture-9999.0-empty-to-avoid-conflict-with-guava.jar (com.google.guava:listenablefuture:9999.0-empty-to-avoid-conflict-with-guava) with ExternalDependencyInstrumentingArtifactTransform
Transforming commons-logging-1.2.jar (commons-logging:commons-logging:1.2) with ExternalDependencyInstrumentingArtifactTransform
Transforming jna-5.6.0.jar (net.java.dev.jna:jna:5.6.0) with ExternalDependencyInstrumentingArtifactTransform
Transforming netty-codec-socks-4.1.93.Final.jar (io.netty:netty-codec-socks:4.1.93.Final) with ExternalDependencyInstrumentingArtifactTransform
Transforming netty-codec-4.1.93.Final.jar (io.netty:netty-codec:4.1.93.Final) with ExternalDependencyInstrumentingArtifactTransform
Transforming netty-transport-4.1.93.Final.jar (io.netty:netty-transport:4.1.93.Final) with ExternalDependencyInstrumentingArtifactTransform
Transforming netty-buffer-4.1.93.Final.jar (io.netty:netty-buffer:4.1.93.Final) with ExternalDependencyInstrumentingArtifactTransform
Transforming netty-resolver-4.1.93.Final.jar (io.netty:netty-resolver:4.1.93.Final) with ExternalDependencyInstrumentingArtifactTransform
Transforming netty-common-4.1.93.Final.jar (io.netty:netty-common:4.1.93.Final) with ExternalDependencyInstrumentingArtifactTransform
Caching disabled for ExternalDependencyInstrumentingArtifactTransform: /home/runner/.gradle/caches/modules-2/files-2.1/com.android.tools/repository/31.5.2/f9d998909029644e8f7cf78cd850138ecf7cfcfd/repository-31.5.2.jar because:
  Build cache is disabled
  Caching not enabled.
Caching disabled for ExternalDependencyInstrumentingArtifactTransform: /home/runner/.gradle/caches/modules-2/files-2.1/com.android.tools.build/aaptcompiler/8.5.2/f22b52dc53753a6e779bf03474cd6b4c8e8236d6/aaptcompiler-8.5.2.jar because:
  Build cache is disabled
  Caching not enabled.
Caching disabled for ExternalDependencyInstrumentingArtifactTransform: /home/runner/.gradle/caches/modules-2/files-2.1/com.android.tools.analytics-library/tracker/31.5.2/369d37e578f8468b035ae74190aee44c9c05622c/tracker-31.5.2.jar because:
  Build cache is disabled
  Caching not enabled.
Caching disabled for ExternalDependencyInstrumentingArtifactTransform: /home/runner/.gradle/caches/modules-2/files-2.1/com.android.tools.analytics-library/shared/31.5.2/2323a99da4a13bab06e542e196a22f7f8dc3cc40/shared-31.5.2.jar because:
  Build cache is disabled
  Caching not enabled.
Caching disabled for ExternalDependencyInstrumentingArtifactTransform: /home/runner/.gradle/caches/modules-2/files-2.1/androidx.databinding/databinding-compiler-common/8.5.2/e3c88c3c528c191b9bda5a242d29b004425a658c/databinding-compiler-common-8.5.2.jar because:
  Build cache is disabled
  Caching not enabled.
Caching disabled for ExternalDependencyInstrumentingArtifactTransform: /home/runner/.gradle/caches/modules-2/files-2.1/com.android.tools.utp/android-test-plugin-host-emulator-control-proto/31.5.2/faaddb0258a839e6ab89fe2acbe20ce29b403b43/android-test-plugin-host-emulator-control-proto-31.5.2.jar because:
  Build cache is disabled
  Caching not enabled.
Caching disabled for ExternalDependencyInstrumentingArtifactTransform: /home/runner/.gradle/caches/modules-2/files-2.1/com.android.tools.utp/android-test-plugin-host-retention-proto/31.5.2/8ef946d4477f3b40b3bcb7d151131483b6d77d67/android-test-plugin-host-retention-proto-31.5.2.jar because:
  Build cache is disabled
  Caching not enabled.
Caching disabled for ExternalDependencyInstrumentingArtifactTransform: /home/runner/.gradle/caches/modules-2/files-2.1/com.android.tools.build/builder-model/8.5.2/82dc447a45ca28d42669ac59ebed436c94239652/builder-model-8.5.2.jar because:
  Build cache is disabled
  Caching not enabled.
Caching disabled for ExternalDependencyInstrumentingArtifactTransform: /home/runner/.gradle/caches/modules-2/files-2.1/com.android.tools.build/gradle-api/8.5.2/9f0a20b53860a0f6ec1d6f23cda3b32a8333c433/gradle-api-8.5.2.jar because:
  Build cache is disabled
  Caching not enabled.
Caching disabled for ExternalDependencyInstrumentingArtifactTransform: /home/runner/.gradle/caches/modules-2/files-2.1/com.google.devtools.ksp/symbol-processing-gradle-plugin/1.9.24-1.0.20/e43e38d856ef3bfadcaf667b035ee9441df47463/symbol-processing-gradle-plugin-1.9.24-1.0.20.jar because:
  Build cache is disabled
  Caching not enabled.
Caching disabled for ExternalDependencyInstrumentingArtifactTransform: /home/runner/.gradle/caches/modules-2/files-2.1/com.google.devtools.ksp/symbol-processing-api/1.9.24-1.0.20/3d899943719423930b113797921654efdd96d4af/symbol-processing-api-1.9.24-1.0.20.jar because:
  Build cache is disabled
  Caching not enabled.
Caching disabled for ExternalDependencyInstrumentingArtifactTransform: /home/runner/.gradle/caches/modules-2/files-2.1/com.google.devtools.ksp/symbol-processing-common-deps/1.9.24-1.0.20/e60ae41c1d8b7b2d0ab41bc901afe66dc3d0e91a/symbol-processing-common-deps-1.9.24-1.0.20.jar because:
  Build cache is disabled
  Caching not enabled.
Caching disabled for ExternalDependencyInstrumentingArtifactTransform: /home/runner/.gradle/caches/modules-2/files-2.1/com.android.tools.build/builder-test-api/8.5.2/2995884ad32816633eb8ac64ada740afede943fd/builder-test-api-8.5.2.jar because:
  Build cache is disabled
  Caching not enabled.
Caching disabled for ExternalDependencyInstrumentingArtifactTransform: /home/runner/.gradle/caches/modules-2/files-2.1/com.android.tools.ddms/ddmlib/31.5.2/cec99d30da3f854bde3d734fabca09400097e4bd/ddmlib-31.5.2.jar because:
  Build cache is disabled
  Caching not enabled.
Caching disabled for ExternalDependencyInstrumentingArtifactTransform: /home/runner/.gradle/caches/modules-2/files-2.1/com.android.tools.layoutlib/layoutlib-api/31.5.2/e472af38f4703e16b8005aa62668080fe3a79324/layoutlib-api-31.5.2.jar because:
  Build cache is disabled
  Caching not enabled.
Caching disabled for ExternalDependencyInstrumentingArtifactTransform: /home/runner/.gradle/caches/modules-2/files-2.1/com.android.tools/dvlib/31.5.2/8c475e80a82e3c293d792ea9a22847c43904c2fc/dvlib-31.5.2.jar because:
  Build cache is disabled
  Caching not enabled.
Caching disabled for ExternalDependencyInstrumentingArtifactTransform: /home/runner/.gradle/caches/modules-2/files-2.1/com.android.tools/common/31.5.2/4b2b3a9cca24af535bfb0050d253a219a69c9039/common-31.5.2.jar because:
  Build cache is disabled
  Caching not enabled.
Caching disabled for ExternalDependencyInstrumentingArtifactTransform: /home/runner/.gradle/caches/modules-2/files-2.1/org.jetbrains.kotlin/kotlin-stdlib-jdk8/1.9.20/e2b4d1f475ae0606d063a84fce4dccdb45c7e12a/kotlin-stdlib-jdk8-1.9.20.jar because:
  Build cache is disabled
  Caching not enabled.
Caching disabled for ExternalDependencyInstrumentingArtifactTransform: /home/runner/.gradle/caches/modules-2/files-2.1/com.android.tools.build.jetifier/jetifier-processor/1.0.0-beta10/946c39eb0c052ff4f60a8939648a8b99af20d604/jetifier-processor-1.0.0-beta10.jar because:
  Build cache is disabled
  Caching not enabled.
Caching disabled for ExternalDependencyInstrumentingArtifactTransform: /home/runner/.gradle/caches/modules-2/files-2.1/com.android.tools.build.jetifier/jetifier-core/1.0.0-beta10/6e621022a9c95af12a7004d6b55805bbd1126837/jetifier-core-1.0.0-beta10.jar because:
  Build cache is disabled
  Caching not enabled.
Caching disabled for ExternalDependencyInstrumentingArtifactTransform: /home/runner/.gradle/caches/modules-2/files-2.1/org.jetbrains.kotlin/kotlin-reflect/1.9.22/761ab33cf85f03a3a24595e1b92639d82e7a9564/kotlin-reflect-1.9.22.jar because:
  Build cache is disabled
  Caching not enabled.
Caching disabled for ExternalDependencyInstrumentingArtifactTransform: /home/runner/.gradle/caches/modules-2/files-2.1/org.jetbrains.kotlin/kotlin-stdlib-jdk7/1.9.20/8b4b73f4e08efaae93fc01d8c6eaab58a72d2ab3/kotlin-stdlib-jdk7-1.9.20.jar because:
  Build cache is disabled
  Caching not enabled.
Caching disabled for ExternalDependencyInstrumentingArtifactTransform: /home/runner/.gradle/caches/modules-2/files-2.1/org.jetbrains.kotlin/kotlin-stdlib/1.9.22/d6c44cd08d8f3f9bece8101216dbe6553365c6e3/kotlin-stdlib-1.9.22.jar because:
  Build cache is disabled
  Caching not enabled.
Caching disabled for ExternalDependencyInstrumentingArtifactTransform: /home/runner/.gradle/caches/modules-2/files-2.1/org.jetbrains/annotations/13.0/919f0dfe192fb4e063e7dacadee7f8bb9a2672a9/annotations-13.0.jar because:
  Build cache is disabled
  Caching not enabled.
Caching disabled for ExternalDependencyInstrumentingArtifactTransform: /home/runner/.gradle/caches/modules-2/files-2.1/org.jetbrains.kotlin/kotlin-gradle-plugin-model/1.9.24/149d2d9a524d7ce15dd47c39016b892f7c534b04/kotlin-gradle-plugin-model-1.9.24.jar because:
  Build cache is disabled
  Caching not enabled.
Caching disabled for ExternalDependencyInstrumentingArtifactTransform: /home/runner/.gradle/caches/modules-2/files-2.1/org.jetbrains.kotlin/kotlin-gradle-plugin-api/1.9.24/346254737044a5b3874ce50e314b16af8e03258e/kotlin-gradle-plugin-api-1.9.24.jar because:
  Build cache is disabled
  Caching not enabled.
Caching disabled for ExternalDependencyInstrumentingArtifactTransform: /home/runner/.gradle/caches/modules-2/files-2.1/org.jetbrains.kotlin/kotlin-gradle-plugin/1.9.24/b6f5f875b19f9240f2e83e00f6f2b9dff1ebc2c3/kotlin-gradle-plugin-1.9.24-gradle82.jar because:
  Build cache is disabled
  Caching not enabled.
Caching disabled for ExternalDependencyInstrumentingArtifactTransform: /home/runner/.gradle/caches/modules-2/files-2.1/com.android.tools.build/bundletool/1.16.0/88e6c67d315e7d2a860bb00b1bd93914f2c4fd33/bundletool-1.16.0.jar because:
  Build cache is disabled
  Caching not enabled.
Caching disabled for ExternalDependencyInstrumentingArtifactTransform: /home/runner/.gradle/caches/modules-2/files-2.1/com.android.tools.build/aapt2-proto/8.5.2-11315950/514d124226c11c6cfb0627bc0b6f0cfed2577b2b/aapt2-proto-8.5.2-11315950.jar because:
  Build cache is disabled
  Caching not enabled.
Caching disabled for ExternalDependencyInstrumentingArtifactTransform: /home/runner/.gradle/caches/modules-2/files-2.1/com.android.tools.analytics-library/crash/31.5.2/669e0dbea9c0612c1752365738497bea9627a6b9/crash-31.5.2.jar because:
  Build cache is disabled
  Caching not enabled.
Caching disabled for ExternalDependencyInstrumentingArtifactTransform: /home/runner/.gradle/caches/modules-2/files-2.1/com.android.tools.lint/lint-typedef-remover/31.5.2/644ab9b8a697ba83702c4e32eaaf95c504e1a522/lint-typedef-remover-31.5.2.jar because:
  Build cache is disabled
  Caching not enabled.
Caching disabled for ExternalDependencyInstrumentingArtifactTransform: /home/runner/.gradle/caches/modules-2/files-2.1/androidx.databinding/databinding-common/8.5.2/2be3530b78477835e69dce953b17adc1dbc5c6fa/databinding-common-8.5.2.jar because:
  Build cache is disabled
  Caching not enabled.
Caching disabled for ExternalDependencyInstrumentingArtifactTransform: /home/runner/.gradle/caches/modules-2/files-2.1/com.android.databinding/baseLibrary/8.5.2/7e7399239e52d4069896277615e005add7ae8e5a/baseLibrary-8.5.2.jar because:
  Build cache is disabled
  Caching not enabled.
Caching disabled for ExternalDependencyInstrumentingArtifactTransform: /home/runner/.gradle/caches/modules-2/files-2.1/com.android.tools.utp/android-device-provider-ddmlib-proto/31.5.2/732647a1df2d9405dbbc944ccb1a9153d7dc3e3a/android-device-provider-ddmlib-proto-31.5.2.jar because:
  Build cache is disabled
  Caching not enabled.
Caching disabled for ExternalDependencyInstrumentingArtifactTransform: /home/runner/.gradle/caches/modules-2/files-2.1/com.android.tools.utp/android-device-provider-gradle-proto/31.5.2/9f4923a6c0e213f00c1cc31720d1535f2d8517fe/android-device-provider-gradle-proto-31.5.2.jar because:
  Build cache is disabled
  Caching not enabled.
Caching disabled for ExternalDependencyInstrumentingArtifactTransform: /home/runner/.gradle/caches/modules-2/files-2.1/com.android.tools.utp/android-test-plugin-host-additional-test-output-proto/31.5.2/c02332c53d95a3e0ccd7ad9d6d97f8fec5d1a469/android-test-plugin-host-additional-test-output-proto-31.5.2.jar because:
  Build cache is disabled
  Caching not enabled.
Caching disabled for ExternalDependencyInstrumentingArtifactTransform: /home/runner/.gradle/caches/modules-2/files-2.1/com.android.tools.utp/android-test-plugin-host-coverage-proto/31.5.2/c780344aab70a33c454ad697295e12278fed16db/android-test-plugin-host-coverage-proto-31.5.2.jar because:
  Build cache is disabled
  Caching not enabled.
Caching disabled for ExternalDependencyInstrumentingArtifactTransform: /home/runner/.gradle/caches/modules-2/files-2.1/com.android.tools.utp/android-test-plugin-host-logcat-proto/31.5.2/d8f873c14c5c65746b97801c2c6cae506d0b3d29/android-test-plugin-host-logcat-proto-31.5.2.jar because:
  Build cache is disabled
  Caching not enabled.
Caching disabled for ExternalDependencyInstrumentingArtifactTransform: /home/runner/.gradle/caches/modules-2/files-2.1/com.android.tools.utp/android-test-plugin-host-apk-installer-proto/31.5.2/eab0d04ab0181f625bd2c22a800ccc12d6e555c/android-test-plugin-host-apk-installer-proto-31.5.2.jar because:
  Build cache is disabled
  Caching not enabled.
Caching disabled for ExternalDependencyInstrumentingArtifactTransform: /home/runner/.gradle/caches/modules-2/files-2.1/com.android.tools.utp/android-test-plugin-result-listener-gradle-proto/31.5.2/f51d5e35aa252438265500d79fc2d314b7555b94/android-test-plugin-result-listener-gradle-proto-31.5.2.jar because:
  Build cache is disabled
  Caching not enabled.
Caching disabled for ExternalDependencyInstrumentingArtifactTransform: /home/runner/.gradle/caches/modules-2/files-2.1/com.android.tools.build/transform-api/2.0.0-deprecated-use-gradle-api/47f6c56527c42425742fa9b56ffd3fd80763fe03/transform-api-2.0.0-deprecated-use-gradle-api.jar because:
  Build cache is disabled
  Caching not enabled.
Caching disabled for ExternalDependencyInstrumentingArtifactTransform: /home/runner/.gradle/caches/modules-2/files-2.1/org.apache.httpcomponents/httpmime/4.5.6/164343da11db817e81e24e0d9869527e069850c9/httpmime-4.5.6.jar because:
  Build cache is disabled
  Caching not enabled.
Caching disabled for ExternalDependencyInstrumentingArtifactTransform: /home/runner/.gradle/caches/modules-2/files-2.1/commons-io/commons-io/2.13.0/8bb2bc9b4df17e2411533a0708a69f983bf5e83b/commons-io-2.13.0.jar because:
  Build cache is disabled
  Caching not enabled.
Caching disabled for ExternalDependencyInstrumentingArtifactTransform: /home/runner/.gradle/caches/modules-2/files-2.1/org.ow2.asm/asm-commons/9.6/f1a9e5508eff490744144565c47326c8648be309/asm-commons-9.6.jar because:
  Build cache is disabled
  Caching not enabled.
Caching disabled for ExternalDependencyInstrumentingArtifactTransform: /home/runner/.gradle/caches/modules-2/files-2.1/org.ow2.asm/asm-util/9.6/f77caf84eb93786a749b2baa40865b9613e3eaee/asm-util-9.6.jar because:
  Build cache is disabled
  Caching not enabled.
Caching disabled for ExternalDependencyInstrumentingArtifactTransform: /home/runner/.gradle/caches/modules-2/files-2.1/org.ow2.asm/asm-analysis/9.6/9ce6c7b174bd997fc2552dff47964546bd7a5ec3/asm-analysis-9.6.jar because:
  Build cache is disabled
  Caching not enabled.
Caching disabled for ExternalDependencyInstrumentingArtifactTransform: /home/runner/.gradle/caches/modules-2/files-2.1/org.ow2.asm/asm-tree/9.6/c0cdda9d211e965d2a4448aa3fd86110f2f8c2de/asm-tree-9.6.jar because:
  Build cache is disabled
  Caching not enabled.
Caching disabled for ExternalDependencyInstrumentingArtifactTransform: /home/runner/.gradle/caches/modules-2/files-2.1/org.ow2.asm/asm/9.6/aa205cf0a06dbd8e04ece91c0b37c3f5d567546a/asm-9.6.jar because:
  Build cache is disabled
  Caching not enabled.
Caching disabled for ExternalDependencyInstrumentingArtifactTransform: /home/runner/.gradle/caches/modules-2/files-2.1/com.android.tools.build/apkzlib/8.5.2/d656b52facbb301b8bdc1e40a5ae008bcf335fe9/apkzlib-8.5.2.jar because:
  Build cache is disabled
  Caching not enabled.
Caching disabled for ExternalDependencyInstrumentingArtifactTransform: /home/runner/.gradle/caches/modules-2/files-2.1/org.bouncycastle/bcpkix-jdk18on/1.77/ed953791ba0229747dd0fd9911e3d76a462acfd3/bcpkix-jdk18on-1.77.jar because:
  Build cache is disabled
  Caching not enabled.
Caching disabled for ExternalDependencyInstrumentingArtifactTransform: /home/runner/.gradle/caches/modules-2/files-2.1/org.glassfish.jaxb/jaxb-runtime/2.3.2/5528bc882ea499a09d720b42af11785c4fc6be2a/jaxb-runtime-2.3.2.jar because:
  Build cache is disabled
  Caching not enabled.
Caching disabled for ExternalDependencyInstrumentingArtifactTransform: /home/runner/.gradle/caches/modules-2/files-2.1/net.sf.jopt-simple/jopt-simple/4.9/ee9e9eaa0a35360dcfeac129ff4923215fd65904/jopt-simple-4.9.jar because:
  Build cache is disabled
  Caching not enabled.
Caching disabled for ExternalDependencyInstrumentingArtifactTransform: /home/runner/.gradle/caches/modules-2/files-2.1/com.squareup/javapoet/1.10.0/712c178d35185d8261295913c9f2a7d6867a6007/javapoet-1.10.0.jar because:
  Build cache is disabled
  Caching not enabled.
Caching disabled for ExternalDependencyInstrumentingArtifactTransform: /home/runner/.gradle/caches/modules-2/files-2.1/com.google.protobuf/protobuf-java-util/3.22.3/749cd4fe8ab52f37bc186193802ba19f5b284647/protobuf-java-util-3.22.3.jar because:
  Build cache is disabled
  Caching not enabled.
Caching disabled for ExternalDependencyInstrumentingArtifactTransform: /home/runner/.gradle/caches/modules-2/files-2.1/io.grpc/grpc-protobuf/1.57.0/49986e40de6cbd14ba26247639b18ab0bac921c1/grpc-protobuf-1.57.0.jar because:
  Build cache is disabled
  Caching not enabled.
Caching disabled for ExternalDependencyInstrumentingArtifactTransform: /home/runner/.gradle/caches/modules-2/files-2.1/com.google.crypto.tink/tink/1.7.0/668b57f109d32349b2870448f06ae6f202713edc/tink-1.7.0.jar because:
  Build cache is disabled
  Caching not enabled.
Caching disabled for ExternalDependencyInstrumentingArtifactTransform: /home/runner/.gradle/caches/modules-2/files-2.1/com.android.tools.analytics-library/protos/31.5.2/88613dda7977cb93625ab9cc7c72608ba67bc9cd/protos-31.5.2.jar because:
  Build cache is disabled
  Caching not enabled.
Caching disabled for ExternalDependencyInstrumentingArtifactTransform: /home/runner/.gradle/caches/modules-2/files-2.1/com.google.api.grpc/proto-google-common-protos/2.17.0/7edf1e3aa96dc3861f7a8f24556c714e9c5b292/proto-google-common-protos-2.17.0.jar because:
  Build cache is disabled
  Caching not enabled.
Caching disabled for ExternalDependencyInstrumentingArtifactTransform: /home/runner/.gradle/caches/modules-2/files-2.1/com.google.protobuf/protobuf-java/3.22.3/fdee98b8f6abab73f146a4edb4c09e56f8278d03/protobuf-java-3.22.3.jar because:
  Build cache is disabled
  Caching not enabled.
Caching disabled for ExternalDependencyInstrumentingArtifactTransform: /home/runner/.gradle/caches/modules-2/files-2.1/io.grpc/grpc-netty/1.57.0/99cc01516c2fd1d134bf2585c2b38fa400804986/grpc-netty-1.57.0.jar because:
  Build cache is disabled
  Caching not enabled.
Caching disabled for ExternalDependencyInstrumentingArtifactTransform: /home/runner/.gradle/caches/modules-2/files-2.1/io.grpc/grpc-core/1.57.0/2b6ef5166f31315098fff9bb85f33ab5fed58f6b/grpc-core-1.57.0.jar because:
  Build cache is disabled
  Caching not enabled.
Caching disabled for ExternalDependencyInstrumentingArtifactTransform: /home/runner/.gradle/caches/modules-2/files-2.1/com.google.code.gson/gson/2.10.1/b3add478d4382b78ea20b1671390a858002feb6c/gson-2.10.1.jar because:
  Build cache is disabled
  Caching not enabled.
Caching disabled for ExternalDependencyInstrumentingArtifactTransform: /home/runner/.gradle/caches/modules-2/files-2.1/io.grpc/grpc-stub/1.57.0/262e1469c080164d5e2459f4908394d66f4e8828/grpc-stub-1.57.0.jar because:
  Build cache is disabled
  Caching not enabled.
Caching disabled for ExternalDependencyInstrumentingArtifactTransform: /home/runner/.gradle/caches/modules-2/files-2.1/com.google.testing.platform/core-proto/0.0.9-alpha02/ee54219cbb4a7fb83cdc528e9a85e0383f3ee726/core-proto-0.0.9-alpha02.jar because:
  Build cache is disabled
  Caching not enabled.
Caching disabled for ExternalDependencyInstrumentingArtifactTransform: /home/runner/.gradle/caches/modules-2/files-2.1/net.sf.kxml/kxml2/2.3.0/ccbc77a5fd907ef863c29f3596c6f54ffa4e9442/kxml2-2.3.0.jar because:
  Build cache is disabled
  Caching not enabled.
Caching disabled for ExternalDependencyInstrumentingArtifactTransform: /home/runner/.gradle/caches/modules-2/files-2.1/org.tensorflow/tensorflow-lite-metadata/0.1.0-rc2/7aa9b3e16d85c2aae5eff741265315a37c9f731a/tensorflow-lite-metadata-0.1.0-rc2.jar because:
  Build cache is disabled
  Caching not enabled.
Caching disabled for ExternalDependencyInstrumentingArtifactTransform: /home/runner/.gradle/caches/modules-2/files-2.1/com.google.flatbuffers/flatbuffers-java/1.12.0/8201cc7b511177a37071249e891f2f2fea4b32e9/flatbuffers-java-1.12.0.jar because:
  Build cache is disabled
  Caching not enabled.
Caching disabled for ExternalDependencyInstrumentingArtifactTransform: /home/runner/.gradle/caches/modules-2/files-2.1/org.jetbrains.kotlin/kotlin-gradle-plugin-idea-proto/1.9.24/6cbed8e30d8dd9893288df9c90b0e63845484650/kotlin-gradle-plugin-idea-proto-1.9.24.jar because:
  Build cache is disabled
  Caching not enabled.
Caching disabled for ExternalDependencyInstrumentingArtifactTransform: /home/runner/.gradle/caches/modules-2/files-2.1/org.jetbrains.kotlin/kotlin-gradle-plugin-idea/1.9.24/83cf5d4acdbf6c1e7b32ca96cb79b96e4cce032e/kotlin-gradle-plugin-idea-1.9.24.jar because:
  Build cache is disabled
  Caching not enabled.
Caching disabled for ExternalDependencyInstrumentingArtifactTransform: /home/runner/.gradle/caches/modules-2/files-2.1/org.jetbrains.kotlin/kotlin-klib-commonizer-api/1.9.24/77da2fbc04153a45bb3ef1370256128e5547b388/kotlin-klib-commonizer-api-1.9.24.jar because:
  Build cache is disabled
  Caching not enabled.
Caching disabled for ExternalDependencyInstrumentingArtifactTransform: /home/runner/.gradle/caches/modules-2/files-2.1/org.jetbrains.kotlin/kotlin-native-utils/1.9.24/55c5f408d8febbc4858a5adfae9d2bec1853ae54/kotlin-native-utils-1.9.24.jar because:
  Build cache is disabled
  Caching not enabled.
Caching disabled for ExternalDependencyInstrumentingArtifactTransform: /home/runner/.gradle/caches/modules-2/files-2.1/org.jetbrains.kotlin/kotlin-util-klib/1.9.24/d66bfd072c4f44b520afbed38641853770a819f8/kotlin-util-klib-1.9.24.jar because:
  Build cache is disabled
  Caching not enabled.
Caching disabled for ExternalDependencyInstrumentingArtifactTransform: /home/runner/.gradle/caches/modules-2/files-2.1/org.jetbrains.kotlin/kotlin-build-tools-api/1.9.24/7815f17102735413773a54a9baa742358225cf77/kotlin-build-tools-api-1.9.24.jar because:
  Build cache is disabled
  Caching not enabled.
Caching disabled for ExternalDependencyInstrumentingArtifactTransform: /home/runner/.gradle/caches/modules-2/files-2.1/org.jetbrains.kotlin/kotlin-android-extensions/1.9.24/8f507629deb592b3378eea1797506bf35c370159/kotlin-android-extensions-1.9.24.jar because:
  Build cache is disabled
  Caching not enabled.
Caching disabled for ExternalDependencyInstrumentingArtifactTransform: /home/runner/.gradle/caches/modules-2/files-2.1/org.jetbrains.kotlin/kotlin-compiler-runner/1.9.24/ca8384aa1ed84329f3811f628cc016631d17e65/kotlin-compiler-runner-1.9.24.jar because:
  Build cache is disabled
  Caching not enabled.
Caching disabled for ExternalDependencyInstrumentingArtifactTransform: /home/runner/.gradle/caches/modules-2/files-2.1/org.jetbrains.kotlin/kotlin-compiler-embeddable/1.9.24/78dab849090e6c5e2eadb6e59a11cdc28fb67a08/kotlin-compiler-embeddable-1.9.24.jar because:
  Build cache is disabled
  Caching not enabled.
Caching disabled for ExternalDependencyInstrumentingArtifactTransform: /home/runner/.gradle/caches/modules-2/files-2.1/org.jetbrains.kotlin/kotlin-scripting-compiler-embeddable/1.9.24/1e6b33f8a691420c1265349809192b66b7e56e8b/kotlin-scripting-compiler-embeddable-1.9.24.jar because:
  Build cache is disabled
  Caching not enabled.
Caching disabled for ExternalDependencyInstrumentingArtifactTransform: /home/runner/.gradle/caches/modules-2/files-2.1/org.jetbrains.kotlin/kotlin-scripting-compiler-impl-embeddable/1.9.24/e1c67ba2d4663fbb142770f473230acc84ffdc07/kotlin-scripting-compiler-impl-embeddable-1.9.24.jar because:
  Build cache is disabled
  Caching not enabled.
Caching disabled for ExternalDependencyInstrumentingArtifactTransform: /home/runner/.gradle/caches/modules-2/files-2.1/com.google.jimfs/jimfs/1.1/8fbd0579dc68aba6186935cc1bee21d2f3e7ec1c/jimfs-1.1.jar because:
  Build cache is disabled
  Caching not enabled.
Caching disabled for ExternalDependencyInstrumentingArtifactTransform: /home/runner/.gradle/caches/modules-2/files-2.1/io.grpc/grpc-context/1.57.0/8d8f26a9b0bed637ee4592e1df3ef134ed2c54fd/grpc-context-1.57.0.jar because:
  Build cache is disabled
  Caching not enabled.
Caching disabled for ExternalDependencyInstrumentingArtifactTransform: /home/runner/.gradle/caches/modules-2/files-2.1/io.grpc/grpc-protobuf-lite/1.57.0/ca0084219b71d29cd9bfc3b81780aca91a965753/grpc-protobuf-lite-1.57.0.jar because:
  Build cache is disabled
  Caching not enabled.
Caching disabled for ExternalDependencyInstrumentingArtifactTransform: /home/runner/.gradle/caches/modules-2/files-2.1/io.grpc/grpc-api/1.57.0/768ab3e583b213a3672ec776e70765b594e8bbe5/grpc-api-1.57.0.jar because:
  Build cache is disabled
  Caching not enabled.
Caching disabled for ExternalDependencyInstrumentingArtifactTransform: /home/runner/.gradle/caches/modules-2/files-2.1/com.google.guava/guava/32.0.1-jre/6e5d51a72d142f2d40a57dfb897188b36a95b489/guava-32.0.1-jre.jar because:
  Build cache is disabled
  Caching not enabled.
Caching disabled for ExternalDependencyInstrumentingArtifactTransform: /home/runner/.gradle/caches/modules-2/files-2.1/com.google.dagger/dagger/2.28.3/10d83810ef9e19714116ed518896c90c6606d633/dagger-2.28.3.jar because:
  Build cache is disabled
  Caching not enabled.
Caching disabled for ExternalDependencyInstrumentingArtifactTransform: /home/runner/.gradle/caches/modules-2/files-2.1/javax.inject/javax.inject/1/6975da39a7040257bd51d21a231b76c915872d38/javax.inject-1.jar because:
  Build cache is disabled
  Caching not enabled.
Caching disabled for ExternalDependencyInstrumentingArtifactTransform: /home/runner/.gradle/caches/modules-2/files-2.1/org.bouncycastle/bcutil-jdk18on/1.77/de3eaef351545fe8562cf29ddff4a403a45b49b7/bcutil-jdk18on-1.77.jar because:
  Build cache is disabled
  Caching not enabled.
Caching disabled for ExternalDependencyInstrumentingArtifactTransform: /home/runner/.gradle/caches/modules-2/files-2.1/org.bouncycastle/bcprov-jdk18on/1.77/2cc971b6c20949c1ff98d1a4bc741ee848a09523/bcprov-jdk18on-1.77.jar because:
  Build cache is disabled
  Caching not enabled.
Caching disabled for ExternalDependencyInstrumentingArtifactTransform: /home/runner/.gradle/caches/modules-2/files-2.1/org.jetbrains.intellij.deps/trove4j/1.0.20200330/3afb14d5f9ceb459d724e907a21145e8ff394f02/trove4j-1.0.20200330.jar because:
  Build cache is disabled
  Caching not enabled.
Caching disabled for ExternalDependencyInstrumentingArtifactTransform: /home/runner/.gradle/caches/modules-2/files-2.1/org.apache.commons/commons-compress/1.21/4ec95b60d4e86b5c95a0e919cb172a0af98011ef/commons-compress-1.21.jar because:
  Build cache is disabled
  Caching not enabled.
Caching disabled for ExternalDependencyInstrumentingArtifactTransform: /home/runner/.gradle/caches/modules-2/files-2.1/org.apache.httpcomponents/httpclient/4.5.14/1194890e6f56ec29177673f2f12d0b8e627dec98/httpclient-4.5.14.jar because:
  Build cache is disabled
  Caching not enabled.
Caching disabled for ExternalDependencyInstrumentingArtifactTransform: /home/runner/.gradle/caches/modules-2/files-2.1/org.apache.httpcomponents/httpcore/4.4.16/51cf043c87253c9f58b539c9f7e44c8894223850/httpcore-4.4.16.jar because:
  Build cache is disabled
  Caching not enabled.
Caching disabled for ExternalDependencyInstrumentingArtifactTransform: /home/runner/.gradle/caches/modules-2/files-2.1/com.sun.activation/javax.activation/1.2.0/bf744c1e2776ed1de3c55c8dac1057ec331ef744/javax.activation-1.2.0.jar because:
  Build cache is disabled
  Caching not enabled.
Caching disabled for ExternalDependencyInstrumentingArtifactTransform: /home/runner/.gradle/caches/modules-2/files-2.1/com.android/signflinger/8.5.2/13f035dd8e7e470ff8f3216a0b46333187f26df5/signflinger-8.5.2.jar because:
  Build cache is disabled
  Caching not enabled.
Caching disabled for ExternalDependencyInstrumentingArtifactTransform: /home/runner/.gradle/caches/modules-2/files-2.1/com.android/zipflinger/8.5.2/de8e3267995699af356740cf562cbedb485f5763/zipflinger-8.5.2.jar because:
  Build cache is disabled
  Caching not enabled.
Caching disabled for ExternalDependencyInstrumentingArtifactTransform: /home/runner/.gradle/caches/modules-2/files-2.1/com.android.tools/annotations/31.5.2/1946e7f75bc1615b4abfc0f83899934dfcbdf1fc/annotations-31.5.2.jar because:
  Build cache is disabled
  Caching not enabled.
Caching disabled for ExternalDependencyInstrumentingArtifactTransform: /home/runner/.gradle/caches/modules-2/files-2.1/net.java.dev.jna/jna-platform/5.6.0/d18424ffb8bbfd036d71bcaab9b546858f2ef986/jna-platform-5.6.0.jar because:
  Build cache is disabled
  Caching not enabled.
Caching disabled for ExternalDependencyInstrumentingArtifactTransform: /home/runner/.gradle/caches/modules-2/files-2.1/com.googlecode.juniversalchardet/juniversalchardet/1.0.3/cd49678784c46aa8789c060538e0154013bb421b/juniversalchardet-1.0.3.jar because:
  Build cache is disabled
  Caching not enabled.
Caching disabled for ExternalDependencyInstrumentingArtifactTransform: /home/runner/.gradle/caches/modules-2/files-2.1/javax.annotation/javax.annotation-api/1.3.2/934c04d3cfef185a8008e7bf34331b79730a9d43/javax.annotation-api-1.3.2.jar because:
  Build cache is disabled
  Caching not enabled.
Caching disabled for ExternalDependencyInstrumentingArtifactTransform: /home/runner/.gradle/caches/modules-2/files-2.1/org.jvnet.staxex/stax-ex/1.8.1/78011e483a21102fb4858f3e8f269a677e50aa23/stax-ex-1.8.1.jar because:
  Build cache is disabled
  Caching not enabled.
Caching disabled for ExternalDependencyInstrumentingArtifactTransform: /home/runner/.gradle/caches/modules-2/files-2.1/jakarta.xml.bind/jakarta.xml.bind-api/2.3.2/8d49996a4338670764d7ca4b85a1c4ccf7fe665d/jakarta.xml.bind-api-2.3.2.jar because:
  Build cache is disabled
  Caching not enabled.
Caching disabled for ExternalDependencyInstrumentingArtifactTransform: /home/runner/.gradle/caches/modules-2/files-2.1/org.glassfish.jaxb/txw2/2.3.2/ce5be7da2e442c25ec14c766cb60cb802741727b/txw2-2.3.2.jar because:
  Build cache is disabled
  Caching not enabled.
Caching disabled for ExternalDependencyInstrumentingArtifactTransform: /home/runner/.gradle/caches/modules-2/files-2.1/com.sun.istack/istack-commons-runtime/3.0.8/d6a97364045aa6b99bf2d3c566a3f98599c2d296/istack-commons-runtime-3.0.8.jar because:
  Build cache is disabled
  Caching not enabled.
Caching disabled for ExternalDependencyInstrumentingArtifactTransform: /home/runner/.gradle/caches/modules-2/files-2.1/com.sun.xml.fastinfoset/FastInfoset/1.2.16/4eb6a0adad553bf759ffe86927df6f3b848c8bea/FastInfoset-1.2.16.jar because:
  Build cache is disabled
  Caching not enabled.
Caching disabled for ExternalDependencyInstrumentingArtifactTransform: /home/runner/.gradle/caches/modules-2/files-2.1/jakarta.activation/jakarta.activation-api/1.2.1/562a587face36ec7eff2db7f2fc95425c6602bc1/jakarta.activation-api-1.2.1.jar because:
  Build cache is disabled
  Caching not enabled.
Caching disabled for ExternalDependencyInstrumentingArtifactTransform: /home/runner/.gradle/caches/modules-2/files-2.1/com.google.auto.value/auto-value-annotations/1.6.2/ed193d86e0af90cc2342aedbe73c5d86b03fa09b/auto-value-annotations-1.6.2.jar because:
  Build cache is disabled
  Caching not enabled.
Caching disabled for ExternalDependencyInstrumentingArtifactTransform: /home/runner/.gradle/caches/modules-2/files-2.1/com.google.errorprone/error_prone_annotations/2.18.0/89b684257096f548fa39a7df9fdaa409d4d4df91/error_prone_annotations-2.18.0.jar because:
  Build cache is disabled
  Caching not enabled.
Caching disabled for ExternalDependencyInstrumentingArtifactTransform: /home/runner/.gradle/caches/modules-2/files-2.1/org.bitbucket.b_c/jose4j/0.9.5/e4ca26802488e6f16e24558d74ac8775a955fdd3/jose4j-0.9.5.jar because:
  Build cache is disabled
  Caching not enabled.
Caching disabled for ExternalDependencyInstrumentingArtifactTransform: /home/runner/.gradle/caches/modules-2/files-2.1/org.slf4j/slf4j-api/1.7.30/b5a4b6d16ab13e34a88fae84c35cd5d68cac922c/slf4j-api-1.7.30.jar because:
  Build cache is disabled
  Caching not enabled.
Caching disabled for ExternalDependencyInstrumentingArtifactTransform: /home/runner/.gradle/caches/modules-2/files-2.1/org.jdom/jdom2/2.0.6/6f14738ec2e9dd0011e343717fa624a10f8aab64/jdom2-2.0.6.jar because:
  Build cache is disabled
  Caching not enabled.
Caching disabled for ExternalDependencyInstrumentingArtifactTransform: /home/runner/.gradle/caches/modules-2/files-2.1/com.google.code.findbugs/jsr305/3.0.2/25ea2e8b0c338a877313bd4672d3fe056ea78f0d/jsr305-3.0.2.jar because:
  Build cache is disabled
  Caching not enabled.
Caching disabled for ExternalDependencyInstrumentingArtifactTransform: /home/runner/.gradle/caches/modules-2/files-2.1/com.google.j2objc/j2objc-annotations/2.8/c85270e307e7b822f1086b93689124b89768e273/j2objc-annotations-2.8.jar because:
  Build cache is disabled
  Caching not enabled.
Caching disabled for ExternalDependencyInstrumentingArtifactTransform: /home/runner/.gradle/caches/modules-2/files-2.1/com.google.android/annotations/4.1.1.4/a1678ba907bf92691d879fef34e1a187038f9259/annotations-4.1.1.4.jar because:
  Build cache is disabled
  Caching not enabled.
Caching disabled for ExternalDependencyInstrumentingArtifactTransform: /home/runner/.gradle/caches/modules-2/files-2.1/org.codehaus.mojo/animal-sniffer-annotations/1.23/3c0daebd5f0e1ce72cc50c818321ac957aeb5d70/animal-sniffer-annotations-1.23.jar because:
  Build cache is disabled
  Caching not enabled.
Caching disabled for ExternalDependencyInstrumentingArtifactTransform: /home/runner/.gradle/caches/modules-2/files-2.1/io.perfmark/perfmark-api/0.26.0/ef65452adaf20bf7d12ef55913aba24037b82738/perfmark-api-0.26.0.jar because:
  Build cache is disabled
  Caching not enabled.
Caching disabled for ExternalDependencyInstrumentingArtifactTransform: /home/runner/.gradle/caches/modules-2/files-2.1/io.netty/netty-codec-http2/4.1.93.Final/f1625b43bde13ec057da0d2fe381ded2547a70e/netty-codec-http2-4.1.93.Final.jar because:
  Build cache is disabled
  Caching not enabled.
Caching disabled for ExternalDependencyInstrumentingArtifactTransform: /home/runner/.gradle/caches/modules-2/files-2.1/io.netty/netty-handler-proxy/4.1.93.Final/c165c1efe1b9c0cc22546a057b530611a088768b/netty-handler-proxy-4.1.93.Final.jar because:
  Build cache is disabled
  Caching not enabled.
Caching disabled for ExternalDependencyInstrumentingArtifactTransform: /home/runner/.gradle/caches/modules-2/files-2.1/io.netty/netty-codec-http/4.1.93.Final/36acf0c94d03eb6ecef78a749a32cbb7dc0c57b4/netty-codec-http-4.1.93.Final.jar because:
  Build cache is disabled
  Caching not enabled.
Caching disabled for ExternalDependencyInstrumentingArtifactTransform: /home/runner/.gradle/caches/modules-2/files-2.1/io.netty/netty-handler/4.1.93.Final/10f7ed9d8e1bfcba416074c70e5388be96116bfc/netty-handler-4.1.93.Final.jar because:
  Build cache is disabled
  Caching not enabled.
Caching disabled for ExternalDependencyInstrumentingArtifactTransform: /home/runner/.gradle/caches/modules-2/files-2.1/io.netty/netty-transport-native-unix-common/4.1.93.Final/f4fb8b4c8da539091f43abcbb9f0389e48807eea/netty-transport-native-unix-common-4.1.93.Final.jar because:
  Build cache is disabled
  Caching not enabled.
Caching disabled for ExternalDependencyInstrumentingArtifactTransform: /home/runner/.gradle/caches/modules-2/files-2.1/org.checkerframework/checker-qual/3.33.0/de2b60b62da487644fc11f734e73c8b0b431238f/checker-qual-3.33.0.jar because:
  Build cache is disabled
  Caching not enabled.
Caching disabled for ExternalDependencyInstrumentingArtifactTransform: /home/runner/.gradle/caches/modules-2/files-2.1/commons-codec/commons-codec/1.11/3acb4705652e16236558f0f4f2192cc33c3bd189/commons-codec-1.11.jar because:
  Build cache is disabled
  Caching not enabled.
Caching disabled for ExternalDependencyInstrumentingArtifactTransform: /home/runner/.gradle/caches/modules-2/files-2.1/com.android.tools.build/apksig/8.5.2/d51ecbc4a5b7a2c7832586a4dde18f61d92810a4/apksig-8.5.2.jar because:
  Build cache is disabled
  Caching not enabled.
Caching disabled for ExternalDependencyInstrumentingArtifactTransform: /home/runner/.gradle/caches/modules-2/files-2.1/com.squareup/javawriter/2.5.0/81241ff7078ef14f42ea2a8995fa09c096256e6b/javawriter-2.5.0.jar because:
  Build cache is disabled
  Caching not enabled.
Caching disabled for ExternalDependencyInstrumentingArtifactTransform: /home/runner/.gradle/caches/modules-2/files-2.1/org.jetbrains.kotlin/kotlin-gradle-plugin-annotations/1.9.24/cdee65760ea002d55b21e0be9965eea982278312/kotlin-gradle-plugin-annotations-1.9.24.jar because:
  Build cache is disabled
  Caching not enabled.
Caching disabled for ExternalDependencyInstrumentingArtifactTransform: /home/runner/.gradle/caches/modules-2/files-2.1/org.jetbrains.kotlin/kotlin-project-model/1.9.24/3f4faa3597b080350b68256e256f499d5fb9ba37/kotlin-project-model-1.9.24.jar because:
  Build cache is disabled
  Caching not enabled.
Caching disabled for ExternalDependencyInstrumentingArtifactTransform: /home/runner/.gradle/caches/modules-2/files-2.1/org.jetbrains.kotlin/kotlin-tooling-core/1.9.24/bdc01105250e7ecc8bbcf49a21805685cd557dda/kotlin-tooling-core-1.9.24.jar because:
  Build cache is disabled
  Caching not enabled.
Caching disabled for ExternalDependencyInstrumentingArtifactTransform: /home/runner/.gradle/caches/modules-2/files-2.1/org.jetbrains.kotlin/kotlin-util-io/1.9.24/f402c94b93eab99bb1af746126cf979c748064cf/kotlin-util-io-1.9.24.jar because:
  Build cache is disabled
  Caching not enabled.
Caching disabled for ExternalDependencyInstrumentingArtifactTransform: /home/runner/.gradle/caches/modules-2/files-2.1/org.jetbrains.kotlin/kotlin-daemon-embeddable/1.9.24/86685b9c5e8d170925bd9ddbdc263374a6a73281/kotlin-daemon-embeddable-1.9.24.jar because:
  Build cache is disabled
  Caching not enabled.
Caching disabled for ExternalDependencyInstrumentingArtifactTransform: /home/runner/.gradle/caches/modules-2/files-2.1/org.jetbrains.kotlin/kotlin-daemon-client/1.9.24/2e099afd326c9d61474f95bf674fb749a8e150ca/kotlin-daemon-client-1.9.24.jar because:
  Build cache is disabled
  Caching not enabled.
Caching disabled for ExternalDependencyInstrumentingArtifactTransform: /home/runner/.gradle/caches/modules-2/files-2.1/org.jetbrains.kotlinx/kotlinx-coroutines-core-jvm/1.5.0/d8cebccdcddd029022aa8646a5a953ff88b13ac8/kotlinx-coroutines-core-jvm-1.5.0.jar because:
  Build cache is disabled
  Caching not enabled.
Caching disabled for ExternalDependencyInstrumentingArtifactTransform: /home/runner/.gradle/caches/modules-2/files-2.1/org.jetbrains.kotlin/kotlin-scripting-jvm/1.9.24/f179cc31fb89102c0e229c23b7d852d9840e13c7/kotlin-scripting-jvm-1.9.24.jar because:
  Build cache is disabled
  Caching not enabled.
Caching disabled for ExternalDependencyInstrumentingArtifactTransform: /home/runner/.gradle/caches/modules-2/files-2.1/org.jetbrains.kotlin/kotlin-scripting-common/1.9.24/48e672815d9b6bb7fcebb8c1bd2de0c449e4fb16/kotlin-scripting-common-1.9.24.jar because:
  Build cache is disabled
  Caching not enabled.
Caching disabled for ExternalDependencyInstrumentingArtifactTransform: /home/runner/.gradle/caches/modules-2/files-2.1/com.google.guava/failureaccess/1.0.1/1dcf1de382a0bf95a3d8b0849546c88bac1292c9/failureaccess-1.0.1.jar because:
  Build cache is disabled
  Caching not enabled.
Caching disabled for ExternalDependencyInstrumentingArtifactTransform: /home/runner/.gradle/caches/modules-2/files-2.1/com.google.guava/listenablefuture/9999.0-empty-to-avoid-conflict-with-guava/b421526c5f297295adef1c886e5246c39d4ac629/listenablefuture-9999.0-empty-to-avoid-conflict-with-guava.jar because:
  Build cache is disabled
  Caching not enabled.
Caching disabled for ExternalDependencyInstrumentingArtifactTransform: /home/runner/.gradle/caches/modules-2/files-2.1/commons-logging/commons-logging/1.2/4bfc12adfe4842bf07b657f0369c4cb522955686/commons-logging-1.2.jar because:
  Build cache is disabled
  Caching not enabled.
Caching disabled for ExternalDependencyInstrumentingArtifactTransform: /home/runner/.gradle/caches/modules-2/files-2.1/net.java.dev.jna/jna/5.6.0/330f2244e9030119ab3030fc3fededc86713d9cc/jna-5.6.0.jar because:
  Build cache is disabled
  Caching not enabled.
Caching disabled for ExternalDependencyInstrumentingArtifactTransform: /home/runner/.gradle/caches/modules-2/files-2.1/io.netty/netty-codec-socks/4.1.93.Final/81ca78969afc60073e47c3b7b361cc3839392c73/netty-codec-socks-4.1.93.Final.jar because:
  Build cache is disabled
  Caching not enabled.
Caching disabled for ExternalDependencyInstrumentingArtifactTransform: /home/runner/.gradle/caches/modules-2/files-2.1/io.netty/netty-codec/4.1.93.Final/503badb458b6586632be8d1f81aa4e5ab99a80fc/netty-codec-4.1.93.Final.jar because:
  Build cache is disabled
  Caching not enabled.
Caching disabled for ExternalDependencyInstrumentingArtifactTransform: /home/runner/.gradle/caches/modules-2/files-2.1/io.netty/netty-transport/4.1.93.Final/1a0894915c8027ce83b4d6a811c4e765955efd15/netty-transport-4.1.93.Final.jar because:
  Build cache is disabled
  Caching not enabled.
Caching disabled for ExternalDependencyInstrumentingArtifactTransform: /home/runner/.gradle/caches/modules-2/files-2.1/io.netty/netty-buffer/4.1.93.Final/87fac21f4ef95157866b07b48e3c707a2f13c581/netty-buffer-4.1.93.Final.jar because:
  Build cache is disabled
  Caching not enabled.
Caching disabled for ExternalDependencyInstrumentingArtifactTransform: /home/runner/.gradle/caches/modules-2/files-2.1/io.netty/netty-resolver/4.1.93.Final/3860e99075f9e078364ed38f6d6fc8825b7a168a/netty-resolver-4.1.93.Final.jar because:
  Build cache is disabled
  Caching not enabled.
Caching disabled for ExternalDependencyInstrumentingArtifactTransform: /home/runner/.gradle/caches/modules-2/files-2.1/io.netty/netty-common/4.1.93.Final/1cfc49b91b0d3ddb30c9f7d8467e5d02ae8babdf/netty-common-4.1.93.Final.jar because:
  Build cache is disabled
  Caching not enabled.

> Configure project :app
Evaluating project ':app' using build file '/home/runner/work/AuraBrowse/AuraBrowse/app/build.gradle.kts'.
Cannot use Kotlin build script compile avoidance with /home/runner/.gradle/caches/modules-2/files-2.1/com.android.tools.build/gradle/8.5.2/4b23047cf1c913fe92387e56d1ddd9e0482f7508/gradle-8.5.2.jar: class com/android/build/gradle/internal/utils/GuavaKtxKt: inline fun immutableListBuilder(): compile avoidance is not supported with public inline functions
Cannot use Kotlin build script compile avoidance with /home/runner/.gradle/caches/modules-2/files-2.1/com.android.tools/sdk-common/31.5.2/ef25e2fe8106a2a8677068468d6c69ab88809181/sdk-common-31.5.2.jar: class com/android/ide/common/util/EnumUtilsKt: inline fun enumValueOfOrDefault(): compile avoidance is not supported with public inline functions
Cannot use Kotlin build script compile avoidance with /home/runner/.gradle/caches/modules-2/files-2.1/com.android.tools/common/31.5.2/4b2b3a9cca24af535bfb0050d253a219a69c9039/common-31.5.2.jar: class com/android/utils/NodeCollectionHelperKt: inline fun forEach(): compile avoidance is not supported with public inline functions
Cannot use Kotlin build script compile avoidance with /home/runner/.gradle/caches/modules-2/files-2.1/org.jetbrains.kotlin/kotlin-gradle-plugin/1.9.24/b6f5f875b19f9240f2e83e00f6f2b9dff1ebc2c3/kotlin-gradle-plugin-1.9.24-gradle82.jar: class org/jetbrains/kotlin/gradle/internal/KaptWithAndroid: inline fun androidVariantData(): compile avoidance is not supported with public inline functions
Cannot use Kotlin build script compile avoidance with /home/runner/.gradle/caches/modules-2/files-2.1/com.android.tools.build/bundletool/1.16.0/88e6c67d315e7d2a860bb00b1bd93914f2c4fd33/bundletool-1.16.0.jar: class shadow/bundletool/com/android/utils/NodeCollectionHelperKt: inline fun forEach(): compile avoidance is not supported with public inline functions
Cannot use Kotlin build script compile avoidance with /home/runner/.gradle/caches/modules-2/files-2.1/org.jetbrains.kotlin/kotlin-gradle-plugin-idea-proto/1.9.24/6cbed8e30d8dd9893288df9c90b0e63845484650/kotlin-gradle-plugin-idea-proto-1.9.24.jar: class org/jetbrains/kotlin/gradle/idea/proto/generated/IdeaExtrasProtoKt$Dsl: inline fun setValues(): compile avoidance is not supported with public inline functions
Cannot use Kotlin build script compile avoidance with /home/runner/.gradle/caches/modules-2/files-2.1/org.jetbrains.kotlin/kotlin-gradle-plugin-idea/1.9.24/83cf5d4acdbf6c1e7b32ca96cb79b96e4cce032e/kotlin-gradle-plugin-idea-1.9.24.jar: class org/jetbrains/kotlin/gradle/idea/serialize/IdeaKotlinExtrasSerializer$Companion: inline fun javaIoSerializable(): compile avoidance is not supported with public inline functions
Cannot use Kotlin build script compile avoidance with /home/runner/.gradle/caches/modules-2/files-2.1/org.jetbrains.kotlin/kotlin-compiler-embeddable/1.9.24/78dab849090e6c5e2eadb6e59a11cdc28fb67a08/kotlin-compiler-embeddable-1.9.24.jar: class org/jetbrains/kotlin/konan/file/FileKt: inline fun use(): compile avoidance is not supported with public inline functions
Cannot use Kotlin build script compile avoidance with /home/runner/.gradle/caches/modules-2/files-2.1/org.jetbrains.kotlin/kotlin-tooling-core/1.9.24/bdc01105250e7ecc8bbcf49a21805685cd557dda/kotlin-tooling-core-1.9.24.jar: class org/jetbrains/kotlin/tooling/core/ClosureKt: inline fun closure(): compile avoidance is not supported with public inline functions
Cannot use Kotlin build script compile avoidance with /home/runner/.gradle/caches/modules-2/files-2.1/org.jetbrains.kotlin/kotlin-util-io/1.9.24/f402c94b93eab99bb1af746126cf979c748064cf/kotlin-util-io-1.9.24.jar: class org/jetbrains/kotlin/konan/file/FileKt: inline fun use(): compile avoidance is not supported with public inline functions
Cannot use Kotlin build script compile avoidance with /home/runner/.gradle/caches/modules-2/files-2.1/org.jetbrains.kotlinx/kotlinx-coroutines-core-jvm/1.5.0/d8cebccdcddd029022aa8646a5a953ff88b13ac8/kotlinx-coroutines-core-jvm-1.5.0.jar: class kotlinx/coroutines/CoroutineScopeKt: inline fun currentCoroutineContext(): compile avoidance is not supported with public inline functions
Caching disabled for Kotlin DSL script compilation (Project/TopLevel/stage1) because:
  Build cache is disabled
Using default execution profile
Using Kotlin Gradle Plugin gradle82 variant
Caching disabled for Kotlin DSL accessors for project ':app' because:
  Build cache is disabled
Caching disabled for Kotlin DSL script compilation (Project/TopLevel/stage2) because:
  Build cache is disabled
Parsed shrinker version: 8.5.35
All projects evaluated.
Task name matched 'assembleDebug'
Selected primary task 'assembleDebug' from project :
WARNING: We recommend using a newer Android Gradle plugin to use compileSdk = 35

This Android Gradle plugin (8.5.2) was tested up to compileSdk = 34.

You are strongly encouraged to update your project to use a newer
Android Gradle plugin that has been tested with compileSdk = 35.

If you are already using the latest version of the Android Gradle plugin,
you may need to wait until a newer version with support for compileSdk = 35 is available.

For more information refer to the compatibility table:
https://d.android.com/r/tools/api-level-support

To suppress this warning, add/update
    android.suppressUnsupportedCompileSdk=35
to this project's gradle.properties.
Tasks to be executed: [task ':app:preBuild', task ':app:preDebugBuild', task ':app:mergeDebugNativeDebugMetadata', task ':app:checkKotlinGradlePluginConfigurationErrors', task ':app:generateDebugBuildConfig', task ':app:checkDebugAarMetadata', task ':app:generateDebugResValues', task ':app:mapDebugSourceSetPaths', task ':app:generateDebugResources', task ':app:mergeDebugResources', task ':app:packageDebugResources', task ':app:parseDebugLocalResources', task ':app:createDebugCompatibleScreenManifests', task ':app:extractDeepLinksDebug', task ':app:processDebugMainManifest', task ':app:processDebugManifest', task ':app:processDebugManifestForPackage', task ':app:processDebugResources', task ':app:kspDebugKotlin', task ':app:compileDebugKotlin', task ':app:javaPreCompileDebug', task ':app:compileDebugJavaWithJavac', task ':app:mergeDebugShaders', task ':app:compileDebugShaders', task ':app:generateDebugAssets', task ':app:mergeDebugAssets', task ':app:compressDebugAssets', task ':app:desugarDebugFileDependencies', task ':app:dexBuilderDebug', task ':app:mergeDebugGlobalSynthetics', task ':app:processDebugJavaRes', task ':app:mergeDebugJavaResource', task ':app:checkDebugDuplicateClasses', task ':app:mergeDebugStartupProfile', task ':app:mergeExtDexDebug', task ':app:mergeLibDexDebug', task ':app:mergeProjectDexDebug', task ':app:mergeDebugJniLibFolders', task ':app:mergeDebugNativeLibs', task ':app:stripDebugDebugSymbols', task ':app:validateSigningDebug', task ':app:writeDebugAppMetadata', task ':app:writeDebugSigningConfigVersions', task ':app:packageDebug', task ':app:createDebugApkListingFileRedirect', task ':app:assembleDebug']
Tasks that were excluded: []
Resolve mutations for :app:preBuild (Thread[Execution worker,5,main]) started.
:app:preBuild (Thread[Execution worker,5,main]) started.

> Task :app:preBuild UP-TO-DATE
Skipping task ':app:preBuild' as it has no actions.
Resolve mutations for :app:preDebugBuild (Thread[Execution worker,5,main]) started.
:app:preDebugBuild (Thread[Execution worker,5,main]) started.

> Task :app:preDebugBuild UP-TO-DATE
Skipping task ':app:preDebugBuild' as it has no actions.
Resolve mutations for :app:mergeDebugNativeDebugMetadata (Thread[included builds,5,main]) started.
:app:mergeDebugNativeDebugMetadata (Thread[included builds,5,main]) started.

> Task :app:mergeDebugNativeDebugMetadata NO-SOURCE
Skipping task ':app:mergeDebugNativeDebugMetadata' as it has no source files and no previous output files.
Resolve mutations for :app:checkKotlinGradlePluginConfigurationErrors (Thread[Execution worker,5,main]) started.
:app:checkKotlinGradlePluginConfigurationErrors (Thread[Execution worker,5,main]) started.

> Task :app:checkKotlinGradlePluginConfigurationErrors
Caching disabled for task ':app:checkKotlinGradlePluginConfigurationErrors' because:
  Build cache is disabled
Task ':app:checkKotlinGradlePluginConfigurationErrors' is not up-to-date because:
  Task has not declared any outputs despite executing actions.
Resolve mutations for :app:generateDebugBuildConfig (Thread[Execution worker,5,main]) started.
:app:generateDebugBuildConfig (Thread[Execution worker,5,main]) started.

> Task :app:generateDebugBuildConfig
Caching disabled for task ':app:generateDebugBuildConfig' because:
  Build cache is disabled
Task ':app:generateDebugBuildConfig' is not up-to-date because:
  No history is available.
Resolve mutations for :app:checkDebugAarMetadata (Thread[Execution worker,5,main]) started.
:app:checkDebugAarMetadata (Thread[Execution worker,5,main]) started.

> Task :app:checkDebugAarMetadata
Resource missing. [HTTP GET: https://dl.google.com/dl/android/maven2/org/jetbrains/kotlin/kotlin-stdlib/1.9.24/kotlin-stdlib-1.9.24.pom]
Downloading https://dl.google.com/dl/android/maven2/androidx/core/core-ktx/1.13.1/core-ktx-1.13.1.pom to /home/runner/.gradle/.tmp/gradle_download2456561507127869053bin
Downloading https://dl.google.com/dl/android/maven2/androidx/core/core-ktx/1.13.1/core-ktx-1.13.1.module to /home/runner/.gradle/.tmp/gradle_download1585337569869190216bin
Downloading https://dl.google.com/dl/android/maven2/androidx/lifecycle/lifecycle-viewmodel-compose/2.8.2/lifecycle-viewmodel-compose-2.8.2.pom to /home/runner/.gradle/.tmp/gradle_download7967659031658763110bin
Downloading https://repo.maven.apache.org/maven2/org/jetbrains/kotlin/kotlin-stdlib/1.9.24/kotlin-stdlib-1.9.24.pom to /home/runner/.gradle/.tmp/gradle_download5199053661849586232bin
Downloading https://dl.google.com/dl/android/maven2/androidx/activity/activity-compose/1.9.0/activity-compose-1.9.0.pom to /home/runner/.gradle/.tmp/gradle_download5965581853289522896bin
Downloading https://dl.google.com/dl/android/maven2/androidx/lifecycle/lifecycle-viewmodel-compose/2.8.2/lifecycle-viewmodel-compose-2.8.2.module to /home/runner/.gradle/.tmp/gradle_download14940298550784630899bin
Downloading https://dl.google.com/dl/android/maven2/androidx/activity/activity-compose/1.9.0/activity-compose-1.9.0.module to /home/runner/.gradle/.tmp/gradle_download3247525574430912248bin
Downloading https://repo.maven.apache.org/maven2/org/jetbrains/kotlin/kotlin-stdlib/1.9.24/kotlin-stdlib-1.9.24.module to /home/runner/.gradle/.tmp/gradle_download5500930607652569722bin
Downloading https://dl.google.com/dl/android/maven2/androidx/compose/ui/ui-tooling-preview/1.6.8/ui-tooling-preview-1.6.8.pom to /home/runner/.gradle/.tmp/gradle_download3743719268988774611bin
Downloading https://dl.google.com/dl/android/maven2/androidx/compose/foundation/foundation/1.6.8/foundation-1.6.8.pom to /home/runner/.gradle/.tmp/gradle_download15332876677806305588bin
Downloading https://dl.google.com/dl/android/maven2/androidx/compose/foundation/foundation/1.6.8/foundation-1.6.8.module to /home/runner/.gradle/.tmp/gradle_download8255892784693441155bin
Downloading https://dl.google.com/dl/android/maven2/androidx/room/room-runtime/2.6.1/room-runtime-2.6.1.pom to /home/runner/.gradle/.tmp/gradle_download18423236689965519981bin
Downloading https://dl.google.com/dl/android/maven2/androidx/compose/material3/material3/1.2.1/material3-1.2.1.pom to /home/runner/.gradle/.tmp/gradle_download633068558641207511bin
Downloading https://dl.google.com/dl/android/maven2/androidx/room/room-runtime/2.6.1/room-runtime-2.6.1.module to /home/runner/.gradle/.tmp/gradle_download4993531361212820910bin
Downloading https://dl.google.com/dl/android/maven2/androidx/compose/ui/ui-tooling-preview/1.6.8/ui-tooling-preview-1.6.8.module to /home/runner/.gradle/.tmp/gradle_download4108609736528142739bin
Downloading https://dl.google.com/dl/android/maven2/androidx/room/room-ktx/2.6.1/room-ktx-2.6.1.pom to /home/runner/.gradle/.tmp/gradle_download1541581819600215369bin
Resource missing. [HTTP GET: https://dl.google.com/dl/android/maven2/com/squareup/okhttp3/okhttp/4.12.0/okhttp-4.12.0.pom]
Downloading https://dl.google.com/dl/android/maven2/androidx/compose/ui/ui/1.6.8/ui-1.6.8.pom to /home/runner/.gradle/.tmp/gradle_download1986131129283305464bin
Downloading https://dl.google.com/dl/android/maven2/androidx/room/room-ktx/2.6.1/room-ktx-2.6.1.module to /home/runner/.gradle/.tmp/gradle_download18326604902920211913bin
Downloading https://repo.maven.apache.org/maven2/com/squareup/okhttp3/okhttp/4.12.0/okhttp-4.12.0.pom to /home/runner/.gradle/.tmp/gradle_download4259084785873569038bin
Downloading https://dl.google.com/dl/android/maven2/androidx/compose/material3/material3/1.2.1/material3-1.2.1.module to /home/runner/.gradle/.tmp/gradle_download2905960741185615600bin
Downloading https://repo.maven.apache.org/maven2/com/squareup/okhttp3/okhttp/4.12.0/okhttp-4.12.0.module to /home/runner/.gradle/.tmp/gradle_download2001075224642919391bin
Downloading https://dl.google.com/dl/android/maven2/androidx/compose/ui/ui/1.6.8/ui-1.6.8.module to /home/runner/.gradle/.tmp/gradle_download2233849256351289366bin
Downloading https://dl.google.com/dl/android/maven2/androidx/annotation/annotation/1.1.0/annotation-1.1.0.pom to /home/runner/.gradle/.tmp/gradle_download4653165208964331111bin
Downloading https://dl.google.com/dl/android/maven2/androidx/core/core/1.13.1/core-1.13.1.pom to /home/runner/.gradle/.tmp/gradle_download5904528309055212077bin
Downloading https://dl.google.com/dl/android/maven2/androidx/core/core/1.13.1/core-1.13.1.module to /home/runner/.gradle/.tmp/gradle_download4272512554517252668bin
Downloading https://dl.google.com/dl/android/maven2/androidx/activity/activity-ktx/1.9.0/activity-ktx-1.9.0.pom to /home/runner/.gradle/.tmp/gradle_download15150398475926272871bin
Downloading https://dl.google.com/dl/android/maven2/androidx/compose/runtime/runtime/1.0.1/runtime-1.0.1.pom to /home/runner/.gradle/.tmp/gradle_download7853039634512074876bin
Downloading https://dl.google.com/dl/android/maven2/androidx/lifecycle/lifecycle-viewmodel/2.6.1/lifecycle-viewmodel-2.6.1.pom to /home/runner/.gradle/.tmp/gradle_download9362997381637160931bin
Downloading https://dl.google.com/dl/android/maven2/androidx/compose/runtime/runtime-saveable/1.0.1/runtime-saveable-1.0.1.pom to /home/runner/.gradle/.tmp/gradle_download6125808999985889259bin
Downloading https://dl.google.com/dl/android/maven2/androidx/compose/runtime/runtime/1.0.1/runtime-1.0.1.module to /home/runner/.gradle/.tmp/gradle_download15957933273187709843bin
Downloading https://dl.google.com/dl/android/maven2/androidx/activity/activity-ktx/1.9.0/activity-ktx-1.9.0.module to /home/runner/.gradle/.tmp/gradle_download5561344227161221874bin
Downloading https://dl.google.com/dl/android/maven2/androidx/compose/runtime/runtime-saveable/1.0.1/runtime-saveable-1.0.1.module to /home/runner/.gradle/.tmp/gradle_download72466032398849010bin
Downloading https://dl.google.com/dl/android/maven2/androidx/lifecycle/lifecycle-viewmodel/2.6.1/lifecycle-viewmodel-2.6.1.module to /home/runner/.gradle/.tmp/gradle_download11659516535168279724bin
Downloading https://dl.google.com/dl/android/maven2/androidx/lifecycle/lifecycle-viewmodel-compose-android/2.8.2/lifecycle-viewmodel-compose-android-2.8.2.pom to /home/runner/.gradle/.tmp/gradle_download9383490713102469599bin
Downloading https://dl.google.com/dl/android/maven2/androidx/lifecycle/lifecycle-viewmodel-compose-android/2.8.2/lifecycle-viewmodel-compose-android-2.8.2.module to /home/runner/.gradle/.tmp/gradle_download5042744638907514790bin
Downloading https://dl.google.com/dl/android/maven2/androidx/compose/ui/ui-android/1.6.8/ui-android-1.6.8.pom to /home/runner/.gradle/.tmp/gradle_download3023861899827537522bin
Downloading https://dl.google.com/dl/android/maven2/androidx/compose/ui/ui-android/1.6.8/ui-android-1.6.8.module to /home/runner/.gradle/.tmp/gradle_download5828087811080244438bin
Downloading https://dl.google.com/dl/android/maven2/androidx/compose/ui/ui-tooling-preview-android/1.6.8/ui-tooling-preview-android-1.6.8.pom to /home/runner/.gradle/.tmp/gradle_download5636158209170361750bin
Downloading https://dl.google.com/dl/android/maven2/androidx/compose/ui/ui-tooling-preview-android/1.6.8/ui-tooling-preview-android-1.6.8.module to /home/runner/.gradle/.tmp/gradle_download16803123181962058357bin
Downloading https://dl.google.com/dl/android/maven2/androidx/compose/foundation/foundation-android/1.6.8/foundation-android-1.6.8.pom to /home/runner/.gradle/.tmp/gradle_download11641945954762601010bin
Downloading https://dl.google.com/dl/android/maven2/androidx/compose/foundation/foundation-android/1.6.8/foundation-android-1.6.8.module to /home/runner/.gradle/.tmp/gradle_download4463037887729817424bin
Downloading https://dl.google.com/dl/android/maven2/androidx/compose/material3/material3-android/1.2.1/material3-android-1.2.1.pom to /home/runner/.gradle/.tmp/gradle_download17236105627420642104bin
Downloading https://dl.google.com/dl/android/maven2/androidx/compose/material3/material3-android/1.2.1/material3-android-1.2.1.module to /home/runner/.gradle/.tmp/gradle_download1310015594854379190bin
Downloading https://dl.google.com/dl/android/maven2/androidx/annotation/annotation-experimental/1.1.0-rc01/annotation-experimental-1.1.0-rc01.pom to /home/runner/.gradle/.tmp/gradle_download15615863552469766009bin
Downloading https://dl.google.com/dl/android/maven2/androidx/sqlite/sqlite/2.4.0/sqlite-2.4.0.pom to /home/runner/.gradle/.tmp/gradle_download14383546217161484251bin
Downloading https://dl.google.com/dl/android/maven2/androidx/arch/core/core-runtime/2.2.0/core-runtime-2.2.0.pom to /home/runner/.gradle/.tmp/gradle_download13019711661608695850bin
Downloading https://dl.google.com/dl/android/maven2/androidx/room/room-common/2.6.1/room-common-2.6.1.pom to /home/runner/.gradle/.tmp/gradle_download3217497463669710715bin
Downloading https://dl.google.com/dl/android/maven2/androidx/annotation/annotation-experimental/1.1.0-rc01/annotation-experimental-1.1.0-rc01.module to /home/runner/.gradle/.tmp/gradle_download17810393092143441147bin
Downloading https://dl.google.com/dl/android/maven2/androidx/sqlite/sqlite/2.4.0/sqlite-2.4.0.module to /home/runner/.gradle/.tmp/gradle_download2499320252763347876bin
Downloading https://dl.google.com/dl/android/maven2/androidx/room/room-common/2.6.1/room-common-2.6.1.module to /home/runner/.gradle/.tmp/gradle_download2534225362039874261bin
Downloading https://dl.google.com/dl/android/maven2/androidx/arch/core/core-runtime/2.2.0/core-runtime-2.2.0.module to /home/runner/.gradle/.tmp/gradle_download9229456150413862722bin
Downloading https://dl.google.com/dl/android/maven2/androidx/sqlite/sqlite-framework/2.4.0/sqlite-framework-2.4.0.pom to /home/runner/.gradle/.tmp/gradle_download10443927254819626007bin
Downloading https://dl.google.com/dl/android/maven2/androidx/sqlite/sqlite-framework/2.4.0/sqlite-framework-2.4.0.module to /home/runner/.gradle/.tmp/gradle_download13136259143322383354bin
Resource missing. [HTTP GET: https://dl.google.com/dl/android/maven2/org/jetbrains/kotlinx/kotlinx-coroutines-android/1.7.1/kotlinx-coroutines-android-1.7.1.pom]
Downloading https://repo.maven.apache.org/maven2/org/jetbrains/kotlinx/kotlinx-coroutines-android/1.7.1/kotlinx-coroutines-android-1.7.1.pom to /home/runner/.gradle/.tmp/gradle_download8057606661181048368bin
Resource missing. [HTTP GET: https://dl.google.com/dl/android/maven2/org/jetbrains/kotlinx/kotlinx-coroutines-bom/1.7.1/kotlinx-coroutines-bom-1.7.1.pom]
Downloading https://repo.maven.apache.org/maven2/org/jetbrains/kotlinx/kotlinx-coroutines-bom/1.7.1/kotlinx-coroutines-bom-1.7.1.pom to /home/runner/.gradle/.tmp/gradle_download3163377794307805619bin
Downloading https://repo.maven.apache.org/maven2/org/jetbrains/kotlinx/kotlinx-coroutines-android/1.7.1/kotlinx-coroutines-android-1.7.1.module to /home/runner/.gradle/.tmp/gradle_download8278629732860581623bin
Resource missing. [HTTP GET: https://dl.google.com/dl/android/maven2/com/squareup/okio/okio/3.6.0/okio-3.6.0.pom]
Downloading https://repo.maven.apache.org/maven2/com/squareup/okio/okio/3.6.0/okio-3.6.0.pom to /home/runner/.gradle/.tmp/gradle_download2783300676555212981bin
Downloading https://repo.maven.apache.org/maven2/com/squareup/okio/okio/3.6.0/okio-3.6.0.module to /home/runner/.gradle/.tmp/gradle_download2550713989890459877bin
Downloading https://dl.google.com/dl/android/maven2/androidx/annotation/annotation/1.6.0/annotation-1.6.0.pom to /home/runner/.gradle/.tmp/gradle_download4745840161772848000bin
Downloading https://dl.google.com/dl/android/maven2/androidx/annotation/annotation/1.6.0/annotation-1.6.0.module to /home/runner/.gradle/.tmp/gradle_download9885375928380335638bin
Downloading https://dl.google.com/dl/android/maven2/androidx/annotation/annotation-experimental/1.4.0/annotation-experimental-1.4.0.pom to /home/runner/.gradle/.tmp/gradle_download16307438831029738938bin
Downloading https://dl.google.com/dl/android/maven2/androidx/annotation/annotation-experimental/1.4.0/annotation-experimental-1.4.0.module to /home/runner/.gradle/.tmp/gradle_download2323311530823019157bin
Downloading https://dl.google.com/dl/android/maven2/androidx/concurrent/concurrent-futures/1.0.0/concurrent-futures-1.0.0.pom to /home/runner/.gradle/.tmp/gradle_download1010307099607056051bin
Downloading https://dl.google.com/dl/android/maven2/androidx/lifecycle/lifecycle-runtime/2.6.2/lifecycle-runtime-2.6.2.pom to /home/runner/.gradle/.tmp/gradle_download6487741391677399606bin
Downloading https://dl.google.com/dl/android/maven2/androidx/collection/collection/1.0.0/collection-1.0.0.pom to /home/runner/.gradle/.tmp/gradle_download11354491540668982960bin
Downloading https://dl.google.com/dl/android/maven2/androidx/interpolator/interpolator/1.0.0/interpolator-1.0.0.pom to /home/runner/.gradle/.tmp/gradle_download15488248461799685451bin
Downloading https://dl.google.com/dl/android/maven2/androidx/versionedparcelable/versionedparcelable/1.1.1/versionedparcelable-1.1.1.pom to /home/runner/.gradle/.tmp/gradle_download15921806695674001747bin
Downloading https://dl.google.com/dl/android/maven2/androidx/lifecycle/lifecycle-runtime/2.6.2/lifecycle-runtime-2.6.2.module to /home/runner/.gradle/.tmp/gradle_download8546881985341400205bin
Resource missing. [HTTP GET: https://dl.google.com/dl/android/maven2/org/jetbrains/kotlin/kotlin-stdlib-jdk8/1.8.21/kotlin-stdlib-jdk8-1.8.21.pom]
Downloading https://repo.maven.apache.org/maven2/org/jetbrains/kotlin/kotlin-stdlib-jdk8/1.8.21/kotlin-stdlib-jdk8-1.8.21.pom to /home/runner/.gradle/.tmp/gradle_download9308883009084832877bin
Downloading https://dl.google.com/dl/android/maven2/androidx/savedstate/savedstate-ktx/1.2.1/savedstate-ktx-1.2.1.pom to /home/runner/.gradle/.tmp/gradle_download9026996155083025074bin
Downloading https://dl.google.com/dl/android/maven2/androidx/lifecycle/lifecycle-viewmodel-ktx/2.6.1/lifecycle-viewmodel-ktx-2.6.1.pom to /home/runner/.gradle/.tmp/gradle_download1916573182222396269bin
Downloading https://dl.google.com/dl/android/maven2/androidx/lifecycle/lifecycle-runtime-ktx/2.6.1/lifecycle-runtime-ktx-2.6.1.pom to /home/runner/.gradle/.tmp/gradle_download1538475694888432833bin
Downloading https://dl.google.com/dl/android/maven2/androidx/activity/activity/1.9.0/activity-1.9.0.pom to /home/runner/.gradle/.tmp/gradle_download5256553280527493656bin
Downloading https://dl.google.com/dl/android/maven2/androidx/savedstate/savedstate-ktx/1.2.1/savedstate-ktx-1.2.1.module to /home/runner/.gradle/.tmp/gradle_download5701723990038704588bin
Downloading https://dl.google.com/dl/android/maven2/androidx/lifecycle/lifecycle-viewmodel-ktx/2.6.1/lifecycle-viewmodel-ktx-2.6.1.module to /home/runner/.gradle/.tmp/gradle_download13449394021654144408bin
Downloading https://dl.google.com/dl/android/maven2/androidx/activity/activity/1.9.0/activity-1.9.0.module to /home/runner/.gradle/.tmp/gradle_download2986118768715119144bin
Downloading https://dl.google.com/dl/android/maven2/androidx/lifecycle/lifecycle-runtime-ktx/2.6.1/lifecycle-runtime-ktx-2.6.1.module to /home/runner/.gradle/.tmp/gradle_download17827284520788017420bin
Downloading https://dl.google.com/dl/android/maven2/androidx/annotation/annotation/1.8.0/annotation-1.8.0.pom to /home/runner/.gradle/.tmp/gradle_download1246490609370901506bin
Downloading https://dl.google.com/dl/android/maven2/androidx/annotation/annotation/1.8.0/annotation-1.8.0.module to /home/runner/.gradle/.tmp/gradle_download3428915195565547943bin
Downloading https://dl.google.com/dl/android/maven2/androidx/compose/runtime/runtime/1.6.0/runtime-1.6.0.pom to /home/runner/.gradle/.tmp/gradle_download956461550722222860bin
Downloading https://dl.google.com/dl/android/maven2/androidx/compose/runtime/runtime/1.6.0/runtime-1.6.0.module to /home/runner/.gradle/.tmp/gradle_download4231511603472836631bin
Downloading https://dl.google.com/dl/android/maven2/androidx/lifecycle/lifecycle-runtime/2.8.2/lifecycle-runtime-2.8.2.pom to /home/runner/.gradle/.tmp/gradle_download5429201865387606984bin
Downloading https://dl.google.com/dl/android/maven2/androidx/lifecycle/lifecycle-runtime/2.8.2/lifecycle-runtime-2.8.2.module to /home/runner/.gradle/.tmp/gradle_download12841152914758390650bin
Downloading https://dl.google.com/dl/android/maven2/androidx/lifecycle/lifecycle-viewmodel/2.8.2/lifecycle-viewmodel-2.8.2.pom to /home/runner/.gradle/.tmp/gradle_download13108878961714538287bin
Downloading https://dl.google.com/dl/android/maven2/androidx/lifecycle/lifecycle-viewmodel/2.8.2/lifecycle-viewmodel-2.8.2.module to /home/runner/.gradle/.tmp/gradle_download1579919298599958125bin
Downloading https://dl.google.com/dl/android/maven2/androidx/lifecycle/lifecycle-runtime-ktx/2.8.2/lifecycle-runtime-ktx-2.8.2.pom to /home/runner/.gradle/.tmp/gradle_download7875138955770199123bin
Downloading https://dl.google.com/dl/android/maven2/androidx/lifecycle/lifecycle-runtime-ktx/2.8.2/lifecycle-runtime-ktx-2.8.2.module to /home/runner/.gradle/.tmp/gradle_download5754407457614960115bin
Downloading https://dl.google.com/dl/android/maven2/androidx/lifecycle/lifecycle-viewmodel-ktx/2.8.2/lifecycle-viewmodel-ktx-2.8.2.pom to /home/runner/.gradle/.tmp/gradle_download10641115832180342781bin
Downloading https://dl.google.com/dl/android/maven2/androidx/lifecycle/lifecycle-viewmodel-ktx/2.8.2/lifecycle-viewmodel-ktx-2.8.2.module to /home/runner/.gradle/.tmp/gradle_download12202331970950670290bin
Downloading https://dl.google.com/dl/android/maven2/androidx/lifecycle/lifecycle-viewmodel-savedstate/2.8.2/lifecycle-viewmodel-savedstate-2.8.2.pom to /home/runner/.gradle/.tmp/gradle_download15339671575257414735bin
Downloading https://dl.google.com/dl/android/maven2/androidx/lifecycle/lifecycle-common/2.8.2/lifecycle-common-2.8.2.pom to /home/runner/.gradle/.tmp/gradle_download9149702198818556173bin
Downloading https://dl.google.com/dl/android/maven2/androidx/lifecycle/lifecycle-viewmodel-savedstate/2.8.2/lifecycle-viewmodel-savedstate-2.8.2.module to /home/runner/.gradle/.tmp/gradle_download6895619873773597341bin
Downloading https://dl.google.com/dl/android/maven2/androidx/lifecycle/lifecycle-common/2.8.2/lifecycle-common-2.8.2.module to /home/runner/.gradle/.tmp/gradle_download4509306271990081452bin
Downloading https://dl.google.com/dl/android/maven2/androidx/collection/collection/1.4.0/collection-1.4.0.pom to /home/runner/.gradle/.tmp/gradle_download1986357030605404124bin
Downloading https://dl.google.com/dl/android/maven2/androidx/collection/collection/1.4.0/collection-1.4.0.module to /home/runner/.gradle/.tmp/gradle_download17997996807989711880bin
Downloading https://dl.google.com/dl/android/maven2/androidx/compose/runtime/runtime/1.6.8/runtime-1.6.8.pom to /home/runner/.gradle/.tmp/gradle_download18034267418526497051bin
Downloading https://dl.google.com/dl/android/maven2/androidx/compose/runtime/runtime/1.6.8/runtime-1.6.8.module to /home/runner/.gradle/.tmp/gradle_download3987501313906199056bin
Downloading https://dl.google.com/dl/android/maven2/androidx/compose/runtime/runtime-saveable/1.6.8/runtime-saveable-1.6.8.pom to /home/runner/.gradle/.tmp/gradle_download4000097916265845875bin
Downloading https://dl.google.com/dl/android/maven2/androidx/compose/runtime/runtime-saveable/1.6.8/runtime-saveable-1.6.8.module to /home/runner/.gradle/.tmp/gradle_download7856175865849844112bin
Downloading https://dl.google.com/dl/android/maven2/androidx/compose/ui/ui-geometry/1.6.8/ui-geometry-1.6.8.pom to /home/runner/.gradle/.tmp/gradle_download7031385984295634921bin
Downloading https://dl.google.com/dl/android/maven2/androidx/compose/ui/ui-text/1.6.8/ui-text-1.6.8.pom to /home/runner/.gradle/.tmp/gradle_download4247392924089645121bin
Downloading https://dl.google.com/dl/android/maven2/androidx/autofill/autofill/1.0.0/autofill-1.0.0.pom to /home/runner/.gradle/.tmp/gradle_download12176242503984371954bin
Downloading https://dl.google.com/dl/android/maven2/androidx/compose/ui/ui-text/1.6.8/ui-text-1.6.8.module to /home/runner/.gradle/.tmp/gradle_download6633832221941154857bin
Downloading https://dl.google.com/dl/android/maven2/androidx/compose/ui/ui-geometry/1.6.8/ui-geometry-1.6.8.module to /home/runner/.gradle/.tmp/gradle_download3191439816478592020bin
Downloading https://dl.google.com/dl/android/maven2/androidx/customview/customview-poolingcontainer/1.0.0/customview-poolingcontainer-1.0.0.pom to /home/runner/.gradle/.tmp/gradle_download4620156246253639435bin
Downloading https://dl.google.com/dl/android/maven2/androidx/compose/ui/ui-graphics/1.6.8/ui-graphics-1.6.8.pom to /home/runner/.gradle/.tmp/gradle_download14089059059594071595bin
Downloading https://dl.google.com/dl/android/maven2/androidx/customview/customview-poolingcontainer/1.0.0/customview-poolingcontainer-1.0.0.module to /home/runner/.gradle/.tmp/gradle_download3662498245732743535bin
Downloading https://dl.google.com/dl/android/maven2/androidx/compose/ui/ui-graphics/1.6.8/ui-graphics-1.6.8.module to /home/runner/.gradle/.tmp/gradle_download14877864495702375231bin
Downloading https://dl.google.com/dl/android/maven2/androidx/compose/ui/ui-unit/1.6.8/ui-unit-1.6.8.pom to /home/runner/.gradle/.tmp/gradle_download1274258835182161118bin
Downloading https://dl.google.com/dl/android/maven2/androidx/emoji2/emoji2/1.2.0/emoji2-1.2.0.pom to /home/runner/.gradle/.tmp/gradle_download13932179097469108085bin
Downloading https://dl.google.com/dl/android/maven2/androidx/profileinstaller/profileinstaller/1.3.0/profileinstaller-1.3.0.pom to /home/runner/.gradle/.tmp/gradle_download8687277680106792457bin
Downloading https://dl.google.com/dl/android/maven2/androidx/compose/ui/ui-util/1.6.8/ui-util-1.6.8.pom to /home/runner/.gradle/.tmp/gradle_download10231134756962157529bin
Downloading https://dl.google.com/dl/android/maven2/androidx/emoji2/emoji2/1.2.0/emoji2-1.2.0.module to /home/runner/.gradle/.tmp/gradle_download8520869891996194521bin
Downloading https://dl.google.com/dl/android/maven2/androidx/profileinstaller/profileinstaller/1.3.0/profileinstaller-1.3.0.module to /home/runner/.gradle/.tmp/gradle_download7385023993490336930bin
Resource missing. [HTTP GET: https://dl.google.com/dl/android/maven2/org/jetbrains/kotlinx/kotlinx-coroutines-core/1.7.1/kotlinx-coroutines-core-1.7.1.pom]
Downloading https://dl.google.com/dl/android/maven2/androidx/compose/ui/ui-unit/1.6.8/ui-unit-1.6.8.module to /home/runner/.gradle/.tmp/gradle_download3415813660664951534bin
Downloading https://repo.maven.apache.org/maven2/org/jetbrains/kotlinx/kotlinx-coroutines-core/1.7.1/kotlinx-coroutines-core-1.7.1.pom to /home/runner/.gradle/.tmp/gradle_download5053725316695047640bin
Downloading https://dl.google.com/dl/android/maven2/androidx/compose/ui/ui-util/1.6.8/ui-util-1.6.8.module to /home/runner/.gradle/.tmp/gradle_download9319936406117466655bin
Downloading https://repo.maven.apache.org/maven2/org/jetbrains/kotlinx/kotlinx-coroutines-core/1.7.1/kotlinx-coroutines-core-1.7.1.module to /home/runner/.gradle/.tmp/gradle_download16685988031313928406bin
Resource missing. [HTTP GET: https://dl.google.com/dl/android/maven2/org/jetbrains/kotlin/kotlin-stdlib-common/1.8.22/kotlin-stdlib-common-1.8.22.pom]
Downloading https://repo.maven.apache.org/maven2/org/jetbrains/kotlin/kotlin-stdlib-common/1.8.22/kotlin-stdlib-common-1.8.22.pom to /home/runner/.gradle/.tmp/gradle_download8187699811909235330bin
Downloading https://dl.google.com/dl/android/maven2/androidx/emoji2/emoji2/1.3.0/emoji2-1.3.0.pom to /home/runner/.gradle/.tmp/gradle_download1769741645338303351bin
Downloading https://dl.google.com/dl/android/maven2/androidx/emoji2/emoji2/1.3.0/emoji2-1.3.0.module to /home/runner/.gradle/.tmp/gradle_download11586675981024839506bin
Downloading https://dl.google.com/dl/android/maven2/androidx/compose/animation/animation/1.6.8/animation-1.6.8.pom to /home/runner/.gradle/.tmp/gradle_download2632477658154057769bin
Downloading https://dl.google.com/dl/android/maven2/androidx/compose/animation/animation/1.6.8/animation-1.6.8.module to /home/runner/.gradle/.tmp/gradle_download11822141033070065905bin
Downloading https://dl.google.com/dl/android/maven2/androidx/compose/foundation/foundation-layout/1.6.8/foundation-layout-1.6.8.pom to /home/runner/.gradle/.tmp/gradle_download70492056895534022bin
Downloading https://dl.google.com/dl/android/maven2/androidx/compose/foundation/foundation-layout/1.6.8/foundation-layout-1.6.8.module to /home/runner/.gradle/.tmp/gradle_download7592536655560138269bin
Downloading https://dl.google.com/dl/android/maven2/androidx/compose/animation/animation-core/1.6.0/animation-core-1.6.0.pom to /home/runner/.gradle/.tmp/gradle_download16175916820814723852bin
Downloading https://dl.google.com/dl/android/maven2/androidx/compose/material/material-ripple/1.6.0/material-ripple-1.6.0.pom to /home/runner/.gradle/.tmp/gradle_download16678613049753506111bin
Downloading https://dl.google.com/dl/android/maven2/androidx/compose/animation/animation-core/1.6.0/animation-core-1.6.0.module to /home/runner/.gradle/.tmp/gradle_download2309906584229238505bin
Downloading https://dl.google.com/dl/android/maven2/androidx/compose/material/material-icons-core/1.6.0/material-icons-core-1.6.0.pom to /home/runner/.gradle/.tmp/gradle_download11987224234848484040bin
Downloading https://dl.google.com/dl/android/maven2/androidx/compose/material/material-ripple/1.6.0/material-ripple-1.6.0.module to /home/runner/.gradle/.tmp/gradle_download10894782556001269399bin
Downloading https://dl.google.com/dl/android/maven2/androidx/compose/material/material-icons-core/1.6.0/material-icons-core-1.6.0.module to /home/runner/.gradle/.tmp/gradle_download16285265603400929140bin
Downloading https://dl.google.com/dl/android/maven2/androidx/lifecycle/lifecycle-common-java8/2.8.2/lifecycle-common-java8-2.8.2.pom to /home/runner/.gradle/.tmp/gradle_download13768981042235126312bin
Downloading https://dl.google.com/dl/android/maven2/androidx/lifecycle/lifecycle-common-java8/2.8.2/lifecycle-common-java8-2.8.2.module to /home/runner/.gradle/.tmp/gradle_download1196686859699381130bin
Downloading https://dl.google.com/dl/android/maven2/androidx/arch/core/core-common/2.2.0/core-common-2.2.0.pom to /home/runner/.gradle/.tmp/gradle_download17718649273172472886bin
Downloading https://dl.google.com/dl/android/maven2/androidx/arch/core/core-common/2.2.0/core-common-2.2.0.module to /home/runner/.gradle/.tmp/gradle_download1168125845869451369bin
Resource missing. [HTTP GET: https://dl.google.com/dl/android/maven2/org/jetbrains/kotlin/kotlin-stdlib-jdk8/1.8.22/kotlin-stdlib-jdk8-1.8.22.pom]
Downloading https://repo.maven.apache.org/maven2/org/jetbrains/kotlin/kotlin-stdlib-jdk8/1.8.22/kotlin-stdlib-jdk8-1.8.22.pom to /home/runner/.gradle/.tmp/gradle_download13026886825566596152bin
Resource missing. [HTTP GET: https://dl.google.com/dl/android/maven2/com/squareup/okio/okio-jvm/3.6.0/okio-jvm-3.6.0.pom]
Downloading https://repo.maven.apache.org/maven2/com/squareup/okio/okio-jvm/3.6.0/okio-jvm-3.6.0.pom to /home/runner/.gradle/.tmp/gradle_download17409850666280237185bin
Downloading https://repo.maven.apache.org/maven2/com/squareup/okio/okio-jvm/3.6.0/okio-jvm-3.6.0.module to /home/runner/.gradle/.tmp/gradle_download8504784620787829630bin
Resource missing. [HTTP GET: https://dl.google.com/dl/android/maven2/com/google/guava/listenablefuture/1.0/listenablefuture-1.0.pom]
Downloading https://repo.maven.apache.org/maven2/com/google/guava/listenablefuture/1.0/listenablefuture-1.0.pom to /home/runner/.gradle/.tmp/gradle_download4884709799027686225bin
Downloading https://dl.google.com/dl/android/maven2/androidx/profileinstaller/profileinstaller/1.3.1/profileinstaller-1.3.1.pom to /home/runner/.gradle/.tmp/gradle_download15696095919664611381bin
Downloading https://dl.google.com/dl/android/maven2/androidx/profileinstaller/profileinstaller/1.3.1/profileinstaller-1.3.1.module to /home/runner/.gradle/.tmp/gradle_download17340820139054525454bin
Downloading https://dl.google.com/dl/android/maven2/androidx/tracing/tracing/1.0.0/tracing-1.0.0.pom to /home/runner/.gradle/.tmp/gradle_download12041946834093081125bin
Downloading https://dl.google.com/dl/android/maven2/androidx/savedstate/savedstate/1.2.1/savedstate-1.2.1.pom to /home/runner/.gradle/.tmp/gradle_download18112761215168219199bin
Downloading https://dl.google.com/dl/android/maven2/androidx/tracing/tracing/1.0.0/tracing-1.0.0.module to /home/runner/.gradle/.tmp/gradle_download14046508395803705482bin
Downloading https://dl.google.com/dl/android/maven2/androidx/savedstate/savedstate/1.2.1/savedstate-1.2.1.module to /home/runner/.gradle/.tmp/gradle_download10558967784354527589bin
Resource missing. [HTTP GET: https://dl.google.com/dl/android/maven2/org/jetbrains/kotlin/kotlin-stdlib-common/1.9.24/kotlin-stdlib-common-1.9.24.pom]
Downloading https://repo.maven.apache.org/maven2/org/jetbrains/kotlin/kotlin-stdlib-common/1.9.24/kotlin-stdlib-common-1.9.24.pom to /home/runner/.gradle/.tmp/gradle_download11403503781137009930bin
Downloading https://repo.maven.apache.org/maven2/org/jetbrains/kotlin/kotlin-stdlib-common/1.9.24/kotlin-stdlib-common-1.9.24.module to /home/runner/.gradle/.tmp/gradle_download14902649914588610809bin
Downloading https://dl.google.com/dl/android/maven2/androidx/annotation/annotation-jvm/1.8.0/annotation-jvm-1.8.0.pom to /home/runner/.gradle/.tmp/gradle_download16459537631548196890bin
Downloading https://dl.google.com/dl/android/maven2/androidx/annotation/annotation-jvm/1.8.0/annotation-jvm-1.8.0.module to /home/runner/.gradle/.tmp/gradle_download3096956544328053121bin
Downloading https://dl.google.com/dl/android/maven2/androidx/lifecycle/lifecycle-runtime-android/2.8.2/lifecycle-runtime-android-2.8.2.pom to /home/runner/.gradle/.tmp/gradle_download14894327752125035775bin
Downloading https://dl.google.com/dl/android/maven2/androidx/lifecycle/lifecycle-runtime-android/2.8.2/lifecycle-runtime-android-2.8.2.module to /home/runner/.gradle/.tmp/gradle_download11333249429741401873bin
Downloading https://dl.google.com/dl/android/maven2/androidx/lifecycle/lifecycle-viewmodel-android/2.8.2/lifecycle-viewmodel-android-2.8.2.pom to /home/runner/.gradle/.tmp/gradle_download5345393301755666140bin
Downloading https://dl.google.com/dl/android/maven2/androidx/lifecycle/lifecycle-viewmodel-android/2.8.2/lifecycle-viewmodel-android-2.8.2.module to /home/runner/.gradle/.tmp/gradle_download12150264881987716433bin
Downloading https://dl.google.com/dl/android/maven2/androidx/lifecycle/lifecycle-runtime-ktx-android/2.8.2/lifecycle-runtime-ktx-android-2.8.2.pom to /home/runner/.gradle/.tmp/gradle_download1761331294495265898bin
Downloading https://dl.google.com/dl/android/maven2/androidx/lifecycle/lifecycle-runtime-ktx-android/2.8.2/lifecycle-runtime-ktx-android-2.8.2.module to /home/runner/.gradle/.tmp/gradle_download4887024050227892683bin
Resource missing. [HTTP GET: https://dl.google.com/dl/android/maven2/org/jetbrains/kotlinx/kotlinx-coroutines-android/1.7.3/kotlinx-coroutines-android-1.7.3.pom]
Downloading https://repo.maven.apache.org/maven2/org/jetbrains/kotlinx/kotlinx-coroutines-android/1.7.3/kotlinx-coroutines-android-1.7.3.pom to /home/runner/.gradle/.tmp/gradle_download841767156884922218bin
Resource missing. [HTTP GET: https://dl.google.com/dl/android/maven2/org/jetbrains/kotlinx/kotlinx-coroutines-bom/1.7.3/kotlinx-coroutines-bom-1.7.3.pom]
Downloading https://repo.maven.apache.org/maven2/org/jetbrains/kotlinx/kotlinx-coroutines-bom/1.7.3/kotlinx-coroutines-bom-1.7.3.pom to /home/runner/.gradle/.tmp/gradle_download7594579981064286516bin
Downloading https://repo.maven.apache.org/maven2/org/jetbrains/kotlinx/kotlinx-coroutines-android/1.7.3/kotlinx-coroutines-android-1.7.3.module to /home/runner/.gradle/.tmp/gradle_download5478617617758381293bin
Downloading https://dl.google.com/dl/android/maven2/androidx/lifecycle/lifecycle-common-jvm/2.8.2/lifecycle-common-jvm-2.8.2.pom to /home/runner/.gradle/.tmp/gradle_download14964703102110953257bin
Downloading https://dl.google.com/dl/android/maven2/androidx/lifecycle/lifecycle-common-jvm/2.8.2/lifecycle-common-jvm-2.8.2.module to /home/runner/.gradle/.tmp/gradle_download10258579533776779359bin
Downloading https://dl.google.com/dl/android/maven2/androidx/lifecycle/lifecycle-livedata-core/2.8.2/lifecycle-livedata-core-2.8.2.pom to /home/runner/.gradle/.tmp/gradle_download2253446501466899294bin
Downloading https://dl.google.com/dl/android/maven2/androidx/lifecycle/lifecycle-livedata-core/2.8.2/lifecycle-livedata-core-2.8.2.module to /home/runner/.gradle/.tmp/gradle_download16521663985304558795bin
Downloading https://dl.google.com/dl/android/maven2/androidx/collection/collection-jvm/1.4.0/collection-jvm-1.4.0.pom to /home/runner/.gradle/.tmp/gradle_download12536695112564275691bin
Downloading https://dl.google.com/dl/android/maven2/androidx/collection/collection-jvm/1.4.0/collection-jvm-1.4.0.module to /home/runner/.gradle/.tmp/gradle_download114508428107366120bin
Downloading https://dl.google.com/dl/android/maven2/androidx/compose/runtime/runtime-android/1.6.8/runtime-android-1.6.8.pom to /home/runner/.gradle/.tmp/gradle_download16355370387641663515bin
Downloading https://dl.google.com/dl/android/maven2/androidx/compose/runtime/runtime-android/1.6.8/runtime-android-1.6.8.module to /home/runner/.gradle/.tmp/gradle_download14922619347393825393bin
Downloading https://dl.google.com/dl/android/maven2/androidx/compose/runtime/runtime-saveable-android/1.6.8/runtime-saveable-android-1.6.8.pom to /home/runner/.gradle/.tmp/gradle_download6436736590913174498bin
Downloading https://dl.google.com/dl/android/maven2/androidx/compose/runtime/runtime-saveable-android/1.6.8/runtime-saveable-android-1.6.8.module to /home/runner/.gradle/.tmp/gradle_download4427358736762994406bin
Downloading https://dl.google.com/dl/android/maven2/androidx/compose/ui/ui-geometry-android/1.6.8/ui-geometry-android-1.6.8.pom to /home/runner/.gradle/.tmp/gradle_download7625557205390170268bin
Downloading https://dl.google.com/dl/android/maven2/androidx/compose/ui/ui-geometry-android/1.6.8/ui-geometry-android-1.6.8.module to /home/runner/.gradle/.tmp/gradle_download392727296813117773bin
Downloading https://dl.google.com/dl/android/maven2/androidx/compose/ui/ui-graphics-android/1.6.8/ui-graphics-android-1.6.8.pom to /home/runner/.gradle/.tmp/gradle_download13853537653352936480bin
Downloading https://dl.google.com/dl/android/maven2/androidx/compose/ui/ui-graphics-android/1.6.8/ui-graphics-android-1.6.8.module to /home/runner/.gradle/.tmp/gradle_download14505503259837166948bin
Downloading https://dl.google.com/dl/android/maven2/androidx/compose/ui/ui-text-android/1.6.8/ui-text-android-1.6.8.pom to /home/runner/.gradle/.tmp/gradle_download9632911912545045531bin
Downloading https://dl.google.com/dl/android/maven2/androidx/compose/ui/ui-text-android/1.6.8/ui-text-android-1.6.8.module to /home/runner/.gradle/.tmp/gradle_download15761751206523842642bin
Downloading https://dl.google.com/dl/android/maven2/androidx/compose/ui/ui-unit-android/1.6.8/ui-unit-android-1.6.8.pom to /home/runner/.gradle/.tmp/gradle_download8513708326539500946bin
Downloading https://dl.google.com/dl/android/maven2/androidx/compose/ui/ui-unit-android/1.6.8/ui-unit-android-1.6.8.module to /home/runner/.gradle/.tmp/gradle_download4711635603811249167bin
Downloading https://dl.google.com/dl/android/maven2/androidx/compose/ui/ui-util-android/1.6.8/ui-util-android-1.6.8.pom to /home/runner/.gradle/.tmp/gradle_download3488606425834223842bin
Downloading https://dl.google.com/dl/android/maven2/androidx/compose/ui/ui-util-android/1.6.8/ui-util-android-1.6.8.module to /home/runner/.gradle/.tmp/gradle_download7540923366794441374bin
Resource missing. [HTTP GET: https://dl.google.com/dl/android/maven2/org/jetbrains/kotlinx/kotlinx-coroutines-core-jvm/1.7.1/kotlinx-coroutines-core-jvm-1.7.1.pom]
Downloading https://repo.maven.apache.org/maven2/org/jetbrains/kotlinx/kotlinx-coroutines-core-jvm/1.7.1/kotlinx-coroutines-core-jvm-1.7.1.pom to /home/runner/.gradle/.tmp/gradle_download3387967273272632071bin
Downloading https://repo.maven.apache.org/maven2/org/jetbrains/kotlinx/kotlinx-coroutines-core-jvm/1.7.1/kotlinx-coroutines-core-jvm-1.7.1.module to /home/runner/.gradle/.tmp/gradle_download17479261196340192885bin
Downloading https://dl.google.com/dl/android/maven2/androidx/startup/startup-runtime/1.0.0/startup-runtime-1.0.0.pom to /home/runner/.gradle/.tmp/gradle_download15654458777015953721bin
Downloading https://dl.google.com/dl/android/maven2/androidx/startup/startup-runtime/1.0.0/startup-runtime-1.0.0.module to /home/runner/.gradle/.tmp/gradle_download9290839587024019539bin
Downloading https://dl.google.com/dl/android/maven2/androidx/lifecycle/lifecycle-process/2.8.2/lifecycle-process-2.8.2.pom to /home/runner/.gradle/.tmp/gradle_download147653896721560140bin
Downloading https://dl.google.com/dl/android/maven2/androidx/lifecycle/lifecycle-process/2.8.2/lifecycle-process-2.8.2.module to /home/runner/.gradle/.tmp/gradle_download10161931446430333948bin
Downloading https://dl.google.com/dl/android/maven2/androidx/compose/animation/animation-android/1.6.8/animation-android-1.6.8.pom to /home/runner/.gradle/.tmp/gradle_download16064532706228868395bin
Downloading https://dl.google.com/dl/android/maven2/androidx/compose/animation/animation-android/1.6.8/animation-android-1.6.8.module to /home/runner/.gradle/.tmp/gradle_download3346777280160254643bin
Downloading https://dl.google.com/dl/android/maven2/androidx/compose/foundation/foundation-layout-android/1.6.8/foundation-layout-android-1.6.8.pom to /home/runner/.gradle/.tmp/gradle_download12139145719676454939bin
Downloading https://dl.google.com/dl/android/maven2/androidx/compose/foundation/foundation-layout-android/1.6.8/foundation-layout-android-1.6.8.module to /home/runner/.gradle/.tmp/gradle_download6656962714431943906bin
Downloading https://dl.google.com/dl/android/maven2/androidx/compose/animation/animation-core-android/1.6.0/animation-core-android-1.6.0.pom to /home/runner/.gradle/.tmp/gradle_download3579529442212538312bin
Downloading https://dl.google.com/dl/android/maven2/androidx/compose/animation/animation-core-android/1.6.0/animation-core-android-1.6.0.module to /home/runner/.gradle/.tmp/gradle_download14032338842696795754bin
Downloading https://dl.google.com/dl/android/maven2/androidx/compose/material/material-icons-core-android/1.6.0/material-icons-core-android-1.6.0.pom to /home/runner/.gradle/.tmp/gradle_download5064142041925926620bin
Downloading https://dl.google.com/dl/android/maven2/androidx/compose/material/material-icons-core-android/1.6.0/material-icons-core-android-1.6.0.module to /home/runner/.gradle/.tmp/gradle_download15041675347287523611bin
Downloading https://dl.google.com/dl/android/maven2/androidx/compose/material/material-ripple-android/1.6.0/material-ripple-android-1.6.0.pom to /home/runner/.gradle/.tmp/gradle_download2077168242150878251bin
Downloading https://dl.google.com/dl/android/maven2/androidx/compose/material/material-ripple-android/1.6.0/material-ripple-android-1.6.0.module to /home/runner/.gradle/.tmp/gradle_download7247933862612223968bin
Resource missing. [HTTP GET: https://dl.google.com/dl/android/maven2/org/jetbrains/kotlin/kotlin-stdlib-jdk8/1.9.10/kotlin-stdlib-jdk8-1.9.10.pom]
Downloading https://repo.maven.apache.org/maven2/org/jetbrains/kotlin/kotlin-stdlib-jdk8/1.9.10/kotlin-stdlib-jdk8-1.9.10.pom to /home/runner/.gradle/.tmp/gradle_download425238343148144545bin
Downloading https://dl.google.com/dl/android/maven2/androidx/concurrent/concurrent-futures/1.1.0/concurrent-futures-1.1.0.pom to /home/runner/.gradle/.tmp/gradle_download1132427256954137515bin
Downloading https://dl.google.com/dl/android/maven2/androidx/concurrent/concurrent-futures/1.1.0/concurrent-futures-1.1.0.module to /home/runner/.gradle/.tmp/gradle_download5271498391126732111bin
Downloading https://dl.google.com/dl/android/maven2/androidx/startup/startup-runtime/1.1.1/startup-runtime-1.1.1.pom to /home/runner/.gradle/.tmp/gradle_download13362393005622434816bin
Downloading https://dl.google.com/dl/android/maven2/androidx/startup/startup-runtime/1.1.1/startup-runtime-1.1.1.module to /home/runner/.gradle/.tmp/gradle_download13067141508936712965bin
Resource missing. [HTTP GET: https://dl.google.com/dl/android/maven2/org/jetbrains/kotlinx/kotlinx-coroutines-core/1.7.3/kotlinx-coroutines-core-1.7.3.pom]
Downloading https://repo.maven.apache.org/maven2/org/jetbrains/kotlinx/kotlinx-coroutines-core/1.7.3/kotlinx-coroutines-core-1.7.3.pom to /home/runner/.gradle/.tmp/gradle_download12012885252373104941bin
Downloading https://repo.maven.apache.org/maven2/org/jetbrains/kotlinx/kotlinx-coroutines-core/1.7.3/kotlinx-coroutines-core-1.7.3.module to /home/runner/.gradle/.tmp/gradle_download9554808256976680786bin
Downloading https://dl.google.com/dl/android/maven2/androidx/collection/collection-ktx/1.4.0/collection-ktx-1.4.0.pom to /home/runner/.gradle/.tmp/gradle_download11052636272561598501bin
Downloading https://dl.google.com/dl/android/maven2/androidx/collection/collection-ktx/1.4.0/collection-ktx-1.4.0.module to /home/runner/.gradle/.tmp/gradle_download2547288076107135bin
Downloading https://dl.google.com/dl/android/maven2/androidx/compose/animation/animation-core/1.6.8/animation-core-1.6.8.pom to /home/runner/.gradle/.tmp/gradle_download17874915948562598918bin
Downloading https://dl.google.com/dl/android/maven2/androidx/compose/animation/animation-core/1.6.8/animation-core-1.6.8.module to /home/runner/.gradle/.tmp/gradle_download11601987518117317276bin
Resource missing. [HTTP GET: https://dl.google.com/dl/android/maven2/org/jetbrains/kotlinx/kotlinx-coroutines-core-jvm/1.7.3/kotlinx-coroutines-core-jvm-1.7.3.pom]
Downloading https://repo.maven.apache.org/maven2/org/jetbrains/kotlinx/kotlinx-coroutines-core-jvm/1.7.3/kotlinx-coroutines-core-jvm-1.7.3.pom to /home/runner/.gradle/.tmp/gradle_download8264575053923666879bin
Downloading https://repo.maven.apache.org/maven2/org/jetbrains/kotlinx/kotlinx-coroutines-core-jvm/1.7.3/kotlinx-coroutines-core-jvm-1.7.3.module to /home/runner/.gradle/.tmp/gradle_download4325093089334169748bin
Resource missing. [HTTP GET: https://dl.google.com/dl/android/maven2/org/jetbrains/kotlin/kotlin-stdlib-jdk7/1.9.10/kotlin-stdlib-jdk7-1.9.10.pom]
Downloading https://repo.maven.apache.org/maven2/org/jetbrains/kotlin/kotlin-stdlib-jdk7/1.9.10/kotlin-stdlib-jdk7-1.9.10.pom to /home/runner/.gradle/.tmp/gradle_download2103006391813009161bin
Downloading https://dl.google.com/dl/android/maven2/androidx/compose/animation/animation-core-android/1.6.8/animation-core-android-1.6.8.pom to /home/runner/.gradle/.tmp/gradle_download7732825381038735823bin
Downloading https://dl.google.com/dl/android/maven2/androidx/compose/animation/animation-core-android/1.6.8/animation-core-android-1.6.8.module to /home/runner/.gradle/.tmp/gradle_download5664938947690802119bin
Resource missing. [HTTP GET: https://dl.google.com/dl/android/maven2/org/jetbrains/annotations/23.0.0/annotations-23.0.0.pom]
Downloading https://repo.maven.apache.org/maven2/org/jetbrains/annotations/23.0.0/annotations-23.0.0.pom to /home/runner/.gradle/.tmp/gradle_download9432188551026859258bin
Downloading https://dl.google.com/dl/android/maven2/androidx/activity/activity/1.9.0/activity-1.9.0.aar to /home/runner/.gradle/.tmp/gradle_download10105129364347370451bin
Transforming activity-1.9.0.aar (androidx.activity:activity:1.9.0) with ExtractAarTransform
Caching disabled for ExtractAarTransform: /home/runner/.gradle/caches/modules-2/files-2.1/androidx.activity/activity/1.9.0/f555772773dbe054d7e5306bc490068ef1ba409e/activity-1.9.0.aar because:
  Build cache is disabled
  Caching not enabled.
Downloading https://dl.google.com/dl/android/maven2/androidx/activity/activity-ktx/1.9.0/activity-ktx-1.9.0.aar to /home/runner/.gradle/.tmp/gradle_download10707643077681146345bin
Transforming activity-ktx-1.9.0.aar (androidx.activity:activity-ktx:1.9.0) with ExtractAarTransform
Downloading https://dl.google.com/dl/android/maven2/androidx/activity/activity-compose/1.9.0/activity-compose-1.9.0.aar to /home/runner/.gradle/.tmp/gradle_download17008397784320770560bin
Caching disabled for ExtractAarTransform: /home/runner/.gradle/caches/modules-2/files-2.1/androidx.activity/activity-ktx/1.9.0/5474c5da094e1b9b90d3e9d68b81a0d286b48fdd/activity-ktx-1.9.0.aar because:
  Build cache is disabled
  Caching not enabled.
Transforming activity-1.9.0.aar (androidx.activity:activity:1.9.0) with AarTransform
Downloading https://dl.google.com/dl/android/maven2/androidx/compose/material3/material3-android/1.2.1/material3-android-1.2.1.aar to /home/runner/.gradle/.tmp/gradle_download4914335160538721474bin
Caching disabled for AarTransform: /home/runner/.gradle/caches/transforms-4/71b537acfb41fca7398e9c17ffc01d30/transformed/activity-1.9.0 because:
  Build cache is disabled
  Caching not enabled.
Transforming activity-ktx-1.9.0.aar (androidx.activity:activity-ktx:1.9.0) with AarTransform
Caching disabled for AarTransform: /home/runner/.gradle/caches/transforms-4/1580f9556b4554369b8b66652bcb5397/transformed/activity-ktx-1.9.0 because:
  Build cache is disabled
  Caching not enabled.
Downloading https://dl.google.com/dl/android/maven2/androidx/savedstate/savedstate-ktx/1.2.1/savedstate-ktx-1.2.1.aar to /home/runner/.gradle/.tmp/gradle_download7170579827790488632bin
Downloading https://dl.google.com/dl/android/maven2/androidx/savedstate/savedstate/1.2.1/savedstate-1.2.1.aar to /home/runner/.gradle/.tmp/gradle_download5913012007230529054bin
Transforming savedstate-ktx-1.2.1.aar (androidx.savedstate:savedstate-ktx:1.2.1) with ExtractAarTransform
Transforming savedstate-1.2.1.aar (androidx.savedstate:savedstate:1.2.1) with ExtractAarTransform
Caching disabled for ExtractAarTransform: /home/runner/.gradle/caches/modules-2/files-2.1/androidx.savedstate/savedstate-ktx/1.2.1/b86d338d91b1c26193a42b1d87be9bb02123fa16/savedstate-ktx-1.2.1.aar because:
  Build cache is disabled
  Caching not enabled.
Caching disabled for ExtractAarTransform: /home/runner/.gradle/caches/modules-2/files-2.1/androidx.savedstate/savedstate/1.2.1/e364fc9dec32aa569d855f85864e50250318a093/savedstate-1.2.1.aar because:
  Build cache is disabled
  Caching not enabled.
Transforming savedstate-ktx-1.2.1.aar (androidx.savedstate:savedstate-ktx:1.2.1) with AarTransform
Caching disabled for AarTransform: /home/runner/.gradle/caches/transforms-4/5679e22aad5f3ef3b1890e7aa9fc4ab9/transformed/savedstate-ktx-1.2.1 because:
  Build cache is disabled
  Caching not enabled.
Transforming savedstate-1.2.1.aar (androidx.savedstate:savedstate:1.2.1) with AarTransform
Transforming activity-compose-1.9.0.aar (androidx.activity:activity-compose:1.9.0) with ExtractAarTransform
Caching disabled for AarTransform: /home/runner/.gradle/caches/transforms-4/f0e8eaf470acca0415ef31a789577478/transformed/savedstate-1.2.1 because:
  Build cache is disabled
  Caching not enabled.
Caching disabled for ExtractAarTransform: /home/runner/.gradle/caches/modules-2/files-2.1/androidx.activity/activity-compose/1.9.0/7b9fa701aa5adfbc3d47e41be400d6d57b70fb3a/activity-compose-1.9.0.aar because:
  Build cache is disabled
  Caching not enabled.
Downloading https://dl.google.com/dl/android/maven2/androidx/compose/material/material-icons-core-android/1.6.0/material-icons-core-android-1.6.0.aar to /home/runner/.gradle/.tmp/gradle_download18276184891440680610bin
Downloading https://dl.google.com/dl/android/maven2/androidx/compose/material/material-ripple-android/1.6.0/material-ripple-android-1.6.0.aar to /home/runner/.gradle/.tmp/gradle_download15663222870660342676bin
Transforming material-ripple-release.aar (androidx.compose.material:material-ripple-android:1.6.0) with ExtractAarTransform
Caching disabled for ExtractAarTransform: /home/runner/.gradle/caches/modules-2/files-2.1/androidx.compose.material/material-ripple-android/1.6.0/58b3bb04858ab72f1b9bf5909e0daf091eb01224/material-ripple-release.aar because:
  Build cache is disabled
  Caching not enabled.
Transforming material-icons-core-release.aar (androidx.compose.material:material-icons-core-android:1.6.0) with ExtractAarTransform
Transforming material-ripple-release.aar (androidx.compose.material:material-ripple-android:1.6.0) with AarTransform
Caching disabled for AarTransform: /home/runner/.gradle/caches/transforms-4/afbba87728083bd62933748bcdbeb87b/transformed/material-ripple-release because:
  Build cache is disabled
  Caching not enabled.
Transforming activity-compose-1.9.0.aar (androidx.activity:activity-compose:1.9.0) with AarTransform
Transforming material3-release.aar (androidx.compose.material3:material3-android:1.2.1) with ExtractAarTransform
Caching disabled for ExtractAarTransform: /home/runner/.gradle/caches/modules-2/files-2.1/androidx.compose.material/material-icons-core-android/1.6.0/392feaeeebc7b4cea64b41a5509f84a153731c0/material-icons-core-release.aar because:
  Build cache is disabled
  Caching not enabled.
Downloading https://dl.google.com/dl/android/maven2/androidx/compose/animation/animation-core-android/1.6.8/animation-core-android-1.6.8.aar to /home/runner/.gradle/.tmp/gradle_download11231949040763719406bin
Caching disabled for AarTransform: /home/runner/.gradle/caches/transforms-4/274e3e9d36de99cd6d24741926d80cfe/transformed/activity-compose-1.9.0 because:
  Build cache is disabled
  Caching not enabled.
Transforming material-icons-core-release.aar (androidx.compose.material:material-icons-core-android:1.6.0) with AarTransform
Caching disabled for AarTransform: /home/runner/.gradle/caches/transforms-4/1a97f834232591652b20134e6cb4d43d/transformed/material-icons-core-release because:
  Build cache is disabled
  Caching not enabled.
Transforming animation-core-release.aar (androidx.compose.animation:animation-core-android:1.6.8) with ExtractAarTransform
Downloading https://dl.google.com/dl/android/maven2/androidx/compose/animation/animation-android/1.6.8/animation-android-1.6.8.aar to /home/runner/.gradle/.tmp/gradle_download13943466693571773942bin
Caching disabled for ExtractAarTransform: /home/runner/.gradle/caches/modules-2/files-2.1/androidx.compose.animation/animation-core-android/1.6.8/fbd8dd83ae1e9a99de28f2d2843842500d2991a1/animation-core-release.aar because:
  Build cache is disabled
  Caching not enabled.
Downloading https://dl.google.com/dl/android/maven2/androidx/compose/foundation/foundation-layout-android/1.6.8/foundation-layout-android-1.6.8.aar to /home/runner/.gradle/.tmp/gradle_download17210495505110202263bin
Transforming foundation-layout-release.aar (androidx.compose.foundation:foundation-layout-android:1.6.8) with ExtractAarTransform
Caching disabled for ExtractAarTransform: /home/runner/.gradle/caches/modules-2/files-2.1/androidx.compose.material3/material3-android/1.2.1/bbb13fec1193eecdeccb40452ff184826f4385a2/material3-release.aar because:
  Build cache is disabled
  Caching not enabled.
Transforming animation-release.aar (androidx.compose.animation:animation-android:1.6.8) with ExtractAarTransform
Transforming animation-core-release.aar (androidx.compose.animation:animation-core-android:1.6.8) with AarTransform
Caching disabled for ExtractAarTransform: /home/runner/.gradle/caches/modules-2/files-2.1/androidx.compose.foundation/foundation-layout-android/1.6.8/1116984def629254a4778e2537b9a71e481ab108/foundation-layout-release.aar because:
  Build cache is disabled
  Caching not enabled.
Transforming foundation-layout-release.aar (androidx.compose.foundation:foundation-layout-android:1.6.8) with AarTransform
Caching disabled for AarTransform: /home/runner/.gradle/caches/transforms-4/639d362069d3e1ad8dcba21c83e7453d/transformed/foundation-layout-release because:
  Build cache is disabled
  Caching not enabled.
Caching disabled for ExtractAarTransform: /home/runner/.gradle/caches/modules-2/files-2.1/androidx.compose.animation/animation-android/1.6.8/9738170c0e7188e9a81f9131f1462b872ac70348/animation-release.aar because:
  Build cache is disabled
  Caching not enabled.
Caching disabled for AarTransform: /home/runner/.gradle/caches/transforms-4/0aa94228117f12d43e87b05a3cd75ebe/transformed/animation-core-release because:
  Build cache is disabled
  Caching not enabled.
Downloading https://dl.google.com/dl/android/maven2/androidx/compose/ui/ui-util-android/1.6.8/ui-util-android-1.6.8.aar to /home/runner/.gradle/.tmp/gradle_download9287060231559573688bin
Transforming ui-util-release.aar (androidx.compose.ui:ui-util-android:1.6.8) with ExtractAarTransform
Caching disabled for ExtractAarTransform: /home/runner/.gradle/caches/modules-2/files-2.1/androidx.compose.ui/ui-util-android/1.6.8/d1d3efd637514531d2d8bb6b9c9232b0c4e1db5f/ui-util-release.aar because:
  Build cache is disabled
  Caching not enabled.
Transforming animation-release.aar (androidx.compose.animation:animation-android:1.6.8) with AarTransform
Transforming ui-util-release.aar (androidx.compose.ui:ui-util-android:1.6.8) with AarTransform
Caching disabled for AarTransform: /home/runner/.gradle/caches/transforms-4/c11c232f28d1ce3243aafc1306eb7083/transformed/ui-util-release because:
  Build cache is disabled
  Caching not enabled.
Transforming material3-release.aar (androidx.compose.material3:material3-android:1.2.1) with AarTransform
Caching disabled for AarTransform: /home/runner/.gradle/caches/transforms-4/cdc4495f5fadcbc06e80e604a5986116/transformed/animation-release because:
  Build cache is disabled
  Caching not enabled.
Downloading https://dl.google.com/dl/android/maven2/androidx/compose/ui/ui-graphics-android/1.6.8/ui-graphics-android-1.6.8.aar to /home/runner/.gradle/.tmp/gradle_download4903247915755270181bin
Downloading https://dl.google.com/dl/android/maven2/androidx/compose/ui/ui-unit-android/1.6.8/ui-unit-android-1.6.8.aar to /home/runner/.gradle/.tmp/gradle_download1517255963521260329bin
Transforming ui-unit-release.aar (androidx.compose.ui:ui-unit-android:1.6.8) with ExtractAarTransform
Caching disabled for ExtractAarTransform: /home/runner/.gradle/caches/modules-2/files-2.1/androidx.compose.ui/ui-unit-android/1.6.8/f0db04ece5465e7896040dc069d1ce2444684c12/ui-unit-release.aar because:
  Build cache is disabled
  Caching not enabled.
Transforming ui-unit-release.aar (androidx.compose.ui:ui-unit-android:1.6.8) with AarTransform
Transforming ui-graphics-release.aar (androidx.compose.ui:ui-graphics-android:1.6.8) with ExtractAarTransform
Caching disabled for AarTransform: /home/runner/.gradle/caches/transforms-4/71403411fa14cee0ccf56b67f14490f3/transformed/ui-unit-release because:
  Build cache is disabled
  Caching not enabled.
Downloading https://dl.google.com/dl/android/maven2/androidx/compose/foundation/foundation-android/1.6.8/foundation-android-1.6.8.aar to /home/runner/.gradle/.tmp/gradle_download14063117427989566668bin
Caching disabled for AarTransform: /home/runner/.gradle/caches/transforms-4/a0abdf354e700bcaac1126606a1fdc0d/transformed/material3-release because:
  Build cache is disabled
  Caching not enabled.
Caching disabled for ExtractAarTransform: /home/runner/.gradle/caches/modules-2/files-2.1/androidx.compose.ui/ui-graphics-android/1.6.8/8b49e8408cc4440cdd4b7ac1a31da92a1644570f/ui-graphics-release.aar because:
  Build cache is disabled
  Caching not enabled.
Downloading https://dl.google.com/dl/android/maven2/androidx/compose/ui/ui-geometry-android/1.6.8/ui-geometry-android-1.6.8.aar to /home/runner/.gradle/.tmp/gradle_download12970256362222820865bin
Transforming ui-geometry-release.aar (androidx.compose.ui:ui-geometry-android:1.6.8) with ExtractAarTransform
Caching disabled for ExtractAarTransform: /home/runner/.gradle/caches/modules-2/files-2.1/androidx.compose.ui/ui-geometry-android/1.6.8/ba13d58d5b5cfc483a364cc4f1f7135209c5c131/ui-geometry-release.aar because:
  Build cache is disabled
  Caching not enabled.
Transforming ui-geometry-release.aar (androidx.compose.ui:ui-geometry-android:1.6.8) with AarTransform
Caching disabled for AarTransform: /home/runner/.gradle/caches/transforms-4/d6abce7d29e50cc8636367a9120f8550/transformed/ui-geometry-release because:
  Build cache is disabled
  Caching not enabled.
Transforming ui-graphics-release.aar (androidx.compose.ui:ui-graphics-android:1.6.8) with AarTransform
Downloading https://dl.google.com/dl/android/maven2/androidx/compose/ui/ui-tooling-preview-android/1.6.8/ui-tooling-preview-android-1.6.8.aar to /home/runner/.gradle/.tmp/gradle_download1324421945679903214bin
Transforming ui-tooling-preview-release.aar (androidx.compose.ui:ui-tooling-preview-android:1.6.8) with ExtractAarTransform
Caching disabled for ExtractAarTransform: /home/runner/.gradle/caches/modules-2/files-2.1/androidx.compose.ui/ui-tooling-preview-android/1.6.8/ae4fa0a62fa697326ae236ff9699298d70c3a0da/ui-tooling-preview-release.aar because:
  Build cache is disabled
  Caching not enabled.
Transforming ui-tooling-preview-release.aar (androidx.compose.ui:ui-tooling-preview-android:1.6.8) with AarTransform
Caching disabled for AarTransform: /home/runner/.gradle/caches/transforms-4/6d5e28f5575c3d11687ada3aa6a00f6c/transformed/ui-tooling-preview-release because:
  Build cache is disabled
  Caching not enabled.
Caching disabled for AarTransform: /home/runner/.gradle/caches/transforms-4/ac5fe6c2ae98769af38974bea2f77521/transformed/ui-graphics-release because:
  Build cache is disabled
  Caching not enabled.
Downloading https://dl.google.com/dl/android/maven2/androidx/emoji2/emoji2/1.3.0/emoji2-1.3.0.aar to /home/runner/.gradle/.tmp/gradle_download2400093593352203874bin
Transforming emoji2-1.3.0.aar (androidx.emoji2:emoji2:1.3.0) with ExtractAarTransform
Caching disabled for ExtractAarTransform: /home/runner/.gradle/caches/modules-2/files-2.1/androidx.emoji2/emoji2/1.3.0/37ed42991ddf77924510472dba632314aab1c9d9/emoji2-1.3.0.aar because:
  Build cache is disabled
  Caching not enabled.
Downloading https://dl.google.com/dl/android/maven2/androidx/lifecycle/lifecycle-process/2.8.2/lifecycle-process-2.8.2.aar to /home/runner/.gradle/.tmp/gradle_download797957191392131890bin
Downloading https://dl.google.com/dl/android/maven2/androidx/compose/ui/ui-text-android/1.6.8/ui-text-android-1.6.8.aar to /home/runner/.gradle/.tmp/gradle_download230768286355572004bin
Transforming lifecycle-process-2.8.2.aar (androidx.lifecycle:lifecycle-process:2.8.2) with ExtractAarTransform
Caching disabled for ExtractAarTransform: /home/runner/.gradle/caches/modules-2/files-2.1/androidx.lifecycle/lifecycle-process/2.8.2/ec6bd05611e57b6b4860099130499344722eb020/lifecycle-process-2.8.2.aar because:
  Build cache is disabled
  Caching not enabled.
Transforming emoji2-1.3.0.aar (androidx.emoji2:emoji2:1.3.0) with AarTransform
Transforming lifecycle-process-2.8.2.aar (androidx.lifecycle:lifecycle-process:2.8.2) with AarTransform
Caching disabled for AarTransform: /home/runner/.gradle/caches/transforms-4/394012d86a712eeb776fd32a4339d902/transformed/lifecycle-process-2.8.2 because:
  Build cache is disabled
  Caching not enabled.
Caching disabled for AarTransform: /home/runner/.gradle/caches/transforms-4/8d265db809aefe6ba535572b60a1cbcb/transformed/emoji2-1.3.0 because:
  Build cache is disabled
  Caching not enabled.
Transforming foundation-release.aar (androidx.compose.foundation:foundation-android:1.6.8) with ExtractAarTransform
Transforming ui-text-release.aar (androidx.compose.ui:ui-text-android:1.6.8) with ExtractAarTransform
Downloading https://dl.google.com/dl/android/maven2/androidx/lifecycle/lifecycle-livedata-core/2.8.2/lifecycle-livedata-core-2.8.2.aar to /home/runner/.gradle/.tmp/gradle_download16108627273744228870bin
Transforming lifecycle-livedata-core-2.8.2.aar (androidx.lifecycle:lifecycle-livedata-core:2.8.2) with ExtractAarTransform
Caching disabled for ExtractAarTransform: /home/runner/.gradle/caches/modules-2/files-2.1/androidx.lifecycle/lifecycle-livedata-core/2.8.2/e16707baf014237e13d4f15b8cc02453c74c129f/lifecycle-livedata-core-2.8.2.aar because:
  Build cache is disabled
  Caching not enabled.
Caching disabled for ExtractAarTransform: /home/runner/.gradle/caches/modules-2/files-2.1/androidx.compose.ui/ui-text-android/1.6.8/2395fc8576ef18421e021e90fed09e4e1e555f81/ui-text-release.aar because:
  Build cache is disabled
  Caching not enabled.
Transforming lifecycle-livedata-core-2.8.2.aar (androidx.lifecycle:lifecycle-livedata-core:2.8.2) with AarTransform
Caching disabled for AarTransform: /home/runner/.gradle/caches/transforms-4/6c7a81c1af3a9b7e25cb0eea0f9f8c09/transformed/lifecycle-livedata-core-2.8.2 because:
  Build cache is disabled
  Caching not enabled.
Transforming ui-text-release.aar (androidx.compose.ui:ui-text-android:1.6.8) with AarTransform
Downloading https://dl.google.com/dl/android/maven2/androidx/lifecycle/lifecycle-runtime-ktx-android/2.8.2/lifecycle-runtime-ktx-android-2.8.2.aar to /home/runner/.gradle/.tmp/gradle_download12551712385672343501bin
Transforming lifecycle-runtime-ktx-release.aar (androidx.lifecycle:lifecycle-runtime-ktx-android:2.8.2) with ExtractAarTransform
Caching disabled for ExtractAarTransform: /home/runner/.gradle/caches/modules-2/files-2.1/androidx.lifecycle/lifecycle-runtime-ktx-android/2.8.2/7fa91b90c7e8efc55f058e23a3381981b4858c80/lifecycle-runtime-ktx-release.aar because:
  Build cache is disabled
  Caching not enabled.
Transforming lifecycle-runtime-ktx-release.aar (androidx.lifecycle:lifecycle-runtime-ktx-android:2.8.2) with AarTransform
Caching disabled for AarTransform: /home/runner/.gradle/caches/transforms-4/64bc7d4c8bfb35eaa76f1f5da4d519aa/transformed/lifecycle-runtime-ktx-release because:
  Build cache is disabled
  Caching not enabled.
Caching disabled for AarTransform: /home/runner/.gradle/caches/transforms-4/6a412828cda80e5ee353751e77a7c09b/transformed/ui-text-release because:
  Build cache is disabled
  Caching not enabled.
Downloading https://dl.google.com/dl/android/maven2/androidx/lifecycle/lifecycle-viewmodel-android/2.8.2/lifecycle-viewmodel-android-2.8.2.aar to /home/runner/.gradle/.tmp/gradle_download7270944145039691831bin
Transforming lifecycle-viewmodel-release.aar (androidx.lifecycle:lifecycle-viewmodel-android:2.8.2) with ExtractAarTransform
Caching disabled for ExtractAarTransform: /home/runner/.gradle/caches/modules-2/files-2.1/androidx.lifecycle/lifecycle-viewmodel-android/2.8.2/3b2161a03e902d15dbca56fdd1d9550a5bf261dc/lifecycle-viewmodel-release.aar because:
  Build cache is disabled
  Caching not enabled.
Transforming lifecycle-viewmodel-release.aar (androidx.lifecycle:lifecycle-viewmodel-android:2.8.2) with AarTransform
Caching disabled for AarTransform: /home/runner/.gradle/caches/transforms-4/92b6d95af97bf92e2de41612aaa79ccf/transformed/lifecycle-viewmodel-release because:
  Build cache is disabled
  Caching not enabled.
Downloading https://dl.google.com/dl/android/maven2/androidx/lifecycle/lifecycle-runtime-android/2.8.2/lifecycle-runtime-android-2.8.2.aar to /home/runner/.gradle/.tmp/gradle_download4856953099032848437bin
Downloading https://dl.google.com/dl/android/maven2/androidx/lifecycle/lifecycle-viewmodel-savedstate/2.8.2/lifecycle-viewmodel-savedstate-2.8.2.aar to /home/runner/.gradle/.tmp/gradle_download17177775942621754873bin
Downloading https://dl.google.com/dl/android/maven2/androidx/lifecycle/lifecycle-viewmodel-ktx/2.8.2/lifecycle-viewmodel-ktx-2.8.2.aar to /home/runner/.gradle/.tmp/gradle_download1539346637345499015bin
Transforming lifecycle-viewmodel-savedstate-2.8.2.aar (androidx.lifecycle:lifecycle-viewmodel-savedstate:2.8.2) with ExtractAarTransform
Caching disabled for ExtractAarTransform: /home/runner/.gradle/caches/modules-2/files-2.1/androidx.compose.foundation/foundation-android/1.6.8/e89eb773236627b844b30aa577835656af12fcf9/foundation-release.aar because:
  Build cache is disabled
  Caching not enabled.
Transforming lifecycle-viewmodel-ktx-2.8.2.aar (androidx.lifecycle:lifecycle-viewmodel-ktx:2.8.2) with ExtractAarTransform
Transforming lifecycle-runtime-release.aar (androidx.lifecycle:lifecycle-runtime-android:2.8.2) with ExtractAarTransform
Caching disabled for ExtractAarTransform: /home/runner/.gradle/caches/modules-2/files-2.1/androidx.lifecycle/lifecycle-viewmodel-savedstate/2.8.2/79f175c9c83cce85a1b745344faf143f346a1148/lifecycle-viewmodel-savedstate-2.8.2.aar because:
  Build cache is disabled
  Caching not enabled.
Caching disabled for ExtractAarTransform: /home/runner/.gradle/caches/modules-2/files-2.1/androidx.lifecycle/lifecycle-viewmodel-ktx/2.8.2/e86428bc856c2225d640531cc72d9e377d6bee62/lifecycle-viewmodel-ktx-2.8.2.aar because:
  Build cache is disabled
  Caching not enabled.
Caching disabled for ExtractAarTransform: /home/runner/.gradle/caches/modules-2/files-2.1/androidx.lifecycle/lifecycle-runtime-android/2.8.2/dffce2e5bebea8dc27ec3e6d4ed75d1f13013bb2/lifecycle-runtime-release.aar because:
  Build cache is disabled
  Caching not enabled.
Transforming lifecycle-viewmodel-savedstate-2.8.2.aar (androidx.lifecycle:lifecycle-viewmodel-savedstate:2.8.2) with AarTransform
Transforming lifecycle-viewmodel-ktx-2.8.2.aar (androidx.lifecycle:lifecycle-viewmodel-ktx:2.8.2) with AarTransform
Caching disabled for AarTransform: /home/runner/.gradle/caches/transforms-4/23d761cd93b9a110f6c2616e2d2c6a37/transformed/lifecycle-viewmodel-ktx-2.8.2 because:
  Build cache is disabled
  Caching not enabled.
Caching disabled for AarTransform: /home/runner/.gradle/caches/transforms-4/06641950cff4bfdb55fae8fa2445ec50/transformed/lifecycle-viewmodel-savedstate-2.8.2 because:
  Build cache is disabled
  Caching not enabled.
Transforming lifecycle-runtime-release.aar (androidx.lifecycle:lifecycle-runtime-android:2.8.2) with AarTransform
Caching disabled for AarTransform: /home/runner/.gradle/caches/transforms-4/8c57be880e3f80b7f3edf330f66a862c/transformed/lifecycle-runtime-release because:
  Build cache is disabled
  Caching not enabled.
Downloading https://dl.google.com/dl/android/maven2/androidx/compose/ui/ui-android/1.6.8/ui-android-1.6.8.aar to /home/runner/.gradle/.tmp/gradle_download15776421880880665891bin
Downloading https://dl.google.com/dl/android/maven2/androidx/autofill/autofill/1.0.0/autofill-1.0.0.aar to /home/runner/.gradle/.tmp/gradle_download13095748012103988231bin
Transforming autofill-1.0.0.aar (androidx.autofill:autofill:1.0.0) with ExtractAarTransform
Caching disabled for ExtractAarTransform: /home/runner/.gradle/caches/modules-2/files-2.1/androidx.autofill/autofill/1.0.0/d95a6e3b895ad8f037dd01d88c87138b6d5eb507/autofill-1.0.0.aar because:
  Build cache is disabled
  Caching not enabled.
Transforming autofill-1.0.0.aar (androidx.autofill:autofill:1.0.0) with AarTransform
Caching disabled for AarTransform: /home/runner/.gradle/caches/transforms-4/74c0dbec5820d6e072a07f659d887010/transformed/autofill-1.0.0 because:
  Build cache is disabled
  Caching not enabled.
Downloading https://dl.google.com/dl/android/maven2/androidx/core/core/1.13.1/core-1.13.1.aar to /home/runner/.gradle/.tmp/gradle_download12188835731159121088bin
Downloading https://dl.google.com/dl/android/maven2/androidx/lifecycle/lifecycle-viewmodel-compose-android/2.8.2/lifecycle-viewmodel-compose-android-2.8.2.aar to /home/runner/.gradle/.tmp/gradle_download10076085887812942993bin
Transforming lifecycle-viewmodel-compose-release.aar (androidx.lifecycle:lifecycle-viewmodel-compose-android:2.8.2) with ExtractAarTransform
Caching disabled for ExtractAarTransform: /home/runner/.gradle/caches/modules-2/files-2.1/androidx.lifecycle/lifecycle-viewmodel-compose-android/2.8.2/d90c853825b828f8c46ebb6266bcb997e376304c/lifecycle-viewmodel-compose-release.aar because:
  Build cache is disabled
  Caching not enabled.
Transforming lifecycle-viewmodel-compose-release.aar (androidx.lifecycle:lifecycle-viewmodel-compose-android:2.8.2) with AarTransform
Caching disabled for AarTransform: /home/runner/.gradle/caches/transforms-4/dfb3cb54e2ac90827ba0350aeee3b7fa/transformed/lifecycle-viewmodel-compose-release because:
  Build cache is disabled
  Caching not enabled.
Transforming ui-release.aar (androidx.compose.ui:ui-android:1.6.8) with ExtractAarTransform
Transforming foundation-release.aar (androidx.compose.foundation:foundation-android:1.6.8) with AarTransform
Transforming core-1.13.1.aar (androidx.core:core:1.13.1) with ExtractAarTransform
Transforming core-1.13.1.aar (androidx.core:core:1.13.1) with ExtractAarTransform
Caching disabled for ExtractAarTransform: /home/runner/.gradle/caches/modules-2/files-2.1/androidx.core/core/1.13.1/4606d420282fe1e5c8d5c4e647ec188e1045b7be/core-1.13.1.aar because:
  Build cache is disabled
  Caching not enabled.
Caching disabled for AarTransform: /home/runner/.gradle/caches/transforms-4/243f528b9b2308be770cafd9f2a3310f/transformed/foundation-release because:
  Build cache is disabled
  Caching not enabled.
Transforming core-1.13.1.aar (androidx.core:core:1.13.1) with AarTransform
Transforming core-1.13.1.aar (androidx.core:core:1.13.1) with AarTransform
Caching disabled for ExtractAarTransform: /home/runner/.gradle/caches/modules-2/files-2.1/androidx.compose.ui/ui-android/1.6.8/328694c84a63d2d3d06cec633928f5ab64d0ed1e/ui-release.aar because:
  Build cache is disabled
  Caching not enabled.
Downloading https://dl.google.com/dl/android/maven2/androidx/customview/customview-poolingcontainer/1.0.0/customview-poolingcontainer-1.0.0.aar to /home/runner/.gradle/.tmp/gradle_download11424911614491475114bin
Transforming customview-poolingcontainer-1.0.0.aar (androidx.customview:customview-poolingcontainer:1.0.0) with ExtractAarTransform
Caching disabled for ExtractAarTransform: /home/runner/.gradle/caches/modules-2/files-2.1/androidx.customview/customview-poolingcontainer/1.0.0/579fc832cf0e5be08d8d9571850b50d22d9de3c/customview-poolingcontainer-1.0.0.aar because:
  Build cache is disabled
  Caching not enabled.
Transforming customview-poolingcontainer-1.0.0.aar (androidx.customview:customview-poolingcontainer:1.0.0) with AarTransform
Caching disabled for AarTransform: /home/runner/.gradle/caches/transforms-4/dd42e38183cb7d9a90b69ba4cfad41b5/transformed/customview-poolingcontainer-1.0.0 because:
  Build cache is disabled
  Caching not enabled.
Caching disabled for AarTransform: /home/runner/.gradle/caches/transforms-4/e91d43edd169d12026c8450ba62b92db/transformed/core-1.13.1 because:
  Build cache is disabled
  Caching not enabled.
Downloading https://dl.google.com/dl/android/maven2/androidx/core/core-ktx/1.13.1/core-ktx-1.13.1.aar to /home/runner/.gradle/.tmp/gradle_download14289781393431346749bin
Transforming core-ktx-1.13.1.aar (androidx.core:core-ktx:1.13.1) with ExtractAarTransform
Caching disabled for ExtractAarTransform: /home/runner/.gradle/caches/modules-2/files-2.1/androidx.core/core-ktx/1.13.1/f595b8c10fad9099f71a3c1fc6ded1c9b5010190/core-ktx-1.13.1.aar because:
  Build cache is disabled
  Caching not enabled.
Downloading https://dl.google.com/dl/android/maven2/androidx/room/room-ktx/2.6.1/room-ktx-2.6.1.aar to /home/runner/.gradle/.tmp/gradle_download12295705870755173570bin
Transforming core-ktx-1.13.1.aar (androidx.core:core-ktx:1.13.1) with AarTransform
Downloading https://dl.google.com/dl/android/maven2/androidx/room/room-runtime/2.6.1/room-runtime-2.6.1.aar to /home/runner/.gradle/.tmp/gradle_download10876814559694099325bin
Caching disabled for AarTransform: /home/runner/.gradle/caches/transforms-4/d33bee1637304cf060ddfc55a5600f8f/transformed/core-ktx-1.13.1 because:
  Build cache is disabled
  Caching not enabled.
Transforming room-ktx-2.6.1.aar (androidx.room:room-ktx:2.6.1) with ExtractAarTransform
Transforming room-runtime-2.6.1.aar (androidx.room:room-runtime:2.6.1) with ExtractAarTransform
Caching disabled for ExtractAarTransform: /home/runner/.gradle/caches/modules-2/files-2.1/androidx.room/room-ktx/2.6.1/1f353808ec8a8b2d0a554d2a3f43f0829982df60/room-ktx-2.6.1.aar because:
  Build cache is disabled
  Caching not enabled.
Caching disabled for ExtractAarTransform: /home/runner/.gradle/caches/modules-2/files-2.1/androidx.room/room-runtime/2.6.1/3ebcd7683411c298dd8aeee635f452c96eaf319/room-runtime-2.6.1.aar because:
  Build cache is disabled
  Caching not enabled.
Downloading https://dl.google.com/dl/android/maven2/androidx/sqlite/sqlite-framework/2.4.0/sqlite-framework-2.4.0.aar to /home/runner/.gradle/.tmp/gradle_download18122539353333789579bin
Transforming room-ktx-2.6.1.aar (androidx.room:room-ktx:2.6.1) with AarTransform
Transforming sqlite-framework-2.4.0.aar (androidx.sqlite:sqlite-framework:2.4.0) with ExtractAarTransform
Caching disabled for AarTransform: /home/runner/.gradle/caches/transforms-4/4846b42d71b9682bc33dd8f717247987/transformed/room-ktx-2.6.1 because:
  Build cache is disabled
  Caching not enabled.
Caching disabled for ExtractAarTransform: /home/runner/.gradle/caches/modules-2/files-2.1/androidx.sqlite/sqlite-framework/2.4.0/532d56a4f312d78767534ff1cc2f8084baec6c26/sqlite-framework-2.4.0.aar because:
  Build cache is disabled
  Caching not enabled.
Transforming sqlite-framework-2.4.0.aar (androidx.sqlite:sqlite-framework:2.4.0) with AarTransform
Transforming room-runtime-2.6.1.aar (androidx.room:room-runtime:2.6.1) with AarTransform
Caching disabled for AarTransform: /home/runner/.gradle/caches/transforms-4/cd4a2786e58cc42f09da01120e8ec02c/transformed/sqlite-framework-2.4.0 because:
  Build cache is disabled
  Caching not enabled.
Downloading https://dl.google.com/dl/android/maven2/androidx/sqlite/sqlite/2.4.0/sqlite-2.4.0.aar to /home/runner/.gradle/.tmp/gradle_download16028512382646753032bin
Transforming sqlite-2.4.0.aar (androidx.sqlite:sqlite:2.4.0) with ExtractAarTransform
Caching disabled for AarTransform: /home/runner/.gradle/caches/transforms-4/3491be084682f777f2359a2bc8e00d91/transformed/room-runtime-2.6.1 because:
  Build cache is disabled
  Caching not enabled.
Caching disabled for ExtractAarTransform: /home/runner/.gradle/caches/modules-2/files-2.1/androidx.sqlite/sqlite/2.4.0/cc553e5621c8ad4e233059a724100afa9e2fd1f4/sqlite-2.4.0.aar because:
  Build cache is disabled
  Caching not enabled.
Downloading https://dl.google.com/dl/android/maven2/androidx/annotation/annotation-experimental/1.4.0/annotation-experimental-1.4.0.aar to /home/runner/.gradle/.tmp/gradle_download15939277648924898882bin
Transforming annotation-experimental-1.4.0.aar (androidx.annotation:annotation-experimental:1.4.0) with ExtractAarTransform
Caching disabled for ExtractAarTransform: /home/runner/.gradle/caches/modules-2/files-2.1/androidx.annotation/annotation-experimental/1.4.0/c7a2038d831d0cfbfb9a440890b287c2e839ecf/annotation-experimental-1.4.0.aar because:
  Build cache is disabled
  Caching not enabled.
Transforming annotation-experimental-1.4.0.aar (androidx.annotation:annotation-experimental:1.4.0) with AarTransform
Caching disabled for AarTransform: /home/runner/.gradle/caches/transforms-4/efdcc402ed8e7fa891c97037c96eceec/transformed/annotation-experimental-1.4.0 because:
  Build cache is disabled
  Caching not enabled.
Transforming sqlite-2.4.0.aar (androidx.sqlite:sqlite:2.4.0) with AarTransform
Transforming ui-release.aar (androidx.compose.ui:ui-android:1.6.8) with AarTransform
Caching disabled for AarTransform: /home/runner/.gradle/caches/transforms-4/a2c1f44d85a58bea855e8e881fed3c91/transformed/sqlite-2.4.0 because:
  Build cache is disabled
  Caching not enabled.
Downloading https://dl.google.com/dl/android/maven2/androidx/arch/core/core-runtime/2.2.0/core-runtime-2.2.0.aar to /home/runner/.gradle/.tmp/gradle_download3354121312204056509bin
Transforming core-runtime-2.2.0.aar (androidx.arch.core:core-runtime:2.2.0) with ExtractAarTransform
Caching disabled for ExtractAarTransform: /home/runner/.gradle/caches/modules-2/files-2.1/androidx.arch.core/core-runtime/2.2.0/39705982680d78556b679ef9d5400d4f17509b0b/core-runtime-2.2.0.aar because:
  Build cache is disabled
  Caching not enabled.
Transforming core-runtime-2.2.0.aar (androidx.arch.core:core-runtime:2.2.0) with AarTransform
Caching disabled for AarTransform: /home/runner/.gradle/caches/transforms-4/3b4cbc485de508abdcc6b67de782fc42/transformed/core-runtime-2.2.0 because:
  Build cache is disabled
  Caching not enabled.
Downloading https://dl.google.com/dl/android/maven2/androidx/interpolator/interpolator/1.0.0/interpolator-1.0.0.aar to /home/runner/.gradle/.tmp/gradle_download5061952442730575547bin
Transforming interpolator-1.0.0.aar (androidx.interpolator:interpolator:1.0.0) with ExtractAarTransform
Caching disabled for ExtractAarTransform: /home/runner/.gradle/caches/modules-2/files-2.1/androidx.interpolator/interpolator/1.0.0/8a01fa254a23b9388571eb6334b03707c7d122d7/interpolator-1.0.0.aar because:
  Build cache is disabled
  Caching not enabled.
Transforming interpolator-1.0.0.aar (androidx.interpolator:interpolator:1.0.0) with AarTransform
Caching disabled for AarTransform: /home/runner/.gradle/caches/transforms-4/d1a8b21dc3a64323cc9bd8d7a9c1031b/transformed/interpolator-1.0.0 because:
  Build cache is disabled
  Caching not enabled.
Downloading https://dl.google.com/dl/android/maven2/androidx/compose/runtime/runtime-android/1.6.8/runtime-android-1.6.8.aar to /home/runner/.gradle/.tmp/gradle_download16849797385241618730bin
Caching disabled for AarTransform: /home/runner/.gradle/caches/transforms-4/7a7c935af36228e4d0507fa5e15344b6/transformed/ui-release because:
  Build cache is disabled
  Caching not enabled.
Downloading https://dl.google.com/dl/android/maven2/androidx/versionedparcelable/versionedparcelable/1.1.1/versionedparcelable-1.1.1.aar to /home/runner/.gradle/.tmp/gradle_download8901332947386003689bin
Transforming runtime-release.aar (androidx.compose.runtime:runtime-android:1.6.8) with ExtractAarTransform
Transforming versionedparcelable-1.1.1.aar (androidx.versionedparcelable:versionedparcelable:1.1.1) with ExtractAarTransform
Caching disabled for ExtractAarTransform: /home/runner/.gradle/caches/modules-2/files-2.1/androidx.versionedparcelable/versionedparcelable/1.1.1/18e18071e7715679e0593c570217edeb5ca48b9e/versionedparcelable-1.1.1.aar because:
  Build cache is disabled
  Caching not enabled.
Transforming versionedparcelable-1.1.1.aar (androidx.versionedparcelable:versionedparcelable:1.1.1) with AarTransform
Caching disabled for AarTransform: /home/runner/.gradle/caches/transforms-4/259b4b155bd65ae43561961fd4e59cfb/transformed/versionedparcelable-1.1.1 because:
  Build cache is disabled
  Caching not enabled.
Downloading https://dl.google.com/dl/android/maven2/androidx/profileinstaller/profileinstaller/1.3.1/profileinstaller-1.3.1.aar to /home/runner/.gradle/.tmp/gradle_download14407637931951371865bin
Transforming profileinstaller-1.3.1.aar (androidx.profileinstaller:profileinstaller:1.3.1) with ExtractAarTransform
Caching disabled for ExtractAarTransform: /home/runner/.gradle/caches/modules-2/files-2.1/androidx.profileinstaller/profileinstaller/1.3.1/c0bac819b4f88a648011542273373d1e5093e3a7/profileinstaller-1.3.1.aar because:
  Build cache is disabled
  Caching not enabled.
Downloading https://dl.google.com/dl/android/maven2/androidx/startup/startup-runtime/1.1.1/startup-runtime-1.1.1.aar to /home/runner/.gradle/.tmp/gradle_download11966805247121309766bin
Transforming startup-runtime-1.1.1.aar (androidx.startup:startup-runtime:1.1.1) with ExtractAarTransform
Caching disabled for ExtractAarTransform: /home/runner/.gradle/caches/modules-2/files-2.1/androidx.startup/startup-runtime/1.1.1/9d4ba67056aff98b69eadc1477c19a1e67cb9470/startup-runtime-1.1.1.aar because:
  Build cache is disabled
  Caching not enabled.
Transforming profileinstaller-1.3.1.aar (androidx.profileinstaller:profileinstaller:1.3.1) with AarTransform
Caching disabled for AarTransform: /home/runner/.gradle/caches/transforms-4/16e301cf918698b0162b7c845acd09ac/transformed/profileinstaller-1.3.1 because:
  Build cache is disabled
  Caching not enabled.
Transforming startup-runtime-1.1.1.aar (androidx.startup:startup-runtime:1.1.1) with AarTransform
Caching disabled for AarTransform: /home/runner/.gradle/caches/transforms-4/d4dd02a3897b1441880b8fdd2da8ae00/transformed/startup-runtime-1.1.1 because:
  Build cache is disabled
  Caching not enabled.
Downloading https://dl.google.com/dl/android/maven2/androidx/tracing/tracing/1.0.0/tracing-1.0.0.aar to /home/runner/.gradle/.tmp/gradle_download5865284216871655916bin
Transforming tracing-1.0.0.aar (androidx.tracing:tracing:1.0.0) with ExtractAarTransform
Caching disabled for ExtractAarTransform: /home/runner/.gradle/caches/modules-2/files-2.1/androidx.tracing/tracing/1.0.0/69cef34711dffbc517e7a0a419ec4a98f84f496a/tracing-1.0.0.aar because:
  Build cache is disabled
  Caching not enabled.
Transforming tracing-1.0.0.aar (androidx.tracing:tracing:1.0.0) with AarTransform
Caching disabled for AarTransform: /home/runner/.gradle/caches/transforms-4/f2e9c73a68070fd6ad1518ac571d0953/transformed/tracing-1.0.0 because:
  Build cache is disabled
  Caching not enabled.
Caching disabled for ExtractAarTransform: /home/runner/.gradle/caches/modules-2/files-2.1/androidx.compose.runtime/runtime-android/1.6.8/affd49c7395c4aa06adf14918737b3fcdd5f7fc6/runtime-release.aar because:
  Build cache is disabled
  Caching not enabled.
Downloading https://dl.google.com/dl/android/maven2/androidx/compose/runtime/runtime-saveable-android/1.6.8/runtime-saveable-android-1.6.8.aar to /home/runner/.gradle/.tmp/gradle_download7604201899194899805bin
Transforming runtime-release.aar (androidx.compose.runtime:runtime-android:1.6.8) with AarTransform
Transforming runtime-saveable-release.aar (androidx.compose.runtime:runtime-saveable-android:1.6.8) with ExtractAarTransform
Caching disabled for ExtractAarTransform: /home/runner/.gradle/caches/modules-2/files-2.1/androidx.compose.runtime/runtime-saveable-android/1.6.8/179a9d4c93f63b76814a0c29030dc42d8812b19/runtime-saveable-release.aar because:
  Build cache is disabled
  Caching not enabled.
Caching disabled for AarTransform: /home/runner/.gradle/caches/transforms-4/7cb4d70bc8dce8c244de576ac198624d/transformed/runtime-release because:
  Build cache is disabled
  Caching not enabled.
Transforming runtime-saveable-release.aar (androidx.compose.runtime:runtime-saveable-android:1.6.8) with AarTransform
Caching disabled for AarTransform: /home/runner/.gradle/caches/transforms-4/5373f9c4ad0a3edc85bee31e8d8d77dc/transformed/runtime-saveable-release because:
  Build cache is disabled
  Caching not enabled.
Caching disabled for task ':app:checkDebugAarMetadata' because:
  Build cache is disabled
  Caching has been disabled for the task
Task ':app:checkDebugAarMetadata' is not up-to-date because:
  No history is available.

Resolve mutations for :app:generateDebugResValues (Thread[included builds,5,main]) started.
:app:generateDebugResValues (Thread[included builds,5,main]) started.

> Task :app:generateDebugResValues
Caching disabled for task ':app:generateDebugResValues' because:
  Build cache is disabled
Task ':app:generateDebugResValues' is not up-to-date because:
  No history is available.
Resolve mutations for :app:mapDebugSourceSetPaths (Thread[included builds,5,main]) started.
:app:mapDebugSourceSetPaths (Thread[included builds,5,main]) started.

> Task :app:mapDebugSourceSetPaths
Transforming activity-1.9.0.aar (androidx.activity:activity:1.9.0) with ExtractAarTransform
Transforming activity-1.9.0.aar (androidx.activity:activity:1.9.0) with AarTransform
Transforming activity-ktx-1.9.0.aar (androidx.activity:activity-ktx:1.9.0) with ExtractAarTransform
Transforming activity-ktx-1.9.0.aar (androidx.activity:activity-ktx:1.9.0) with AarTransform
Transforming material3-release.aar (androidx.compose.material3:material3-android:1.2.1) with ExtractAarTransform
Transforming material3-release.aar (androidx.compose.material3:material3-android:1.2.1) with AarTransform
Transforming activity-compose-1.9.0.aar (androidx.activity:activity-compose:1.9.0) with ExtractAarTransform
Transforming activity-compose-1.9.0.aar (androidx.activity:activity-compose:1.9.0) with AarTransform
Transforming savedstate-ktx-1.2.1.aar (androidx.savedstate:savedstate-ktx:1.2.1) with ExtractAarTransform
Transforming savedstate-ktx-1.2.1.aar (androidx.savedstate:savedstate-ktx:1.2.1) with AarTransform
Transforming savedstate-1.2.1.aar (androidx.savedstate:savedstate:1.2.1) with ExtractAarTransform
Caching disabled for AarTransform: /home/runner/.gradle/caches/transforms-4/71b537acfb41fca7398e9c17ffc01d30/transformed/activity-1.9.0 because:
  Build cache is disabled
  Caching not enabled.
Transforming savedstate-1.2.1.aar (androidx.savedstate:savedstate:1.2.1) with AarTransform
Transforming material-icons-core-release.aar (androidx.compose.material:material-icons-core-android:1.6.0) with ExtractAarTransform
Transforming material-icons-core-release.aar (androidx.compose.material:material-icons-core-android:1.6.0) with AarTransform
Transforming material-ripple-release.aar (androidx.compose.material:material-ripple-android:1.6.0) with ExtractAarTransform
Transforming material-ripple-release.aar (androidx.compose.material:material-ripple-android:1.6.0) with AarTransform
Transforming animation-core-release.aar (androidx.compose.animation:animation-core-android:1.6.8) with ExtractAarTransform
Transforming animation-core-release.aar (androidx.compose.animation:animation-core-android:1.6.8) with AarTransform
Transforming animation-release.aar (androidx.compose.animation:animation-android:1.6.8) with ExtractAarTransform
Transforming animation-release.aar (androidx.compose.animation:animation-android:1.6.8) with AarTransform
Transforming foundation-layout-release.aar (androidx.compose.foundation:foundation-layout-android:1.6.8) with ExtractAarTransform
Transforming foundation-layout-release.aar (androidx.compose.foundation:foundation-layout-android:1.6.8) with AarTransform
Transforming foundation-release.aar (androidx.compose.foundation:foundation-android:1.6.8) with ExtractAarTransform
Transforming foundation-release.aar (androidx.compose.foundation:foundation-android:1.6.8) with AarTransform
Transforming ui-util-release.aar (androidx.compose.ui:ui-util-android:1.6.8) with ExtractAarTransform
Caching disabled for AarTransform: /home/runner/.gradle/caches/transforms-4/1580f9556b4554369b8b66652bcb5397/transformed/activity-ktx-1.9.0 because:
  Build cache is disabled
  Caching not enabled.
Transforming ui-util-release.aar (androidx.compose.ui:ui-util-android:1.6.8) with AarTransform
Transforming ui-unit-release.aar (androidx.compose.ui:ui-unit-android:1.6.8) with ExtractAarTransform
Transforming ui-unit-release.aar (androidx.compose.ui:ui-unit-android:1.6.8) with AarTransform
Transforming ui-graphics-release.aar (androidx.compose.ui:ui-graphics-android:1.6.8) with ExtractAarTransform
Transforming ui-graphics-release.aar (androidx.compose.ui:ui-graphics-android:1.6.8) with AarTransform
Transforming ui-geometry-release.aar (androidx.compose.ui:ui-geometry-android:1.6.8) with ExtractAarTransform
Transforming ui-geometry-release.aar (androidx.compose.ui:ui-geometry-android:1.6.8) with AarTransform
Transforming ui-tooling-preview-release.aar (androidx.compose.ui:ui-tooling-preview-android:1.6.8) with ExtractAarTransform
Transforming ui-tooling-preview-release.aar (androidx.compose.ui:ui-tooling-preview-android:1.6.8) with AarTransform
Transforming ui-text-release.aar (androidx.compose.ui:ui-text-android:1.6.8) with ExtractAarTransform
Transforming ui-text-release.aar (androidx.compose.ui:ui-text-android:1.6.8) with AarTransform
Transforming emoji2-1.3.0.aar (androidx.emoji2:emoji2:1.3.0) with ExtractAarTransform
Transforming emoji2-1.3.0.aar (androidx.emoji2:emoji2:1.3.0) with AarTransform
Transforming lifecycle-process-2.8.2.aar (androidx.lifecycle:lifecycle-process:2.8.2) with ExtractAarTransform
Transforming lifecycle-process-2.8.2.aar (androidx.lifecycle:lifecycle-process:2.8.2) with AarTransform
Transforming lifecycle-livedata-core-2.8.2.aar (androidx.lifecycle:lifecycle-livedata-core:2.8.2) with ExtractAarTransform
Transforming lifecycle-livedata-core-2.8.2.aar (androidx.lifecycle:lifecycle-livedata-core:2.8.2) with AarTransform
Transforming lifecycle-runtime-ktx-release.aar (androidx.lifecycle:lifecycle-runtime-ktx-android:2.8.2) with ExtractAarTransform
Transforming lifecycle-runtime-ktx-release.aar (androidx.lifecycle:lifecycle-runtime-ktx-android:2.8.2) with AarTransform
Transforming lifecycle-viewmodel-release.aar (androidx.lifecycle:lifecycle-viewmodel-android:2.8.2) with ExtractAarTransform
Transforming lifecycle-viewmodel-release.aar (androidx.lifecycle:lifecycle-viewmodel-android:2.8.2) with AarTransform
Transforming lifecycle-runtime-release.aar (androidx.lifecycle:lifecycle-runtime-android:2.8.2) with ExtractAarTransform
Transforming lifecycle-runtime-release.aar (androidx.lifecycle:lifecycle-runtime-android:2.8.2) with AarTransform
Transforming lifecycle-viewmodel-savedstate-2.8.2.aar (androidx.lifecycle:lifecycle-viewmodel-savedstate:2.8.2) with ExtractAarTransform
Transforming lifecycle-viewmodel-savedstate-2.8.2.aar (androidx.lifecycle:lifecycle-viewmodel-savedstate:2.8.2) with AarTransform
Transforming lifecycle-viewmodel-ktx-2.8.2.aar (androidx.lifecycle:lifecycle-viewmodel-ktx:2.8.2) with ExtractAarTransform
Transforming lifecycle-viewmodel-ktx-2.8.2.aar (androidx.lifecycle:lifecycle-viewmodel-ktx:2.8.2) with AarTransform
Transforming lifecycle-viewmodel-compose-release.aar (androidx.lifecycle:lifecycle-viewmodel-compose-android:2.8.2) with ExtractAarTransform
Transforming lifecycle-viewmodel-compose-release.aar (androidx.lifecycle:lifecycle-viewmodel-compose-android:2.8.2) with AarTransform
Transforming ui-release.aar (androidx.compose.ui:ui-android:1.6.8) with ExtractAarTransform
Transforming ui-release.aar (androidx.compose.ui:ui-android:1.6.8) with AarTransform
Transforming autofill-1.0.0.aar (androidx.autofill:autofill:1.0.0) with ExtractAarTransform
Transforming autofill-1.0.0.aar (androidx.autofill:autofill:1.0.0) with AarTransform
Caching disabled for AarTransform: /home/runner/.gradle/caches/transforms-4/274e3e9d36de99cd6d24741926d80cfe/transformed/activity-compose-1.9.0 because:
  Build cache is disabled
  Caching not enabled.
Transforming core-1.13.1.aar (androidx.core:core:1.13.1) with ExtractAarTransform
Transforming core-1.13.1.aar (androidx.core:core:1.13.1) with AarTransform
Transforming core-1.13.1.aar (androidx.core:core:1.13.1) with ExtractAarTransform
Transforming core-1.13.1.aar (androidx.core:core:1.13.1) with AarTransform
Transforming customview-poolingcontainer-1.0.0.aar (androidx.customview:customview-poolingcontainer:1.0.0) with ExtractAarTransform
Transforming customview-poolingcontainer-1.0.0.aar (androidx.customview:customview-poolingcontainer:1.0.0) with AarTransform
Transforming core-ktx-1.13.1.aar (androidx.core:core-ktx:1.13.1) with ExtractAarTransform
Transforming core-ktx-1.13.1.aar (androidx.core:core-ktx:1.13.1) with AarTransform
Caching disabled for AarTransform: /home/runner/.gradle/caches/transforms-4/5679e22aad5f3ef3b1890e7aa9fc4ab9/transformed/savedstate-ktx-1.2.1 because:
  Build cache is disabled
  Caching not enabled.
Transforming room-runtime-2.6.1.aar (androidx.room:room-runtime:2.6.1) with ExtractAarTransform
Transforming room-runtime-2.6.1.aar (androidx.room:room-runtime:2.6.1) with AarTransform
Transforming room-ktx-2.6.1.aar (androidx.room:room-ktx:2.6.1) with ExtractAarTransform
Transforming room-ktx-2.6.1.aar (androidx.room:room-ktx:2.6.1) with AarTransform
Transforming sqlite-framework-2.4.0.aar (androidx.sqlite:sqlite-framework:2.4.0) with ExtractAarTransform
Transforming sqlite-framework-2.4.0.aar (androidx.sqlite:sqlite-framework:2.4.0) with AarTransform
Transforming sqlite-2.4.0.aar (androidx.sqlite:sqlite:2.4.0) with ExtractAarTransform
Transforming sqlite-2.4.0.aar (androidx.sqlite:sqlite:2.4.0) with AarTransform
Transforming annotation-experimental-1.4.0.aar (androidx.annotation:annotation-experimental:1.4.0) with ExtractAarTransform
Transforming annotation-experimental-1.4.0.aar (androidx.annotation:annotation-experimental:1.4.0) with AarTransform
Transforming runtime-saveable-release.aar (androidx.compose.runtime:runtime-saveable-android:1.6.8) with ExtractAarTransform
Transforming runtime-saveable-release.aar (androidx.compose.runtime:runtime-saveable-android:1.6.8) with AarTransform
Transforming runtime-release.aar (androidx.compose.runtime:runtime-android:1.6.8) with ExtractAarTransform
Transforming runtime-release.aar (androidx.compose.runtime:runtime-android:1.6.8) with AarTransform
Transforming core-runtime-2.2.0.aar (androidx.arch.core:core-runtime:2.2.0) with ExtractAarTransform
Transforming core-runtime-2.2.0.aar (androidx.arch.core:core-runtime:2.2.0) with AarTransform
Transforming interpolator-1.0.0.aar (androidx.interpolator:interpolator:1.0.0) with ExtractAarTransform
Transforming interpolator-1.0.0.aar (androidx.interpolator:interpolator:1.0.0) with AarTransform
Transforming versionedparcelable-1.1.1.aar (androidx.versionedparcelable:versionedparcelable:1.1.1) with ExtractAarTransform
Transforming versionedparcelable-1.1.1.aar (androidx.versionedparcelable:versionedparcelable:1.1.1) with AarTransform
Transforming profileinstaller-1.3.1.aar (androidx.profileinstaller:profileinstaller:1.3.1) with ExtractAarTransform
Transforming profileinstaller-1.3.1.aar (androidx.profileinstaller:profileinstaller:1.3.1) with AarTransform
Transforming startup-runtime-1.1.1.aar (androidx.startup:startup-runtime:1.1.1) with ExtractAarTransform
Transforming startup-runtime-1.1.1.aar (androidx.startup:startup-runtime:1.1.1) with AarTransform
Transforming tracing-1.0.0.aar (androidx.tracing:tracing:1.0.0) with ExtractAarTransform
Transforming tracing-1.0.0.aar (androidx.tracing:tracing:1.0.0) with AarTransform
Caching disabled for AarTransform: /home/runner/.gradle/caches/transforms-4/f0e8eaf470acca0415ef31a789577478/transformed/savedstate-1.2.1 because:
  Build cache is disabled
  Caching not enabled.
Caching disabled for AarTransform: /home/runner/.gradle/caches/transforms-4/1a97f834232591652b20134e6cb4d43d/transformed/material-icons-core-release because:
  Build cache is disabled
  Caching not enabled.
Caching disabled for AarTransform: /home/runner/.gradle/caches/transforms-4/afbba87728083bd62933748bcdbeb87b/transformed/material-ripple-release because:
  Build cache is disabled
  Caching not enabled.
Caching disabled for AarTransform: /home/runner/.gradle/caches/transforms-4/0aa94228117f12d43e87b05a3cd75ebe/transformed/animation-core-release because:
  Build cache is disabled
  Caching not enabled.
Caching disabled for AarTransform: /home/runner/.gradle/caches/transforms-4/cdc4495f5fadcbc06e80e604a5986116/transformed/animation-release because:
  Build cache is disabled
  Caching not enabled.
Caching disabled for AarTransform: /home/runner/.gradle/caches/transforms-4/639d362069d3e1ad8dcba21c83e7453d/transformed/foundation-layout-release because:
  Build cache is disabled
  Caching not enabled.
Caching disabled for AarTransform: /home/runner/.gradle/caches/transforms-4/c11c232f28d1ce3243aafc1306eb7083/transformed/ui-util-release because:
  Build cache is disabled
  Caching not enabled.
Caching disabled for AarTransform: /home/runner/.gradle/caches/transforms-4/243f528b9b2308be770cafd9f2a3310f/transformed/foundation-release because:
  Build cache is disabled
  Caching not enabled.
Caching disabled for AarTransform: /home/runner/.gradle/caches/transforms-4/71403411fa14cee0ccf56b67f14490f3/transformed/ui-unit-release because:
  Build cache is disabled
  Caching not enabled.
Caching disabled for AarTransform: /home/runner/.gradle/caches/transforms-4/ac5fe6c2ae98769af38974bea2f77521/transformed/ui-graphics-release because:
  Build cache is disabled
  Caching not enabled.
Caching disabled for AarTransform: /home/runner/.gradle/caches/transforms-4/d6abce7d29e50cc8636367a9120f8550/transformed/ui-geometry-release because:
  Build cache is disabled
  Caching not enabled.
Caching disabled for AarTransform: /home/runner/.gradle/caches/transforms-4/6d5e28f5575c3d11687ada3aa6a00f6c/transformed/ui-tooling-preview-release because:
  Build cache is disabled
  Caching not enabled.
Caching disabled for AarTransform: /home/runner/.gradle/caches/transforms-4/6a412828cda80e5ee353751e77a7c09b/transformed/ui-text-release because:
  Build cache is disabled
  Caching not enabled.
Caching disabled for AarTransform: /home/runner/.gradle/caches/transforms-4/8d265db809aefe6ba535572b60a1cbcb/transformed/emoji2-1.3.0 because:
  Build cache is disabled
  Caching not enabled.
Caching disabled for AarTransform: /home/runner/.gradle/caches/transforms-4/394012d86a712eeb776fd32a4339d902/transformed/lifecycle-process-2.8.2 because:
  Build cache is disabled
  Caching not enabled.
Caching disabled for AarTransform: /home/runner/.gradle/caches/transforms-4/64bc7d4c8bfb35eaa76f1f5da4d519aa/transformed/lifecycle-runtime-ktx-release because:
  Build cache is disabled
  Caching not enabled.
Caching disabled for AarTransform: /home/runner/.gradle/caches/transforms-4/92b6d95af97bf92e2de41612aaa79ccf/transformed/lifecycle-viewmodel-release because:
  Build cache is disabled
  Caching not enabled.
Caching disabled for AarTransform: /home/runner/.gradle/caches/transforms-4/6c7a81c1af3a9b7e25cb0eea0f9f8c09/transformed/lifecycle-livedata-core-2.8.2 because:
  Build cache is disabled
  Caching not enabled.
Caching disabled for AarTransform: /home/runner/.gradle/caches/transforms-4/8c57be880e3f80b7f3edf330f66a862c/transformed/lifecycle-runtime-release because:
  Build cache is disabled
  Caching not enabled.
Caching disabled for AarTransform: /home/runner/.gradle/caches/transforms-4/06641950cff4bfdb55fae8fa2445ec50/transformed/lifecycle-viewmodel-savedstate-2.8.2 because:
  Build cache is disabled
  Caching not enabled.
Caching disabled for AarTransform: /home/runner/.gradle/caches/transforms-4/23d761cd93b9a110f6c2616e2d2c6a37/transformed/lifecycle-viewmodel-ktx-2.8.2 because:
  Build cache is disabled
  Caching not enabled.
Caching disabled for AarTransform: /home/runner/.gradle/caches/transforms-4/7a7c935af36228e4d0507fa5e15344b6/transformed/ui-release because:
  Build cache is disabled
  Caching not enabled.
Caching disabled for AarTransform: /home/runner/.gradle/caches/transforms-4/dfb3cb54e2ac90827ba0350aeee3b7fa/transformed/lifecycle-viewmodel-compose-release because:
  Build cache is disabled
  Caching not enabled.
Caching disabled for AarTransform: /home/runner/.gradle/caches/transforms-4/a0abdf354e700bcaac1126606a1fdc0d/transformed/material3-release because:
  Build cache is disabled
  Caching not enabled.
Caching disabled for AarTransform: /home/runner/.gradle/caches/transforms-4/74c0dbec5820d6e072a07f659d887010/transformed/autofill-1.0.0 because:
  Build cache is disabled
  Caching not enabled.
Caching disabled for AarTransform: /home/runner/.gradle/caches/transforms-4/e91d43edd169d12026c8450ba62b92db/transformed/core-1.13.1 because:
  Build cache is disabled
  Caching not enabled.
Caching disabled for AarTransform: /home/runner/.gradle/caches/transforms-4/dd42e38183cb7d9a90b69ba4cfad41b5/transformed/customview-poolingcontainer-1.0.0 because:
  Build cache is disabled
  Caching not enabled.
Caching disabled for AarTransform: /home/runner/.gradle/caches/transforms-4/d33bee1637304cf060ddfc55a5600f8f/transformed/core-ktx-1.13.1 because:
  Build cache is disabled
  Caching not enabled.
Caching disabled for AarTransform: /home/runner/.gradle/caches/transforms-4/3491be084682f777f2359a2bc8e00d91/transformed/room-runtime-2.6.1 because:
  Build cache is disabled
  Caching not enabled.
Caching disabled for AarTransform: /home/runner/.gradle/caches/transforms-4/cd4a2786e58cc42f09da01120e8ec02c/transformed/sqlite-framework-2.4.0 because:
  Build cache is disabled
  Caching not enabled.
Caching disabled for AarTransform: /home/runner/.gradle/caches/transforms-4/4846b42d71b9682bc33dd8f717247987/transformed/room-ktx-2.6.1 because:
  Build cache is disabled
  Caching not enabled.
Caching disabled for AarTransform: /home/runner/.gradle/caches/transforms-4/a2c1f44d85a58bea855e8e881fed3c91/transformed/sqlite-2.4.0 because:
  Build cache is disabled
  Caching not enabled.
Caching disabled for AarTransform: /home/runner/.gradle/caches/transforms-4/efdcc402ed8e7fa891c97037c96eceec/transformed/annotation-experimental-1.4.0 because:
  Build cache is disabled
  Caching not enabled.
Caching disabled for AarTransform: /home/runner/.gradle/caches/transforms-4/5373f9c4ad0a3edc85bee31e8d8d77dc/transformed/runtime-saveable-release because:
  Build cache is disabled
  Caching not enabled.
Caching disabled for AarTransform: /home/runner/.gradle/caches/transforms-4/7cb4d70bc8dce8c244de576ac198624d/transformed/runtime-release because:
  Build cache is disabled
  Caching not enabled.
Caching disabled for AarTransform: /home/runner/.gradle/caches/transforms-4/3b4cbc485de508abdcc6b67de782fc42/transformed/core-runtime-2.2.0 because:
  Build cache is disabled
  Caching not enabled.
Caching disabled for AarTransform: /home/runner/.gradle/caches/transforms-4/d1a8b21dc3a64323cc9bd8d7a9c1031b/transformed/interpolator-1.0.0 because:
  Build cache is disabled
  Caching not enabled.
Caching disabled for AarTransform: /home/runner/.gradle/caches/transforms-4/259b4b155bd65ae43561961fd4e59cfb/transformed/versionedparcelable-1.1.1 because:
  Build cache is disabled
  Caching not enabled.
Caching disabled for AarTransform: /home/runner/.gradle/caches/transforms-4/16e301cf918698b0162b7c845acd09ac/transformed/profileinstaller-1.3.1 because:
  Build cache is disabled
  Caching not enabled.
Caching disabled for AarTransform: /home/runner/.gradle/caches/transforms-4/d4dd02a3897b1441880b8fdd2da8ae00/transformed/startup-runtime-1.1.1 because:
  Build cache is disabled
  Caching not enabled.
Caching disabled for AarTransform: /home/runner/.gradle/caches/transforms-4/f2e9c73a68070fd6ad1518ac571d0953/transformed/tracing-1.0.0 because:
  Build cache is disabled
  Caching not enabled.
Caching disabled for task ':app:mapDebugSourceSetPaths' because:
  Build cache is disabled
  Caching has been disabled for the task
Task ':app:mapDebugSourceSetPaths' is not up-to-date because:
  No history is available.
Resolve mutations for :app:generateDebugResources (Thread[included builds,5,main]) started.
:app:generateDebugResources (Thread[included builds,5,main]) started.

> Task :app:generateDebugResources
Caching disabled for task ':app:generateDebugResources' because:
  Build cache is disabled
Task ':app:generateDebugResources' is not up-to-date because:
  No history is available.
Resolve mutations for :app:mergeDebugResources (Thread[included builds,5,main]) started.
:app:mergeDebugResources (Thread[included builds,5,main]) started.
Resolve mutations for :app:packageDebugResources (Thread[Execution worker Thread 2,5,main]) started.
:app:packageDebugResources (Thread[Execution worker Thread 2,5,main]) started.

> Task :app:packageDebugResources
Caching disabled for task ':app:packageDebugResources' because:
  Build cache is disabled
Task ':app:packageDebugResources' is not up-to-date because:
  No history is available.
The input changes require a full rebuild for incremental task ':app:packageDebugResources'.
[MergeResources] Inputs are non-incremental full task action.
Resolve mutations for :app:parseDebugLocalResources (Thread[Execution worker Thread 2,5,main]) started.
:app:parseDebugLocalResources (Thread[Execution worker Thread 2,5,main]) started.

> Task :app:mergeDebugResources
Caching disabled for task ':app:mergeDebugResources' because:
  Build cache is disabled
Task ':app:mergeDebugResources' is not up-to-date because:
  No history is available.
The input changes require a full rebuild for incremental task ':app:mergeDebugResources'.
[MergeResources] Inputs are non-incremental full task action.
Compiling XML table /home/runner/work/AuraBrowse/AuraBrowse/app/build/intermediates/incremental/debug/mergeDebugResources/merged.dir/values-de/values-de.xml to /home/runner/work/AuraBrowse/AuraBrowse/app/build/intermediates/merged_res/debug/mergeDebugResources/values-de_values-de.arsc.flat
Compiling XML table /home/runner/work/AuraBrowse/AuraBrowse/app/build/intermediates/incremental/debug/mergeDebugResources/merged.dir/values/values.xml to /home/runner/work/AuraBrowse/AuraBrowse/app/build/intermediates/merged_res/debug/mergeDebugResources/values_values.arsc.flat
Compiling XML table /home/runner/work/AuraBrowse/AuraBrowse/app/build/intermediates/incremental/debug/mergeDebugResources/merged.dir/values-hi/values-hi.xml to /home/runner/work/AuraBrowse/AuraBrowse/app/build/intermediates/merged_res/debug/mergeDebugResources/values-hi_values-hi.arsc.flat
Compiling XML table /home/runner/work/AuraBrowse/AuraBrowse/app/build/intermediates/incremental/debug/mergeDebugResources/merged.dir/values-lt/values-lt.xml to /home/runner/work/AuraBrowse/AuraBrowse/app/build/intermediates/merged_res/debug/mergeDebugResources/values-lt_values-lt.arsc.flat
Compiling XML table /home/runner/work/AuraBrowse/AuraBrowse/app/build/intermediates/incremental/debug/mergeDebugResources/merged.dir/values-hr/values-hr.xml to /home/runner/work/AuraBrowse/AuraBrowse/app/build/intermediates/merged_res/debug/mergeDebugResources/values-hr_values-hr.arsc.flat
Compiling XML table /home/runner/work/AuraBrowse/AuraBrowse/app/build/intermediates/incremental/debug/mergeDebugResources/merged.dir/values-en-rIN/values-en-rIN.xml to /home/runner/work/AuraBrowse/AuraBrowse/app/build/intermediates/merged_res/debug/mergeDebugResources/values-en-rIN_values-en-rIN.arsc.flat
Compiling XML table /home/runner/work/AuraBrowse/AuraBrowse/app/build/intermediates/incremental/debug/mergeDebugResources/merged.dir/values-pt/values-pt.xml to /home/runner/work/AuraBrowse/AuraBrowse/app/build/intermediates/merged_res/debug/mergeDebugResources/values-pt_values-pt.arsc.flat
Compiling XML table /home/runner/work/AuraBrowse/AuraBrowse/app/build/intermediates/incremental/debug/mergeDebugResources/merged.dir/values-mk/values-mk.xml to /home/runner/work/AuraBrowse/AuraBrowse/app/build/intermediates/merged_res/debug/mergeDebugResources/values-mk_values-mk.arsc.flat
Compiling XML table /home/runner/work/AuraBrowse/AuraBrowse/app/build/intermediates/incremental/debug/mergeDebugResources/merged.dir/values-hy/values-hy.xml to /home/runner/work/AuraBrowse/AuraBrowse/app/build/intermediates/merged_res/debug/mergeDebugResources/values-hy_values-hy.arsc.flat
Compiling XML table /home/runner/work/AuraBrowse/AuraBrowse/app/build/intermediates/incremental/debug/mergeDebugResources/merged.dir/values-mr/values-mr.xml to /home/runner/work/AuraBrowse/AuraBrowse/app/build/intermediates/merged_res/debug/mergeDebugResources/values-mr_values-mr.arsc.flat
Compiling XML table /home/runner/work/AuraBrowse/AuraBrowse/app/build/intermediates/incremental/debug/mergeDebugResources/merged.dir/values-ml/values-ml.xml to /home/runner/work/AuraBrowse/AuraBrowse/app/build/intermediates/merged_res/debug/mergeDebugResources/values-ml_values-ml.arsc.flat
Compiling XML table /home/runner/work/AuraBrowse/AuraBrowse/app/build/intermediates/incremental/debug/mergeDebugResources/merged.dir/values-hu/values-hu.xml to /home/runner/work/AuraBrowse/AuraBrowse/app/build/intermediates/merged_res/debug/mergeDebugResources/values-hu_values-hu.arsc.flat
Compiling XML table /home/runner/work/AuraBrowse/AuraBrowse/app/build/intermediates/incremental/debug/mergeDebugResources/merged.dir/values-af/values-af.xml to /home/runner/work/AuraBrowse/AuraBrowse/app/build/intermediates/merged_res/debug/mergeDebugResources/values-af_values-af.arsc.flat
Compiling XML table /home/runner/work/AuraBrowse/AuraBrowse/app/build/intermediates/incremental/debug/mergeDebugResources/merged.dir/values-ms/values-ms.xml to /home/runner/work/AuraBrowse/AuraBrowse/app/build/intermediates/merged_res/debug/mergeDebugResources/values-ms_values-ms.arsc.flat
Compiling XML table /home/runner/work/AuraBrowse/AuraBrowse/app/build/intermediates/incremental/debug/mergeDebugResources/merged.dir/values-el/values-el.xml to /home/runner/work/AuraBrowse/AuraBrowse/app/build/intermediates/merged_res/debug/mergeDebugResources/values-el_values-el.arsc.flat
Compiling XML table /home/runner/work/AuraBrowse/AuraBrowse/app/build/intermediates/incremental/debug/mergeDebugResources/merged.dir/values-ur/values-ur.xml to /home/runner/work/AuraBrowse/AuraBrowse/app/build/intermediates/merged_res/debug/mergeDebugResources/values-ur_values-ur.arsc.flat
Compiling XML table /home/runner/work/AuraBrowse/AuraBrowse/app/build/intermediates/incremental/debug/mergeDebugResources/merged.dir/values-is/values-is.xml to /home/runner/work/AuraBrowse/AuraBrowse/app/build/intermediates/merged_res/debug/mergeDebugResources/values-is_values-is.arsc.flat
Compiling XML table /home/runner/work/AuraBrowse/AuraBrowse/app/build/intermediates/incremental/debug/mergeDebugResources/merged.dir/values-it/values-it.xml to /home/runner/work/AuraBrowse/AuraBrowse/app/build/intermediates/merged_res/debug/mergeDebugResources/values-it_values-it.arsc.flat
Compiling XML table /home/runner/work/AuraBrowse/AuraBrowse/app/build/intermediates/incremental/debug/mergeDebugResources/merged.dir/values-b+sr+Latn/values-b+sr+Latn.xml to /home/runner/work/AuraBrowse/AuraBrowse/app/build/intermediates/merged_res/debug/mergeDebugResources/values-b+sr+Latn_values-b+sr+Latn.arsc.flat
Compiling XML table /home/runner/work/AuraBrowse/AuraBrowse/app/build/intermediates/incremental/debug/mergeDebugResources/merged.dir/values-uz/values-uz.xml to /home/runner/work/AuraBrowse/AuraBrowse/app/build/intermediates/merged_res/debug/mergeDebugResources/values-uz_values-uz.arsc.flat
Compiling XML table /home/runner/work/AuraBrowse/AuraBrowse/app/build/intermediates/incremental/debug/mergeDebugResources/merged.dir/values-iw/values-iw.xml to /home/runner/work/AuraBrowse/AuraBrowse/app/build/intermediates/merged_res/debug/mergeDebugResources/values-iw_values-iw.arsc.flat
Compiling XML table /home/runner/work/AuraBrowse/AuraBrowse/app/build/intermediates/incremental/debug/mergeDebugResources/merged.dir/values-ar/values-ar.xml to /home/runner/work/AuraBrowse/AuraBrowse/app/build/intermediates/merged_res/debug/mergeDebugResources/values-ar_values-ar.arsc.flat
Compiling XML table /home/runner/work/AuraBrowse/AuraBrowse/app/build/intermediates/incremental/debug/mergeDebugResources/merged.dir/values-v21/values-v21.xml to /home/runner/work/AuraBrowse/AuraBrowse/app/build/intermediates/merged_res/debug/mergeDebugResources/values-v21_values-v21.arsc.flat
Compiling XML table /home/runner/work/AuraBrowse/AuraBrowse/app/build/intermediates/incremental/debug/mergeDebugResources/merged.dir/values-in/values-in.xml to /home/runner/work/AuraBrowse/AuraBrowse/app/build/intermediates/merged_res/debug/mergeDebugResources/values-in_values-in.arsc.flat
Compiling XML table /home/runner/work/AuraBrowse/AuraBrowse/app/build/intermediates/incremental/debug/mergeDebugResources/merged.dir/values-az/values-az.xml to /home/runner/work/AuraBrowse/AuraBrowse/app/build/intermediates/merged_res/debug/mergeDebugResources/values-az_values-az.arsc.flat
Compiling XML table /home/runner/work/AuraBrowse/AuraBrowse/app/build/intermediates/incremental/debug/mergeDebugResources/merged.dir/values-eu/values-eu.xml to /home/runner/work/AuraBrowse/AuraBrowse/app/build/intermediates/merged_res/debug/mergeDebugResources/values-eu_values-eu.arsc.flat
Compiling XML table /home/runner/work/AuraBrowse/AuraBrowse/app/build/intermediates/incremental/debug/mergeDebugResources/merged.dir/values-ro/values-ro.xml to /home/runner/work/AuraBrowse/AuraBrowse/app/build/intermediates/merged_res/debug/mergeDebugResources/values-ro_values-ro.arsc.flat
Compiling XML table /home/runner/work/AuraBrowse/AuraBrowse/app/build/intermediates/incremental/debug/mergeDebugResources/merged.dir/values-ru/values-ru.xml to /home/runner/work/AuraBrowse/AuraBrowse/app/build/intermediates/merged_res/debug/mergeDebugResources/values-ru_values-ru.arsc.flat
Compiling XML table /home/runner/work/AuraBrowse/AuraBrowse/app/build/intermediates/incremental/debug/mergeDebugResources/merged.dir/values-zh-rHK/values-zh-rHK.xml to /home/runner/work/AuraBrowse/AuraBrowse/app/build/intermediates/merged_res/debug/mergeDebugResources/values-zh-rHK_values-zh-rHK.arsc.flat
Compiling XML table /home/runner/work/AuraBrowse/AuraBrowse/app/build/intermediates/incremental/debug/mergeDebugResources/merged.dir/values-nb/values-nb.xml to /home/runner/work/AuraBrowse/AuraBrowse/app/build/intermediates/merged_res/debug/mergeDebugResources/values-nb_values-nb.arsc.flat
Compiling XML table /home/runner/work/AuraBrowse/AuraBrowse/app/build/intermediates/incremental/debug/mergeDebugResources/merged.dir/values-fr/values-fr.xml to /home/runner/work/AuraBrowse/AuraBrowse/app/build/intermediates/merged_res/debug/mergeDebugResources/values-fr_values-fr.arsc.flat
Compiling XML table /home/runner/work/AuraBrowse/AuraBrowse/app/build/intermediates/incremental/debug/mergeDebugResources/merged.dir/values-en-rGB/values-en-rGB.xml to /home/runner/work/AuraBrowse/AuraBrowse/app/build/intermediates/merged_res/debug/mergeDebugResources/values-en-rGB_values-en-rGB.arsc.flat
Compiling XML table /home/runner/work/AuraBrowse/AuraBrowse/app/build/intermediates/incremental/debug/mergeDebugResources/merged.dir/values-ne/values-ne.xml to /home/runner/work/AuraBrowse/AuraBrowse/app/build/intermediates/merged_res/debug/mergeDebugResources/values-ne_values-ne.arsc.flat
Compiling XML table /home/runner/work/AuraBrowse/AuraBrowse/app/build/intermediates/incremental/debug/mergeDebugResources/merged.dir/values-am/values-am.xml to /home/runner/work/AuraBrowse/AuraBrowse/app/build/intermediates/merged_res/debug/mergeDebugResources/values-am_values-am.arsc.flat
Compiling XML table /home/runner/work/AuraBrowse/AuraBrowse/app/build/intermediates/incremental/debug/mergeDebugResources/merged.dir/values-sl/values-sl.xml to /home/runner/work/AuraBrowse/AuraBrowse/app/build/intermediates/merged_res/debug/mergeDebugResources/values-sl_values-sl.arsc.flat
Compiling XML table /home/runner/work/AuraBrowse/AuraBrowse/app/build/intermediates/incremental/debug/mergeDebugResources/merged.dir/values-kk/values-kk.xml to /home/runner/work/AuraBrowse/AuraBrowse/app/build/intermediates/merged_res/debug/mergeDebugResources/values-kk_values-kk.arsc.flat
Compiling XML table /home/runner/work/AuraBrowse/AuraBrowse/app/build/intermediates/incremental/debug/mergeDebugResources/merged.dir/values-fa/values-fa.xml to /home/runner/work/AuraBrowse/AuraBrowse/app/build/intermediates/merged_res/debug/mergeDebugResources/values-fa_values-fa.arsc.flat
Compiling XML table /home/runner/work/AuraBrowse/AuraBrowse/app/build/intermediates/incremental/debug/mergeDebugResources/merged.dir/values-et/values-et.xml to /home/runner/work/AuraBrowse/AuraBrowse/app/build/intermediates/merged_res/debug/mergeDebugResources/values-et_values-et.arsc.flat
Compiling XML table /home/runner/work/AuraBrowse/AuraBrowse/app/build/intermediates/incremental/debug/mergeDebugResources/merged.dir/values-or/values-or.xml to /home/runner/work/AuraBrowse/AuraBrowse/app/build/intermediates/merged_res/debug/mergeDebugResources/values-or_values-or.arsc.flat
Compiling XML table /home/runner/work/AuraBrowse/AuraBrowse/app/build/intermediates/incremental/debug/mergeDebugResources/merged.dir/values-ta/values-ta.xml to /home/runner/work/AuraBrowse/AuraBrowse/app/build/intermediates/merged_res/debug/mergeDebugResources/values-ta_values-ta.arsc.flat
Compiling XML table /home/runner/work/AuraBrowse/AuraBrowse/app/build/intermediates/incremental/debug/mergeDebugResources/merged.dir/values-be/values-be.xml to /home/runner/work/AuraBrowse/AuraBrowse/app/build/intermediates/merged_res/debug/mergeDebugResources/values-be_values-be.arsc.flat
Compiling XML table /home/runner/work/AuraBrowse/AuraBrowse/app/build/intermediates/incremental/debug/mergeDebugResources/merged.dir/values-vi/values-vi.xml to /home/runner/work/AuraBrowse/AuraBrowse/app/build/intermediates/merged_res/debug/mergeDebugResources/values-vi_values-vi.arsc.flat
Compiling XML table /home/runner/work/AuraBrowse/AuraBrowse/app/build/intermediates/incremental/debug/mergeDebugResources/merged.dir/values-cs/values-cs.xml to /home/runner/work/AuraBrowse/AuraBrowse/app/build/intermediates/merged_res/debug/mergeDebugResources/values-cs_values-cs.arsc.flat
Compiling XML table /home/runner/work/AuraBrowse/AuraBrowse/app/build/intermediates/incremental/debug/mergeDebugResources/merged.dir/values-ja/values-ja.xml to /home/runner/work/AuraBrowse/AuraBrowse/app/build/intermediates/merged_res/debug/mergeDebugResources/values-ja_values-ja.arsc.flat
Compiling XML table /home/runner/work/AuraBrowse/AuraBrowse/app/build/intermediates/incremental/debug/mergeDebugResources/merged.dir/values-bg/values-bg.xml to /home/runner/work/AuraBrowse/AuraBrowse/app/build/intermediates/merged_res/debug/mergeDebugResources/values-bg_values-bg.arsc.flat
Compiling XML table /home/runner/work/AuraBrowse/AuraBrowse/app/build/intermediates/incremental/debug/mergeDebugResources/merged.dir/values-tl/values-tl.xml to /home/runner/work/AuraBrowse/AuraBrowse/app/build/intermediates/merged_res/debug/mergeDebugResources/values-tl_values-tl.arsc.flat
Compiling XML table /home/runner/work/AuraBrowse/AuraBrowse/app/build/intermediates/incremental/debug/mergeDebugResources/merged.dir/values-zu/values-zu.xml to /home/runner/work/AuraBrowse/AuraBrowse/app/build/intermediates/merged_res/debug/mergeDebugResources/values-zu_values-zu.arsc.flat
Compiling XML table /home/runner/work/AuraBrowse/AuraBrowse/app/build/intermediates/incremental/debug/mergeDebugResources/merged.dir/values-bs/values-bs.xml to /home/runner/work/AuraBrowse/AuraBrowse/app/build/intermediates/merged_res/debug/mergeDebugResources/values-bs_values-bs.arsc.flat
Compiling XML table /home/runner/work/AuraBrowse/AuraBrowse/app/build/intermediates/incremental/debug/mergeDebugResources/merged.dir/values-en-rAU/values-en-rAU.xml to /home/runner/work/AuraBrowse/AuraBrowse/app/build/intermediates/merged_res/debug/mergeDebugResources/values-en-rAU_values-en-rAU.arsc.flat
Compiling XML table /home/runner/work/AuraBrowse/AuraBrowse/app/build/intermediates/incremental/debug/mergeDebugResources/merged.dir/values-sk/values-sk.xml to /home/runner/work/AuraBrowse/AuraBrowse/app/build/intermediates/merged_res/debug/mergeDebugResources/values-sk_values-sk.arsc.flat
Compiling XML table /home/runner/work/AuraBrowse/AuraBrowse/app/build/intermediates/incremental/debug/mergeDebugResources/merged.dir/values-zh-rCN/values-zh-rCN.xml to /home/runner/work/AuraBrowse/AuraBrowse/app/build/intermediates/merged_res/debug/mergeDebugResources/values-zh-rCN_values-zh-rCN.arsc.flat
Compiling XML table /home/runner/work/AuraBrowse/AuraBrowse/app/build/intermediates/incremental/debug/mergeDebugResources/merged.dir/values-sr/values-sr.xml to /home/runner/work/AuraBrowse/AuraBrowse/app/build/intermediates/merged_res/debug/mergeDebugResources/values-sr_values-sr.arsc.flat
Compiling XML table /home/runner/work/AuraBrowse/AuraBrowse/app/build/intermediates/incremental/debug/mergeDebugResources/merged.dir/values-en-rXC/values-en-rXC.xml to /home/runner/work/AuraBrowse/AuraBrowse/app/build/intermediates/merged_res/debug/mergeDebugResources/values-en-rXC_values-en-rXC.arsc.flat
Compiling XML table /home/runner/work/AuraBrowse/AuraBrowse/app/build/intermediates/incremental/debug/mergeDebugResources/merged.dir/values-en-rCA/values-en-rCA.xml to /home/runner/work/AuraBrowse/AuraBrowse/app/build/intermediates/merged_res/debug/mergeDebugResources/values-en-rCA_values-en-rCA.arsc.flat
Compiling XML table /home/runner/work/AuraBrowse/AuraBrowse/app/build/intermediates/incremental/debug/mergeDebugResources/merged.dir/values-kn/values-kn.xml to /home/runner/work/AuraBrowse/AuraBrowse/app/build/intermediates/merged_res/debug/mergeDebugResources/values-kn_values-kn.arsc.flat
Compiling XML table /home/runner/work/AuraBrowse/AuraBrowse/app/build/intermediates/incremental/debug/mergeDebugResources/merged.dir/values-lo/values-lo.xml to /home/runner/work/AuraBrowse/AuraBrowse/app/build/intermediates/merged_res/debug/mergeDebugResources/values-lo_values-lo.arsc.flat
Compiling XML table /home/runner/work/AuraBrowse/AuraBrowse/app/build/intermediates/incremental/debug/mergeDebugResources/merged.dir/values-si/values-si.xml to /home/runner/work/AuraBrowse/AuraBrowse/app/build/intermediates/merged_res/debug/mergeDebugResources/values-si_values-si.arsc.flat
Compiling XML table /home/runner/work/AuraBrowse/AuraBrowse/app/build/intermediates/incremental/debug/mergeDebugResources/merged.dir/values-ca/values-ca.xml to /home/runner/work/AuraBrowse/AuraBrowse/app/build/intermediates/merged_res/debug/mergeDebugResources/values-ca_values-ca.arsc.flat
Compiling XML table /home/runner/work/AuraBrowse/AuraBrowse/app/build/intermediates/incremental/debug/mergeDebugResources/merged.dir/values-gl/values-gl.xml to /home/runner/work/AuraBrowse/AuraBrowse/app/build/intermediates/merged_res/debug/mergeDebugResources/values-gl_values-gl.arsc.flat
Compiling XML table /home/runner/work/AuraBrowse/AuraBrowse/app/build/intermediates/incremental/debug/mergeDebugResources/merged.dir/values-lv/values-lv.xml to /home/runner/work/AuraBrowse/AuraBrowse/app/build/intermediates/merged_res/debug/mergeDebugResources/values-lv_values-lv.arsc.flat
Compiling XML table /home/runner/work/AuraBrowse/AuraBrowse/app/build/intermediates/incremental/debug/mergeDebugResources/merged.dir/values-sv/values-sv.xml to /home/runner/work/AuraBrowse/AuraBrowse/app/build/intermediates/merged_res/debug/mergeDebugResources/values-sv_values-sv.arsc.flat
Compiling XML table /home/runner/work/AuraBrowse/AuraBrowse/app/build/intermediates/incremental/debug/mergeDebugResources/merged.dir/values-sw/values-sw.xml to /home/runner/work/AuraBrowse/AuraBrowse/app/build/intermediates/merged_res/debug/mergeDebugResources/values-sw_values-sw.arsc.flat
Compiling XML table /home/runner/work/AuraBrowse/AuraBrowse/app/build/intermediates/incremental/debug/mergeDebugResources/merged.dir/values-uk/values-uk.xml to /home/runner/work/AuraBrowse/AuraBrowse/app/build/intermediates/merged_res/debug/mergeDebugResources/values-uk_values-uk.arsc.flat
Compiling XML table /home/runner/work/AuraBrowse/AuraBrowse/app/build/intermediates/incremental/debug/mergeDebugResources/merged.dir/values-pt-rBR/values-pt-rBR.xml to /home/runner/work/AuraBrowse/AuraBrowse/app/build/intermediates/merged_res/debug/mergeDebugResources/values-pt-rBR_values-pt-rBR.arsc.flat
Compiling XML table /home/runner/work/AuraBrowse/AuraBrowse/app/build/intermediates/incremental/debug/mergeDebugResources/merged.dir/values-gu/values-gu.xml to /home/runner/work/AuraBrowse/AuraBrowse/app/build/intermediates/merged_res/debug/mergeDebugResources/values-gu_values-gu.arsc.flat
Compiling XML table /home/runner/work/AuraBrowse/AuraBrowse/app/build/intermediates/incremental/debug/mergeDebugResources/merged.dir/values-pa/values-pa.xml to /home/runner/work/AuraBrowse/AuraBrowse/app/build/intermediates/merged_res/debug/mergeDebugResources/values-pa_values-pa.arsc.flat
Compiling XML table /home/runner/work/AuraBrowse/AuraBrowse/app/build/intermediates/incremental/debug/mergeDebugResources/merged.dir/values-mn/values-mn.xml to /home/runner/work/AuraBrowse/AuraBrowse/app/build/intermediates/merged_res/debug/mergeDebugResources/values-mn_values-mn.arsc.flat
Compiling XML table /home/runner/work/AuraBrowse/AuraBrowse/app/build/intermediates/incremental/debug/mergeDebugResources/merged.dir/values-th/values-th.xml to /home/runner/work/AuraBrowse/AuraBrowse/app/build/intermediates/merged_res/debug/mergeDebugResources/values-th_values-th.arsc.flat
Compiling XML table /home/runner/work/AuraBrowse/AuraBrowse/app/build/intermediates/incremental/debug/mergeDebugResources/merged.dir/values-da/values-da.xml to /home/runner/work/AuraBrowse/AuraBrowse/app/build/intermediates/merged_res/debug/mergeDebugResources/values-da_values-da.arsc.flat
Compiling XML table /home/runner/work/AuraBrowse/AuraBrowse/app/build/intermediates/incremental/debug/mergeDebugResources/merged.dir/values-tr/values-tr.xml to /home/runner/work/AuraBrowse/AuraBrowse/app/build/intermediates/merged_res/debug/mergeDebugResources/values-tr_values-tr.arsc.flat
Compiling XML table /home/runner/work/AuraBrowse/AuraBrowse/app/build/intermediates/incremental/debug/mergeDebugResources/merged.dir/values-fr-rCA/values-fr-rCA.xml to /home/runner/work/AuraBrowse/AuraBrowse/app/build/intermediates/merged_res/debug/mergeDebugResources/values-fr-rCA_values-fr-rCA.arsc.flat
Compiling XML table /home/runner/work/AuraBrowse/AuraBrowse/app/build/intermediates/incremental/debug/mergeDebugResources/merged.dir/values-zh-rTW/values-zh-rTW.xml to /home/runner/work/AuraBrowse/AuraBrowse/app/build/intermediates/merged_res/debug/mergeDebugResources/values-zh-rTW_values-zh-rTW.arsc.flat
Compiling XML table /home/runner/work/AuraBrowse/AuraBrowse/app/build/intermediates/incremental/debug/mergeDebugResources/merged.dir/values-my/values-my.xml to /home/runner/work/AuraBrowse/AuraBrowse/app/build/intermediates/merged_res/debug/mergeDebugResources/values-my_values-my.arsc.flat
Compiling XML table /home/runner/work/AuraBrowse/AuraBrowse/app/build/intermediates/incremental/debug/mergeDebugResources/merged.dir/values-es/values-es.xml to /home/runner/work/AuraBrowse/AuraBrowse/app/build/intermediates/merged_res/debug/mergeDebugResources/values-es_values-es.arsc.flat
Compiling XML table /home/runner/work/AuraBrowse/AuraBrowse/app/build/intermediates/incremental/debug/mergeDebugResources/merged.dir/values-as/values-as.xml to /home/runner/work/AuraBrowse/AuraBrowse/app/build/intermediates/merged_res/debug/mergeDebugResources/values-as_values-as.arsc.flat
Compiling XML table /home/runner/work/AuraBrowse/AuraBrowse/app/build/intermediates/incremental/debug/mergeDebugResources/merged.dir/values-es-rUS/values-es-rUS.xml to /home/runner/work/AuraBrowse/AuraBrowse/app/build/intermediates/merged_res/debug/mergeDebugResources/values-es-rUS_values-es-rUS.arsc.flat
Compiling XML table /home/runner/work/AuraBrowse/AuraBrowse/app/build/intermediates/incremental/debug/mergeDebugResources/merged.dir/values-pt-rPT/values-pt-rPT.xml to /home/runner/work/AuraBrowse/AuraBrowse/app/build/intermediates/merged_res/debug/mergeDebugResources/values-pt-rPT_values-pt-rPT.arsc.flat
Compiling XML table /home/runner/work/AuraBrowse/AuraBrowse/app/build/intermediates/incremental/debug/mergeDebugResources/merged.dir/values-nl/values-nl.xml to /home/runner/work/AuraBrowse/AuraBrowse/app/build/intermediates/merged_res/debug/mergeDebugResources/values-nl_values-nl.arsc.flat
Compiling XML table /home/runner/work/AuraBrowse/AuraBrowse/app/build/intermediates/incremental/debug/mergeDebugResources/merged.dir/values-fi/values-fi.xml to /home/runner/work/AuraBrowse/AuraBrowse/app/build/intermediates/merged_res/debug/mergeDebugResources/values-fi_values-fi.arsc.flat
Compiling XML table /home/runner/work/AuraBrowse/AuraBrowse/app/build/intermediates/incremental/debug/mergeDebugResources/merged.dir/values-bn/values-bn.xml to /home/runner/work/AuraBrowse/AuraBrowse/app/build/intermediates/merged_res/debug/mergeDebugResources/values-bn_values-bn.arsc.flat
Compiling XML table /home/runner/work/AuraBrowse/AuraBrowse/app/build/intermediates/incremental/debug/mergeDebugResources/merged.dir/values-ka/values-ka.xml to /home/runner/work/AuraBrowse/AuraBrowse/app/build/intermediates/merged_res/debug/mergeDebugResources/values-ka_values-ka.arsc.flat
Compiling XML table /home/runner/work/AuraBrowse/AuraBrowse/app/build/intermediates/incremental/debug/mergeDebugResources/merged.dir/values-sq/values-sq.xml to /home/runner/work/AuraBrowse/AuraBrowse/app/build/intermediates/merged_res/debug/mergeDebugResources/values-sq_values-sq.arsc.flat
Compiling XML table /home/runner/work/AuraBrowse/AuraBrowse/app/build/intermediates/incremental/debug/mergeDebugResources/merged.dir/values-km/values-km.xml to /home/runner/work/AuraBrowse/AuraBrowse/app/build/intermediates/merged_res/debug/mergeDebugResources/values-km_values-km.arsc.flat
Compiling XML table /home/runner/work/AuraBrowse/AuraBrowse/app/build/intermediates/incremental/debug/mergeDebugResources/merged.dir/values-ko/values-ko.xml to /home/runner/work/AuraBrowse/AuraBrowse/app/build/intermediates/merged_res/debug/mergeDebugResources/values-ko_values-ko.arsc.flat
Compiling XML table /home/runner/work/AuraBrowse/AuraBrowse/app/build/intermediates/incremental/debug/mergeDebugResources/merged.dir/values-ky/values-ky.xml to /home/runner/work/AuraBrowse/AuraBrowse/app/build/intermediates/merged_res/debug/mergeDebugResources/values-ky_values-ky.arsc.flat
Compiling XML table /home/runner/work/AuraBrowse/AuraBrowse/app/build/intermediates/incremental/debug/mergeDebugResources/merged.dir/values-te/values-te.xml to /home/runner/work/AuraBrowse/AuraBrowse/app/build/intermediates/merged_res/debug/mergeDebugResources/values-te_values-te.arsc.flat
Compiling XML table /home/runner/work/AuraBrowse/AuraBrowse/app/build/intermediates/incremental/debug/mergeDebugResources/merged.dir/values-pl/values-pl.xml to /home/runner/work/AuraBrowse/AuraBrowse/app/build/intermediates/merged_res/debug/mergeDebugResources/values-pl_values-pl.arsc.flat
Resolve mutations for :app:createDebugCompatibleScreenManifests (Thread[included builds,5,main]) started.
:app:createDebugCompatibleScreenManifests (Thread[included builds,5,main]) started.

> Task :app:createDebugCompatibleScreenManifests
Caching disabled for task ':app:createDebugCompatibleScreenManifests' because:
  Build cache is disabled
  Caching has been disabled for the task
Task ':app:createDebugCompatibleScreenManifests' is not up-to-date because:
  No history is available.
Resolve mutations for :app:extractDeepLinksDebug (Thread[Execution worker,5,main]) started.
:app:extractDeepLinksDebug (Thread[Execution worker,5,main]) started.

> Task :app:extractDeepLinksDebug
Caching disabled for task ':app:extractDeepLinksDebug' because:
  Build cache is disabled
Task ':app:extractDeepLinksDebug' is not up-to-date because:
  No history is available.
Resolve mutations for :app:processDebugMainManifest (Thread[included builds,5,main]) started.
:app:processDebugMainManifest (Thread[included builds,5,main]) started.

> Task :app:parseDebugLocalResources
Transforming android.jar with PlatformAttrTransform
Caching disabled for PlatformAttrTransform: /usr/local/lib/android/sdk/platforms/android-35/android.jar because:
  Build cache is disabled
Transforming android.jar with PlatformAttrTransform
Caching disabled for task ':app:parseDebugLocalResources' because:
  Build cache is disabled
Task ':app:parseDebugLocalResources' is not up-to-date because:
  No history is available.
The input changes require a full rebuild for incremental task ':app:parseDebugLocalResources'.
Transforming android.jar with PlatformAttrTransform

> Task :app:processDebugMainManifest
Transforming activity-1.9.0.aar (androidx.activity:activity:1.9.0) with ExtractAarTransform
Transforming activity-1.9.0.aar (androidx.activity:activity:1.9.0) with AarTransform
Transforming activity-ktx-1.9.0.aar (androidx.activity:activity-ktx:1.9.0) with ExtractAarTransform
Transforming activity-ktx-1.9.0.aar (androidx.activity:activity-ktx:1.9.0) with AarTransform
Transforming material3-release.aar (androidx.compose.material3:material3-android:1.2.1) with ExtractAarTransform
Transforming material3-release.aar (androidx.compose.material3:material3-android:1.2.1) with AarTransform
Transforming activity-compose-1.9.0.aar (androidx.activity:activity-compose:1.9.0) with ExtractAarTransform
Transforming activity-compose-1.9.0.aar (androidx.activity:activity-compose:1.9.0) with AarTransform
Transforming savedstate-ktx-1.2.1.aar (androidx.savedstate:savedstate-ktx:1.2.1) with ExtractAarTransform
Transforming savedstate-ktx-1.2.1.aar (androidx.savedstate:savedstate-ktx:1.2.1) with AarTransform
Transforming savedstate-1.2.1.aar (androidx.savedstate:savedstate:1.2.1) with ExtractAarTransform
Transforming savedstate-1.2.1.aar (androidx.savedstate:savedstate:1.2.1) with AarTransform
Transforming material-icons-core-release.aar (androidx.compose.material:material-icons-core-android:1.6.0) with ExtractAarTransform
Transforming material-icons-core-release.aar (androidx.compose.material:material-icons-core-android:1.6.0) with AarTransform
Transforming material-ripple-release.aar (androidx.compose.material:material-ripple-android:1.6.0) with ExtractAarTransform
Caching disabled for AarTransform: /home/runner/.gradle/caches/transforms-4/1580f9556b4554369b8b66652bcb5397/transformed/activity-ktx-1.9.0 because:
  Build cache is disabled
  Caching not enabled.
Transforming material-ripple-release.aar (androidx.compose.material:material-ripple-android:1.6.0) with AarTransform
Transforming animation-core-release.aar (androidx.compose.animation:animation-core-android:1.6.8) with ExtractAarTransform
Transforming animation-core-release.aar (androidx.compose.animation:animation-core-android:1.6.8) with AarTransform
Transforming animation-release.aar (androidx.compose.animation:animation-android:1.6.8) with ExtractAarTransform
Transforming animation-release.aar (androidx.compose.animation:animation-android:1.6.8) with AarTransform
Transforming foundation-layout-release.aar (androidx.compose.foundation:foundation-layout-android:1.6.8) with ExtractAarTransform
Transforming foundation-layout-release.aar (androidx.compose.foundation:foundation-layout-android:1.6.8) with AarTransform
Transforming foundation-release.aar (androidx.compose.foundation:foundation-android:1.6.8) with ExtractAarTransform
Transforming foundation-release.aar (androidx.compose.foundation:foundation-android:1.6.8) with AarTransform
Transforming ui-util-release.aar (androidx.compose.ui:ui-util-android:1.6.8) with ExtractAarTransform
Transforming ui-util-release.aar (androidx.compose.ui:ui-util-android:1.6.8) with AarTransform
Transforming ui-unit-release.aar (androidx.compose.ui:ui-unit-android:1.6.8) with ExtractAarTransform
Transforming ui-unit-release.aar (androidx.compose.ui:ui-unit-android:1.6.8) with AarTransform
Caching disabled for AarTransform: /home/runner/.gradle/caches/transforms-4/71b537acfb41fca7398e9c17ffc01d30/transformed/activity-1.9.0 because:
  Build cache is disabled
  Caching not enabled.
Transforming ui-graphics-release.aar (androidx.compose.ui:ui-graphics-android:1.6.8) with ExtractAarTransform
Transforming ui-graphics-release.aar (androidx.compose.ui:ui-graphics-android:1.6.8) with AarTransform
Transforming ui-geometry-release.aar (androidx.compose.ui:ui-geometry-android:1.6.8) with ExtractAarTransform
Transforming ui-geometry-release.aar (androidx.compose.ui:ui-geometry-android:1.6.8) with AarTransform
Transforming ui-tooling-preview-release.aar (androidx.compose.ui:ui-tooling-preview-android:1.6.8) with ExtractAarTransform
Transforming ui-tooling-preview-release.aar (androidx.compose.ui:ui-tooling-preview-android:1.6.8) with AarTransform
Transforming ui-text-release.aar (androidx.compose.ui:ui-text-android:1.6.8) with ExtractAarTransform
Transforming ui-text-release.aar (androidx.compose.ui:ui-text-android:1.6.8) with AarTransform
Transforming emoji2-1.3.0.aar (androidx.emoji2:emoji2:1.3.0) with ExtractAarTransform
Transforming emoji2-1.3.0.aar (androidx.emoji2:emoji2:1.3.0) with AarTransform
Transforming lifecycle-process-2.8.2.aar (androidx.lifecycle:lifecycle-process:2.8.2) with ExtractAarTransform
Transforming lifecycle-process-2.8.2.aar (androidx.lifecycle:lifecycle-process:2.8.2) with AarTransform
Transforming lifecycle-livedata-core-2.8.2.aar (androidx.lifecycle:lifecycle-livedata-core:2.8.2) with ExtractAarTransform
Caching disabled for AarTransform: /home/runner/.gradle/caches/transforms-4/5679e22aad5f3ef3b1890e7aa9fc4ab9/transformed/savedstate-ktx-1.2.1 because:
  Build cache is disabled
  Caching not enabled.
Caching disabled for AarTransform: /home/runner/.gradle/caches/transforms-4/274e3e9d36de99cd6d24741926d80cfe/transformed/activity-compose-1.9.0 because:
  Build cache is disabled
  Caching not enabled.
Transforming lifecycle-livedata-core-2.8.2.aar (androidx.lifecycle:lifecycle-livedata-core:2.8.2) with AarTransform
Transforming lifecycle-runtime-ktx-release.aar (androidx.lifecycle:lifecycle-runtime-ktx-android:2.8.2) with ExtractAarTransform
Transforming lifecycle-runtime-ktx-release.aar (androidx.lifecycle:lifecycle-runtime-ktx-android:2.8.2) with AarTransform
Transforming lifecycle-viewmodel-release.aar (androidx.lifecycle:lifecycle-viewmodel-android:2.8.2) with ExtractAarTransform
Transforming lifecycle-viewmodel-release.aar (androidx.lifecycle:lifecycle-viewmodel-android:2.8.2) with AarTransform
Transforming lifecycle-runtime-release.aar (androidx.lifecycle:lifecycle-runtime-android:2.8.2) with ExtractAarTransform
Transforming lifecycle-runtime-release.aar (androidx.lifecycle:lifecycle-runtime-android:2.8.2) with AarTransform
Transforming lifecycle-viewmodel-savedstate-2.8.2.aar (androidx.lifecycle:lifecycle-viewmodel-savedstate:2.8.2) with ExtractAarTransform
Transforming lifecycle-viewmodel-savedstate-2.8.2.aar (androidx.lifecycle:lifecycle-viewmodel-savedstate:2.8.2) with AarTransform
Transforming lifecycle-viewmodel-ktx-2.8.2.aar (androidx.lifecycle:lifecycle-viewmodel-ktx:2.8.2) with ExtractAarTransform
Transforming lifecycle-viewmodel-ktx-2.8.2.aar (androidx.lifecycle:lifecycle-viewmodel-ktx:2.8.2) with AarTransform
Transforming lifecycle-viewmodel-compose-release.aar (androidx.lifecycle:lifecycle-viewmodel-compose-android:2.8.2) with ExtractAarTransform
Transforming lifecycle-viewmodel-compose-release.aar (androidx.lifecycle:lifecycle-viewmodel-compose-android:2.8.2) with AarTransform
Transforming ui-release.aar (androidx.compose.ui:ui-android:1.6.8) with ExtractAarTransform
Transforming ui-release.aar (androidx.compose.ui:ui-android:1.6.8) with AarTransform
Transforming autofill-1.0.0.aar (androidx.autofill:autofill:1.0.0) with ExtractAarTransform
Transforming autofill-1.0.0.aar (androidx.autofill:autofill:1.0.0) with AarTransform
Transforming core-1.13.1.aar (androidx.core:core:1.13.1) with ExtractAarTransform
Transforming core-1.13.1.aar (androidx.core:core:1.13.1) with AarTransform
Transforming core-1.13.1.aar (androidx.core:core:1.13.1) with ExtractAarTransform
Transforming core-1.13.1.aar (androidx.core:core:1.13.1) with AarTransform
Transforming customview-poolingcontainer-1.0.0.aar (androidx.customview:customview-poolingcontainer:1.0.0) with ExtractAarTransform
Transforming customview-poolingcontainer-1.0.0.aar (androidx.customview:customview-poolingcontainer:1.0.0) with AarTransform
Transforming core-ktx-1.13.1.aar (androidx.core:core-ktx:1.13.1) with ExtractAarTransform
Transforming core-ktx-1.13.1.aar (androidx.core:core-ktx:1.13.1) with AarTransform
Transforming room-runtime-2.6.1.aar (androidx.room:room-runtime:2.6.1) with ExtractAarTransform
Transforming room-runtime-2.6.1.aar (androidx.room:room-runtime:2.6.1) with AarTransform
Transforming room-ktx-2.6.1.aar (androidx.room:room-ktx:2.6.1) with ExtractAarTransform
Transforming room-ktx-2.6.1.aar (androidx.room:room-ktx:2.6.1) with AarTransform
Transforming sqlite-framework-2.4.0.aar (androidx.sqlite:sqlite-framework:2.4.0) with ExtractAarTransform
Transforming sqlite-framework-2.4.0.aar (androidx.sqlite:sqlite-framework:2.4.0) with AarTransform
Transforming sqlite-2.4.0.aar (androidx.sqlite:sqlite:2.4.0) with ExtractAarTransform
Transforming sqlite-2.4.0.aar (androidx.sqlite:sqlite:2.4.0) with AarTransform
Transforming annotation-experimental-1.4.0.aar (androidx.annotation:annotation-experimental:1.4.0) with ExtractAarTransform
Transforming annotation-experimental-1.4.0.aar (androidx.annotation:annotation-experimental:1.4.0) with AarTransform
Transforming runtime-saveable-release.aar (androidx.compose.runtime:runtime-saveable-android:1.6.8) with ExtractAarTransform
Transforming runtime-saveable-release.aar (androidx.compose.runtime:runtime-saveable-android:1.6.8) with AarTransform
Transforming runtime-release.aar (androidx.compose.runtime:runtime-android:1.6.8) with ExtractAarTransform
Transforming runtime-release.aar (androidx.compose.runtime:runtime-android:1.6.8) with AarTransform
Transforming core-runtime-2.2.0.aar (androidx.arch.core:core-runtime:2.2.0) with ExtractAarTransform
Transforming core-runtime-2.2.0.aar (androidx.arch.core:core-runtime:2.2.0) with AarTransform
Transforming interpolator-1.0.0.aar (androidx.interpolator:interpolator:1.0.0) with ExtractAarTransform
Transforming interpolator-1.0.0.aar (androidx.interpolator:interpolator:1.0.0) with AarTransform
Transforming versionedparcelable-1.1.1.aar (androidx.versionedparcelable:versionedparcelable:1.1.1) with ExtractAarTransform
Transforming versionedparcelable-1.1.1.aar (androidx.versionedparcelable:versionedparcelable:1.1.1) with AarTransform
Transforming profileinstaller-1.3.1.aar (androidx.profileinstaller:profileinstaller:1.3.1) with ExtractAarTransform
Transforming profileinstaller-1.3.1.aar (androidx.profileinstaller:profileinstaller:1.3.1) with AarTransform
Caching disabled for AarTransform: /home/runner/.gradle/caches/transforms-4/f0e8eaf470acca0415ef31a789577478/transformed/savedstate-1.2.1 because:
  Build cache is disabled
  Caching not enabled.
Transforming startup-runtime-1.1.1.aar (androidx.startup:startup-runtime:1.1.1) with ExtractAarTransform
Transforming startup-runtime-1.1.1.aar (androidx.startup:startup-runtime:1.1.1) with AarTransform
Transforming tracing-1.0.0.aar (androidx.tracing:tracing:1.0.0) with ExtractAarTransform
Transforming tracing-1.0.0.aar (androidx.tracing:tracing:1.0.0) with AarTransform
Caching disabled for AarTransform: /home/runner/.gradle/caches/transforms-4/afbba87728083bd62933748bcdbeb87b/transformed/material-ripple-release because:
  Build cache is disabled
  Caching not enabled.
Caching disabled for AarTransform: /home/runner/.gradle/caches/transforms-4/1a97f834232591652b20134e6cb4d43d/transformed/material-icons-core-release because:
  Build cache is disabled
  Caching not enabled.
Caching disabled for AarTransform: /home/runner/.gradle/caches/transforms-4/0aa94228117f12d43e87b05a3cd75ebe/transformed/animation-core-release because:
  Build cache is disabled
  Caching not enabled.
Caching disabled for AarTransform: /home/runner/.gradle/caches/transforms-4/cdc4495f5fadcbc06e80e604a5986116/transformed/animation-release because:
  Build cache is disabled
  Caching not enabled.
Caching disabled for AarTransform: /home/runner/.gradle/caches/transforms-4/639d362069d3e1ad8dcba21c83e7453d/transformed/foundation-layout-release because:
  Build cache is disabled
  Caching not enabled.
Caching disabled for AarTransform: /home/runner/.gradle/caches/transforms-4/c11c232f28d1ce3243aafc1306eb7083/transformed/ui-util-release because:
  Build cache is disabled
  Caching not enabled.
Caching disabled for AarTransform: /home/runner/.gradle/caches/transforms-4/243f528b9b2308be770cafd9f2a3310f/transformed/foundation-release because:
  Build cache is disabled
  Caching not enabled.
Caching disabled for AarTransform: /home/runner/.gradle/caches/transforms-4/71403411fa14cee0ccf56b67f14490f3/transformed/ui-unit-release because:
  Build cache is disabled
  Caching not enabled.
Caching disabled for AarTransform: /home/runner/.gradle/caches/transforms-4/ac5fe6c2ae98769af38974bea2f77521/transformed/ui-graphics-release because:
  Build cache is disabled
  Caching not enabled.
Caching disabled for AarTransform: /home/runner/.gradle/caches/transforms-4/d6abce7d29e50cc8636367a9120f8550/transformed/ui-geometry-release because:
  Build cache is disabled
  Caching not enabled.
Caching disabled for AarTransform: /home/runner/.gradle/caches/transforms-4/6d5e28f5575c3d11687ada3aa6a00f6c/transformed/ui-tooling-preview-release because:
  Build cache is disabled
  Caching not enabled.
Caching disabled for AarTransform: /home/runner/.gradle/caches/transforms-4/6a412828cda80e5ee353751e77a7c09b/transformed/ui-text-release because:
  Build cache is disabled
  Caching not enabled.
Caching disabled for AarTransform: /home/runner/.gradle/caches/transforms-4/8d265db809aefe6ba535572b60a1cbcb/transformed/emoji2-1.3.0 because:
  Build cache is disabled
  Caching not enabled.
Caching disabled for AarTransform: /home/runner/.gradle/caches/transforms-4/6c7a81c1af3a9b7e25cb0eea0f9f8c09/transformed/lifecycle-livedata-core-2.8.2 because:
  Build cache is disabled
  Caching not enabled.
Caching disabled for AarTransform: /home/runner/.gradle/caches/transforms-4/394012d86a712eeb776fd32a4339d902/transformed/lifecycle-process-2.8.2 because:
  Build cache is disabled
  Caching not enabled.
Caching disabled for AarTransform: /home/runner/.gradle/caches/transforms-4/64bc7d4c8bfb35eaa76f1f5da4d519aa/transformed/lifecycle-runtime-ktx-release because:
  Build cache is disabled
  Caching not enabled.
Caching disabled for AarTransform: /home/runner/.gradle/caches/transforms-4/92b6d95af97bf92e2de41612aaa79ccf/transformed/lifecycle-viewmodel-release because:
  Build cache is disabled
  Caching not enabled.
Caching disabled for AarTransform: /home/runner/.gradle/caches/transforms-4/8c57be880e3f80b7f3edf330f66a862c/transformed/lifecycle-runtime-release because:
  Build cache is disabled
  Caching not enabled.
Caching disabled for AarTransform: /home/runner/.gradle/caches/transforms-4/06641950cff4bfdb55fae8fa2445ec50/transformed/lifecycle-viewmodel-savedstate-2.8.2 because:
  Build cache is disabled
  Caching not enabled.
Caching disabled for AarTransform: /home/runner/.gradle/caches/transforms-4/23d761cd93b9a110f6c2616e2d2c6a37/transformed/lifecycle-viewmodel-ktx-2.8.2 because:
  Build cache is disabled
  Caching not enabled.
Caching disabled for AarTransform: /home/runner/.gradle/caches/transforms-4/dfb3cb54e2ac90827ba0350aeee3b7fa/transformed/lifecycle-viewmodel-compose-release because:
  Build cache is disabled
  Caching not enabled.
Caching disabled for AarTransform: /home/runner/.gradle/caches/transforms-4/7a7c935af36228e4d0507fa5e15344b6/transformed/ui-release because:
  Build cache is disabled
  Caching not enabled.
Caching disabled for AarTransform: /home/runner/.gradle/caches/transforms-4/e91d43edd169d12026c8450ba62b92db/transformed/core-1.13.1 because:
  Build cache is disabled
  Caching not enabled.
Caching disabled for AarTransform: /home/runner/.gradle/caches/transforms-4/a0abdf354e700bcaac1126606a1fdc0d/transformed/material3-release because:
  Build cache is disabled
  Caching not enabled.
Caching disabled for AarTransform: /home/runner/.gradle/caches/transforms-4/74c0dbec5820d6e072a07f659d887010/transformed/autofill-1.0.0 because:
  Build cache is disabled
  Caching not enabled.
Caching disabled for AarTransform: /home/runner/.gradle/caches/transforms-4/dd42e38183cb7d9a90b69ba4cfad41b5/transformed/customview-poolingcontainer-1.0.0 because:
  Build cache is disabled
  Caching not enabled.
Caching disabled for AarTransform: /home/runner/.gradle/caches/transforms-4/d33bee1637304cf060ddfc55a5600f8f/transformed/core-ktx-1.13.1 because:
  Build cache is disabled
  Caching not enabled.
Caching disabled for AarTransform: /home/runner/.gradle/caches/transforms-4/3491be084682f777f2359a2bc8e00d91/transformed/room-runtime-2.6.1 because:
  Build cache is disabled
  Caching not enabled.
Caching disabled for AarTransform: /home/runner/.gradle/caches/transforms-4/4846b42d71b9682bc33dd8f717247987/transformed/room-ktx-2.6.1 because:
  Build cache is disabled
  Caching not enabled.
Caching disabled for AarTransform: /home/runner/.gradle/caches/transforms-4/cd4a2786e58cc42f09da01120e8ec02c/transformed/sqlite-framework-2.4.0 because:
  Build cache is disabled
  Caching not enabled.
Caching disabled for AarTransform: /home/runner/.gradle/caches/transforms-4/a2c1f44d85a58bea855e8e881fed3c91/transformed/sqlite-2.4.0 because:
  Build cache is disabled
  Caching not enabled.
Caching disabled for AarTransform: /home/runner/.gradle/caches/transforms-4/efdcc402ed8e7fa891c97037c96eceec/transformed/annotation-experimental-1.4.0 because:
  Build cache is disabled
  Caching not enabled.
Caching disabled for AarTransform: /home/runner/.gradle/caches/transforms-4/5373f9c4ad0a3edc85bee31e8d8d77dc/transformed/runtime-saveable-release because:
  Build cache is disabled
  Caching not enabled.
Caching disabled for AarTransform: /home/runner/.gradle/caches/transforms-4/3b4cbc485de508abdcc6b67de782fc42/transformed/core-runtime-2.2.0 because:
  Build cache is disabled
  Caching not enabled.
Caching disabled for AarTransform: /home/runner/.gradle/caches/transforms-4/7cb4d70bc8dce8c244de576ac198624d/transformed/runtime-release because:
  Build cache is disabled
  Caching not enabled.
Caching disabled for AarTransform: /home/runner/.gradle/caches/transforms-4/d1a8b21dc3a64323cc9bd8d7a9c1031b/transformed/interpolator-1.0.0 because:
  Build cache is disabled
  Caching not enabled.
Caching disabled for AarTransform: /home/runner/.gradle/caches/transforms-4/259b4b155bd65ae43561961fd4e59cfb/transformed/versionedparcelable-1.1.1 because:
  Build cache is disabled
  Caching not enabled.
Caching disabled for AarTransform: /home/runner/.gradle/caches/transforms-4/16e301cf918698b0162b7c845acd09ac/transformed/profileinstaller-1.3.1 because:
  Build cache is disabled
  Caching not enabled.
Caching disabled for AarTransform: /home/runner/.gradle/caches/transforms-4/f2e9c73a68070fd6ad1518ac571d0953/transformed/tracing-1.0.0 because:
  Build cache is disabled
  Caching not enabled.
Caching disabled for AarTransform: /home/runner/.gradle/caches/transforms-4/d4dd02a3897b1441880b8fdd2da8ae00/transformed/startup-runtime-1.1.1 because:
  Build cache is disabled
  Caching not enabled.
Transforming activity-1.9.0.aar (androidx.activity:activity:1.9.0) with ExtractAarTransform
Transforming activity-1.9.0.aar (androidx.activity:activity:1.9.0) with AarTransform
Transforming activity-ktx-1.9.0.aar (androidx.activity:activity-ktx:1.9.0) with ExtractAarTransform
Transforming activity-ktx-1.9.0.aar (androidx.activity:activity-ktx:1.9.0) with AarTransform
Transforming material3-release.aar (androidx.compose.material3:material3-android:1.2.1) with ExtractAarTransform
Transforming material3-release.aar (androidx.compose.material3:material3-android:1.2.1) with AarTransform
Transforming activity-compose-1.9.0.aar (androidx.activity:activity-compose:1.9.0) with ExtractAarTransform
Transforming activity-compose-1.9.0.aar (androidx.activity:activity-compose:1.9.0) with AarTransform
Transforming savedstate-ktx-1.2.1.aar (androidx.savedstate:savedstate-ktx:1.2.1) with ExtractAarTransform
Transforming savedstate-ktx-1.2.1.aar (androidx.savedstate:savedstate-ktx:1.2.1) with AarTransform
Caching disabled for AarTransform: /home/runner/.gradle/caches/transforms-4/1580f9556b4554369b8b66652bcb5397/transformed/activity-ktx-1.9.0 because:
  Build cache is disabled
  Caching not enabled.
Caching disabled for AarTransform: /home/runner/.gradle/caches/transforms-4/71b537acfb41fca7398e9c17ffc01d30/transformed/activity-1.9.0 because:
  Build cache is disabled
  Caching not enabled.
Transforming savedstate-1.2.1.aar (androidx.savedstate:savedstate:1.2.1) with ExtractAarTransform
Transforming savedstate-1.2.1.aar (androidx.savedstate:savedstate:1.2.1) with AarTransform
Transforming material-icons-core-release.aar (androidx.compose.material:material-icons-core-android:1.6.0) with ExtractAarTransform
Transforming material-icons-core-release.aar (androidx.compose.material:material-icons-core-android:1.6.0) with AarTransform
Transforming material-ripple-release.aar (androidx.compose.material:material-ripple-android:1.6.0) with ExtractAarTransform
Transforming material-ripple-release.aar (androidx.compose.material:material-ripple-android:1.6.0) with AarTransform
Transforming animation-core-release.aar (androidx.compose.animation:animation-core-android:1.6.8) with ExtractAarTransform
Transforming animation-core-release.aar (androidx.compose.animation:animation-core-android:1.6.8) with AarTransform
Transforming animation-release.aar (androidx.compose.animation:animation-android:1.6.8) with ExtractAarTransform
Caching disabled for AarTransform: /home/runner/.gradle/caches/transforms-4/a0abdf354e700bcaac1126606a1fdc0d/transformed/material3-release because:
  Build cache is disabled
  Caching not enabled.
Transforming animation-release.aar (androidx.compose.animation:animation-android:1.6.8) with AarTransform
Transforming foundation-layout-release.aar (androidx.compose.foundation:foundation-layout-android:1.6.8) with ExtractAarTransform
Transforming foundation-layout-release.aar (androidx.compose.foundation:foundation-layout-android:1.6.8) with AarTransform
Transforming foundation-release.aar (androidx.compose.foundation:foundation-android:1.6.8) with ExtractAarTransform
Transforming foundation-release.aar (androidx.compose.foundation:foundation-android:1.6.8) with AarTransform
Transforming ui-util-release.aar (androidx.compose.ui:ui-util-android:1.6.8) with ExtractAarTransform
Transforming ui-util-release.aar (androidx.compose.ui:ui-util-android:1.6.8) with AarTransform
Transforming ui-unit-release.aar (androidx.compose.ui:ui-unit-android:1.6.8) with ExtractAarTransform
Transforming ui-unit-release.aar (androidx.compose.ui:ui-unit-android:1.6.8) with AarTransform
Transforming ui-graphics-release.aar (androidx.compose.ui:ui-graphics-android:1.6.8) with ExtractAarTransform
Transforming ui-graphics-release.aar (androidx.compose.ui:ui-graphics-android:1.6.8) with AarTransform
Transforming ui-geometry-release.aar (androidx.compose.ui:ui-geometry-android:1.6.8) with ExtractAarTransform
Transforming ui-geometry-release.aar (androidx.compose.ui:ui-geometry-android:1.6.8) with AarTransform
Transforming ui-tooling-preview-release.aar (androidx.compose.ui:ui-tooling-preview-android:1.6.8) with ExtractAarTransform
Transforming ui-tooling-preview-release.aar (androidx.compose.ui:ui-tooling-preview-android:1.6.8) with AarTransform
Transforming ui-text-release.aar (androidx.compose.ui:ui-text-android:1.6.8) with ExtractAarTransform
Caching disabled for AarTransform: /home/runner/.gradle/caches/transforms-4/274e3e9d36de99cd6d24741926d80cfe/transformed/activity-compose-1.9.0 because:
  Build cache is disabled
  Caching not enabled.
Transforming ui-text-release.aar (androidx.compose.ui:ui-text-android:1.6.8) with AarTransform
Transforming emoji2-1.3.0.aar (androidx.emoji2:emoji2:1.3.0) with ExtractAarTransform
Transforming emoji2-1.3.0.aar (androidx.emoji2:emoji2:1.3.0) with AarTransform
Transforming lifecycle-process-2.8.2.aar (androidx.lifecycle:lifecycle-process:2.8.2) with ExtractAarTransform
Transforming lifecycle-process-2.8.2.aar (androidx.lifecycle:lifecycle-process:2.8.2) with AarTransform
Transforming lifecycle-livedata-core-2.8.2.aar (androidx.lifecycle:lifecycle-livedata-core:2.8.2) with ExtractAarTransform
Transforming lifecycle-livedata-core-2.8.2.aar (androidx.lifecycle:lifecycle-livedata-core:2.8.2) with AarTransform
Transforming lifecycle-runtime-ktx-release.aar (androidx.lifecycle:lifecycle-runtime-ktx-android:2.8.2) with ExtractAarTransform
Transforming lifecycle-runtime-ktx-release.aar (androidx.lifecycle:lifecycle-runtime-ktx-android:2.8.2) with AarTransform
Transforming lifecycle-viewmodel-release.aar (androidx.lifecycle:lifecycle-viewmodel-android:2.8.2) with ExtractAarTransform
Transforming lifecycle-viewmodel-release.aar (androidx.lifecycle:lifecycle-viewmodel-android:2.8.2) with AarTransform
Transforming lifecycle-runtime-release.aar (androidx.lifecycle:lifecycle-runtime-android:2.8.2) with ExtractAarTransform
Transforming lifecycle-runtime-release.aar (androidx.lifecycle:lifecycle-runtime-android:2.8.2) with AarTransform
Transforming lifecycle-viewmodel-savedstate-2.8.2.aar (androidx.lifecycle:lifecycle-viewmodel-savedstate:2.8.2) with ExtractAarTransform
Transforming lifecycle-viewmodel-savedstate-2.8.2.aar (androidx.lifecycle:lifecycle-viewmodel-savedstate:2.8.2) with AarTransform
Transforming lifecycle-viewmodel-ktx-2.8.2.aar (androidx.lifecycle:lifecycle-viewmodel-ktx:2.8.2) with ExtractAarTransform
Transforming lifecycle-viewmodel-ktx-2.8.2.aar (androidx.lifecycle:lifecycle-viewmodel-ktx:2.8.2) with AarTransform
Transforming lifecycle-viewmodel-compose-release.aar (androidx.lifecycle:lifecycle-viewmodel-compose-android:2.8.2) with ExtractAarTransform
Transforming lifecycle-viewmodel-compose-release.aar (androidx.lifecycle:lifecycle-viewmodel-compose-android:2.8.2) with AarTransform
Transforming ui-release.aar (androidx.compose.ui:ui-android:1.6.8) with ExtractAarTransform
Transforming ui-release.aar (androidx.compose.ui:ui-android:1.6.8) with AarTransform
Transforming autofill-1.0.0.aar (androidx.autofill:autofill:1.0.0) with ExtractAarTransform
Caching disabled for AarTransform: /home/runner/.gradle/caches/transforms-4/5679e22aad5f3ef3b1890e7aa9fc4ab9/transformed/savedstate-ktx-1.2.1 because:
  Build cache is disabled
  Caching not enabled.
Transforming autofill-1.0.0.aar (androidx.autofill:autofill:1.0.0) with AarTransform
Transforming core-1.13.1.aar (androidx.core:core:1.13.1) with ExtractAarTransform
Transforming core-1.13.1.aar (androidx.core:core:1.13.1) with AarTransform
Transforming core-1.13.1.aar (androidx.core:core:1.13.1) with ExtractAarTransform
Transforming core-1.13.1.aar (androidx.core:core:1.13.1) with AarTransform
Transforming customview-poolingcontainer-1.0.0.aar (androidx.customview:customview-poolingcontainer:1.0.0) with ExtractAarTransform
Transforming customview-poolingcontainer-1.0.0.aar (androidx.customview:customview-poolingcontainer:1.0.0) with AarTransform
Transforming core-ktx-1.13.1.aar (androidx.core:core-ktx:1.13.1) with ExtractAarTransform
Transforming core-ktx-1.13.1.aar (androidx.core:core-ktx:1.13.1) with AarTransform
Transforming room-runtime-2.6.1.aar (androidx.room:room-runtime:2.6.1) with ExtractAarTransform
Transforming room-runtime-2.6.1.aar (androidx.room:room-runtime:2.6.1) with AarTransform
Transforming room-ktx-2.6.1.aar (androidx.room:room-ktx:2.6.1) with ExtractAarTransform
Transforming room-ktx-2.6.1.aar (androidx.room:room-ktx:2.6.1) with AarTransform
Transforming sqlite-framework-2.4.0.aar (androidx.sqlite:sqlite-framework:2.4.0) with ExtractAarTransform
Transforming sqlite-framework-2.4.0.aar (androidx.sqlite:sqlite-framework:2.4.0) with AarTransform
Transforming sqlite-2.4.0.aar (androidx.sqlite:sqlite:2.4.0) with ExtractAarTransform
Transforming sqlite-2.4.0.aar (androidx.sqlite:sqlite:2.4.0) with AarTransform
Transforming annotation-experimental-1.4.0.aar (androidx.annotation:annotation-experimental:1.4.0) with ExtractAarTransform
Transforming annotation-experimental-1.4.0.aar (androidx.annotation:annotation-experimental:1.4.0) with AarTransform
Transforming runtime-saveable-release.aar (androidx.compose.runtime:runtime-saveable-android:1.6.8) with ExtractAarTransform
Transforming runtime-saveable-release.aar (androidx.compose.runtime:runtime-saveable-android:1.6.8) with AarTransform
Transforming runtime-release.aar (androidx.compose.runtime:runtime-android:1.6.8) with ExtractAarTransform
Transforming runtime-release.aar (androidx.compose.runtime:runtime-android:1.6.8) with AarTransform
Transforming core-runtime-2.2.0.aar (androidx.arch.core:core-runtime:2.2.0) with ExtractAarTransform
Transforming core-runtime-2.2.0.aar (androidx.arch.core:core-runtime:2.2.0) with AarTransform
Transforming interpolator-1.0.0.aar (androidx.interpolator:interpolator:1.0.0) with ExtractAarTransform
Transforming interpolator-1.0.0.aar (androidx.interpolator:interpolator:1.0.0) with AarTransform
Transforming versionedparcelable-1.1.1.aar (androidx.versionedparcelable:versionedparcelable:1.1.1) with ExtractAarTransform
Transforming versionedparcelable-1.1.1.aar (androidx.versionedparcelable:versionedparcelable:1.1.1) with AarTransform
Transforming profileinstaller-1.3.1.aar (androidx.profileinstaller:profileinstaller:1.3.1) with ExtractAarTransform
Transforming profileinstaller-1.3.1.aar (androidx.profileinstaller:profileinstaller:1.3.1) with AarTransform
Transforming startup-runtime-1.1.1.aar (androidx.startup:startup-runtime:1.1.1) with ExtractAarTransform
Transforming startup-runtime-1.1.1.aar (androidx.startup:startup-runtime:1.1.1) with AarTransform
Transforming tracing-1.0.0.aar (androidx.tracing:tracing:1.0.0) with ExtractAarTransform
Transforming tracing-1.0.0.aar (androidx.tracing:tracing:1.0.0) with AarTransform
Caching disabled for AarTransform: /home/runner/.gradle/caches/transforms-4/f0e8eaf470acca0415ef31a789577478/transformed/savedstate-1.2.1 because:
  Build cache is disabled
  Caching not enabled.
Caching disabled for AarTransform: /home/runner/.gradle/caches/transforms-4/1a97f834232591652b20134e6cb4d43d/transformed/material-icons-core-release because:
  Build cache is disabled
  Caching not enabled.
Caching disabled for AarTransform: /home/runner/.gradle/caches/transforms-4/afbba87728083bd62933748bcdbeb87b/transformed/material-ripple-release because:
  Build cache is disabled
  Caching not enabled.
Caching disabled for AarTransform: /home/runner/.gradle/caches/transforms-4/0aa94228117f12d43e87b05a3cd75ebe/transformed/animation-core-release because:
  Build cache is disabled
  Caching not enabled.
Caching disabled for AarTransform: /home/runner/.gradle/caches/transforms-4/cdc4495f5fadcbc06e80e604a5986116/transformed/animation-release because:
  Build cache is disabled
  Caching not enabled.
Caching disabled for AarTransform: /home/runner/.gradle/caches/transforms-4/639d362069d3e1ad8dcba21c83e7453d/transformed/foundation-layout-release because:
  Build cache is disabled
  Caching not enabled.
Caching disabled for AarTransform: /home/runner/.gradle/caches/transforms-4/243f528b9b2308be770cafd9f2a3310f/transformed/foundation-release because:
  Build cache is disabled
  Caching not enabled.
Caching disabled for AarTransform: /home/runner/.gradle/caches/transforms-4/c11c232f28d1ce3243aafc1306eb7083/transformed/ui-util-release because:
  Build cache is disabled
  Caching not enabled.
Caching disabled for AarTransform: /home/runner/.gradle/caches/transforms-4/71403411fa14cee0ccf56b67f14490f3/transformed/ui-unit-release because:
  Build cache is disabled
  Caching not enabled.
Caching disabled for AarTransform: /home/runner/.gradle/caches/transforms-4/ac5fe6c2ae98769af38974bea2f77521/transformed/ui-graphics-release because:
  Build cache is disabled
  Caching not enabled.
Caching disabled for AarTransform: /home/runner/.gradle/caches/transforms-4/d6abce7d29e50cc8636367a9120f8550/transformed/ui-geometry-release because:
  Build cache is disabled
  Caching not enabled.
Caching disabled for AarTransform: /home/runner/.gradle/caches/transforms-4/6d5e28f5575c3d11687ada3aa6a00f6c/transformed/ui-tooling-preview-release because:
  Build cache is disabled
  Caching not enabled.
Caching disabled for AarTransform: /home/runner/.gradle/caches/transforms-4/6a412828cda80e5ee353751e77a7c09b/transformed/ui-text-release because:
  Build cache is disabled
  Caching not enabled.
Caching disabled for AarTransform: /home/runner/.gradle/caches/transforms-4/8d265db809aefe6ba535572b60a1cbcb/transformed/emoji2-1.3.0 because:
  Build cache is disabled
  Caching not enabled.
Caching disabled for AarTransform: /home/runner/.gradle/caches/transforms-4/394012d86a712eeb776fd32a4339d902/transformed/lifecycle-process-2.8.2 because:
  Build cache is disabled
  Caching not enabled.
Caching disabled for AarTransform: /home/runner/.gradle/caches/transforms-4/6c7a81c1af3a9b7e25cb0eea0f9f8c09/transformed/lifecycle-livedata-core-2.8.2 because:
  Build cache is disabled
  Caching not enabled.
Caching disabled for AarTransform: /home/runner/.gradle/caches/transforms-4/64bc7d4c8bfb35eaa76f1f5da4d519aa/transformed/lifecycle-runtime-ktx-release because:
  Build cache is disabled
  Caching not enabled.
Caching disabled for AarTransform: /home/runner/.gradle/caches/transforms-4/92b6d95af97bf92e2de41612aaa79ccf/transformed/lifecycle-viewmodel-release because:
  Build cache is disabled
  Caching not enabled.
Caching disabled for AarTransform: /home/runner/.gradle/caches/transforms-4/8c57be880e3f80b7f3edf330f66a862c/transformed/lifecycle-runtime-release because:
  Build cache is disabled
  Caching not enabled.
Caching disabled for AarTransform: /home/runner/.gradle/caches/transforms-4/06641950cff4bfdb55fae8fa2445ec50/transformed/lifecycle-viewmodel-savedstate-2.8.2 because:
  Build cache is disabled
  Caching not enabled.
Caching disabled for AarTransform: /home/runner/.gradle/caches/transforms-4/23d761cd93b9a110f6c2616e2d2c6a37/transformed/lifecycle-viewmodel-ktx-2.8.2 because:
  Build cache is disabled
  Caching not enabled.
Caching disabled for AarTransform: /home/runner/.gradle/caches/transforms-4/dfb3cb54e2ac90827ba0350aeee3b7fa/transformed/lifecycle-viewmodel-compose-release because:
  Build cache is disabled
  Caching not enabled.
Caching disabled for AarTransform: /home/runner/.gradle/caches/transforms-4/7a7c935af36228e4d0507fa5e15344b6/transformed/ui-release because:
  Build cache is disabled
  Caching not enabled.
Caching disabled for AarTransform: /home/runner/.gradle/caches/transforms-4/74c0dbec5820d6e072a07f659d887010/transformed/autofill-1.0.0 because:
  Build cache is disabled
  Caching not enabled.
Caching disabled for AarTransform: /home/runner/.gradle/caches/transforms-4/e91d43edd169d12026c8450ba62b92db/transformed/core-1.13.1 because:
  Build cache is disabled
  Caching not enabled.
Caching disabled for AarTransform: /home/runner/.gradle/caches/transforms-4/dd42e38183cb7d9a90b69ba4cfad41b5/transformed/customview-poolingcontainer-1.0.0 because:
  Build cache is disabled
  Caching not enabled.
Caching disabled for AarTransform: /home/runner/.gradle/caches/transforms-4/d33bee1637304cf060ddfc55a5600f8f/transformed/core-ktx-1.13.1 because:
  Build cache is disabled
  Caching not enabled.
Caching disabled for AarTransform: /home/runner/.gradle/caches/transforms-4/3491be084682f777f2359a2bc8e00d91/transformed/room-runtime-2.6.1 because:
  Build cache is disabled
  Caching not enabled.
Caching disabled for AarTransform: /home/runner/.gradle/caches/transforms-4/4846b42d71b9682bc33dd8f717247987/transformed/room-ktx-2.6.1 because:
  Build cache is disabled
  Caching not enabled.
Caching disabled for AarTransform: /home/runner/.gradle/caches/transforms-4/a2c1f44d85a58bea855e8e881fed3c91/transformed/sqlite-2.4.0 because:
  Build cache is disabled
  Caching not enabled.
Caching disabled for AarTransform: /home/runner/.gradle/caches/transforms-4/cd4a2786e58cc42f09da01120e8ec02c/transformed/sqlite-framework-2.4.0 because:
  Build cache is disabled
  Caching not enabled.
Caching disabled for AarTransform: /home/runner/.gradle/caches/transforms-4/efdcc402ed8e7fa891c97037c96eceec/transformed/annotation-experimental-1.4.0 because:
  Build cache is disabled
  Caching not enabled.
Caching disabled for AarTransform: /home/runner/.gradle/caches/transforms-4/7cb4d70bc8dce8c244de576ac198624d/transformed/runtime-release because:
  Build cache is disabled
  Caching not enabled.
Caching disabled for AarTransform: /home/runner/.gradle/caches/transforms-4/5373f9c4ad0a3edc85bee31e8d8d77dc/transformed/runtime-saveable-release because:
  Build cache is disabled
  Caching not enabled.
Caching disabled for AarTransform: /home/runner/.gradle/caches/transforms-4/3b4cbc485de508abdcc6b67de782fc42/transformed/core-runtime-2.2.0 because:
  Build cache is disabled
  Caching not enabled.
Caching disabled for AarTransform: /home/runner/.gradle/caches/transforms-4/d1a8b21dc3a64323cc9bd8d7a9c1031b/transformed/interpolator-1.0.0 because:
  Build cache is disabled
  Caching not enabled.
Caching disabled for AarTransform: /home/runner/.gradle/caches/transforms-4/259b4b155bd65ae43561961fd4e59cfb/transformed/versionedparcelable-1.1.1 because:
  Build cache is disabled
  Caching not enabled.
Caching disabled for AarTransform: /home/runner/.gradle/caches/transforms-4/16e301cf918698b0162b7c845acd09ac/transformed/profileinstaller-1.3.1 because:
  Build cache is disabled
  Caching not enabled.
Caching disabled for AarTransform: /home/runner/.gradle/caches/transforms-4/d4dd02a3897b1441880b8fdd2da8ae00/transformed/startup-runtime-1.1.1 because:
  Build cache is disabled
  Caching not enabled.
Caching disabled for AarTransform: /home/runner/.gradle/caches/transforms-4/f2e9c73a68070fd6ad1518ac571d0953/transformed/tracing-1.0.0 because:
  Build cache is disabled
  Caching not enabled.
Caching disabled for task ':app:processDebugMainManifest' because:
  Build cache is disabled
Task ':app:processDebugMainManifest' is not up-to-date because:
  No history is available.
Loading library manifest /home/runner/.gradle/caches/transforms-4/71b537acfb41fca7398e9c17ffc01d30/transformed/activity-1.9.0/AndroidManifest.xml
Loading library manifest /home/runner/.gradle/caches/transforms-4/1580f9556b4554369b8b66652bcb5397/transformed/activity-ktx-1.9.0/AndroidManifest.xml
Loading library manifest /home/runner/.gradle/caches/transforms-4/a0abdf354e700bcaac1126606a1fdc0d/transformed/material3-release/AndroidManifest.xml
Loading library manifest /home/runner/.gradle/caches/transforms-4/274e3e9d36de99cd6d24741926d80cfe/transformed/activity-compose-1.9.0/AndroidManifest.xml
Loading library manifest /home/runner/.gradle/caches/transforms-4/5679e22aad5f3ef3b1890e7aa9fc4ab9/transformed/savedstate-ktx-1.2.1/AndroidManifest.xml
Loading library manifest /home/runner/.gradle/caches/transforms-4/f0e8eaf470acca0415ef31a789577478/transformed/savedstate-1.2.1/AndroidManifest.xml
Loading library manifest /home/runner/.gradle/caches/transforms-4/1a97f834232591652b20134e6cb4d43d/transformed/material-icons-core-release/AndroidManifest.xml
Loading library manifest /home/runner/.gradle/caches/transforms-4/afbba87728083bd62933748bcdbeb87b/transformed/material-ripple-release/AndroidManifest.xml
Loading library manifest /home/runner/.gradle/caches/transforms-4/0aa94228117f12d43e87b05a3cd75ebe/transformed/animation-core-release/AndroidManifest.xml
Loading library manifest /home/runner/.gradle/caches/transforms-4/cdc4495f5fadcbc06e80e604a5986116/transformed/animation-release/AndroidManifest.xml
Loading library manifest /home/runner/.gradle/caches/transforms-4/639d362069d3e1ad8dcba21c83e7453d/transformed/foundation-layout-release/AndroidManifest.xml
Loading library manifest /home/runner/.gradle/caches/transforms-4/243f528b9b2308be770cafd9f2a3310f/transformed/foundation-release/AndroidManifest.xml
Loading library manifest /home/runner/.gradle/caches/transforms-4/c11c232f28d1ce3243aafc1306eb7083/transformed/ui-util-release/AndroidManifest.xml
Loading library manifest /home/runner/.gradle/caches/transforms-4/71403411fa14cee0ccf56b67f14490f3/transformed/ui-unit-release/AndroidManifest.xml
Loading library manifest /home/runner/.gradle/caches/transforms-4/ac5fe6c2ae98769af38974bea2f77521/transformed/ui-graphics-release/AndroidManifest.xml
Loading library manifest /home/runner/.gradle/caches/transforms-4/d6abce7d29e50cc8636367a9120f8550/transformed/ui-geometry-release/AndroidManifest.xml
Loading library manifest /home/runner/.gradle/caches/transforms-4/6d5e28f5575c3d11687ada3aa6a00f6c/transformed/ui-tooling-preview-release/AndroidManifest.xml
Loading library manifest /home/runner/.gradle/caches/transforms-4/6a412828cda80e5ee353751e77a7c09b/transformed/ui-text-release/AndroidManifest.xml
Loading library manifest /home/runner/.gradle/caches/transforms-4/8d265db809aefe6ba535572b60a1cbcb/transformed/emoji2-1.3.0/AndroidManifest.xml
Loading library manifest /home/runner/.gradle/caches/transforms-4/394012d86a712eeb776fd32a4339d902/transformed/lifecycle-process-2.8.2/AndroidManifest.xml
Loading library manifest /home/runner/.gradle/caches/transforms-4/6c7a81c1af3a9b7e25cb0eea0f9f8c09/transformed/lifecycle-livedata-core-2.8.2/AndroidManifest.xml
Loading library manifest /home/runner/.gradle/caches/transforms-4/64bc7d4c8bfb35eaa76f1f5da4d519aa/transformed/lifecycle-runtime-ktx-release/AndroidManifest.xml
Loading library manifest /home/runner/.gradle/caches/transforms-4/92b6d95af97bf92e2de41612aaa79ccf/transformed/lifecycle-viewmodel-release/AndroidManifest.xml
Loading library manifest /home/runner/.gradle/caches/transforms-4/8c57be880e3f80b7f3edf330f66a862c/transformed/lifecycle-runtime-release/AndroidManifest.xml
Loading library manifest /home/runner/.gradle/caches/transforms-4/06641950cff4bfdb55fae8fa2445ec50/transformed/lifecycle-viewmodel-savedstate-2.8.2/AndroidManifest.xml
Loading library manifest /home/runner/.gradle/caches/transforms-4/23d761cd93b9a110f6c2616e2d2c6a37/transformed/lifecycle-viewmodel-ktx-2.8.2/AndroidManifest.xml
Loading library manifest /home/runner/.gradle/caches/transforms-4/dfb3cb54e2ac90827ba0350aeee3b7fa/transformed/lifecycle-viewmodel-compose-release/AndroidManifest.xml
Loading library manifest /home/runner/.gradle/caches/transforms-4/7a7c935af36228e4d0507fa5e15344b6/transformed/ui-release/AndroidManifest.xml
Loading library manifest /home/runner/.gradle/caches/transforms-4/74c0dbec5820d6e072a07f659d887010/transformed/autofill-1.0.0/AndroidManifest.xml
Loading library manifest /home/runner/.gradle/caches/transforms-4/e91d43edd169d12026c8450ba62b92db/transformed/core-1.13.1/AndroidManifest.xml
Loading library manifest /home/runner/.gradle/caches/transforms-4/dd42e38183cb7d9a90b69ba4cfad41b5/transformed/customview-poolingcontainer-1.0.0/AndroidManifest.xml
Loading library manifest /home/runner/.gradle/caches/transforms-4/d33bee1637304cf060ddfc55a5600f8f/transformed/core-ktx-1.13.1/AndroidManifest.xml
Loading library manifest /home/runner/.gradle/caches/transforms-4/3491be084682f777f2359a2bc8e00d91/transformed/room-runtime-2.6.1/AndroidManifest.xml
Loading library manifest /home/runner/.gradle/caches/transforms-4/4846b42d71b9682bc33dd8f717247987/transformed/room-ktx-2.6.1/AndroidManifest.xml
Loading library manifest /home/runner/.gradle/caches/transforms-4/cd4a2786e58cc42f09da01120e8ec02c/transformed/sqlite-framework-2.4.0/AndroidManifest.xml
Loading library manifest /home/runner/.gradle/caches/transforms-4/a2c1f44d85a58bea855e8e881fed3c91/transformed/sqlite-2.4.0/AndroidManifest.xml
Loading library manifest /home/runner/.gradle/caches/transforms-4/efdcc402ed8e7fa891c97037c96eceec/transformed/annotation-experimental-1.4.0/AndroidManifest.xml
Loading library manifest /home/runner/.gradle/caches/transforms-4/5373f9c4ad0a3edc85bee31e8d8d77dc/transformed/runtime-saveable-release/AndroidManifest.xml
Loading library manifest /home/runner/.gradle/caches/transforms-4/7cb4d70bc8dce8c244de576ac198624d/transformed/runtime-release/AndroidManifest.xml
Loading library manifest /home/runner/.gradle/caches/transforms-4/3b4cbc485de508abdcc6b67de782fc42/transformed/core-runtime-2.2.0/AndroidManifest.xml
Loading library manifest /home/runner/.gradle/caches/transforms-4/d1a8b21dc3a64323cc9bd8d7a9c1031b/transformed/interpolator-1.0.0/AndroidManifest.xml
Loading library manifest /home/runner/.gradle/caches/transforms-4/259b4b155bd65ae43561961fd4e59cfb/transformed/versionedparcelable-1.1.1/AndroidManifest.xml
Loading library manifest /home/runner/.gradle/caches/transforms-4/16e301cf918698b0162b7c845acd09ac/transformed/profileinstaller-1.3.1/AndroidManifest.xml
Loading library manifest /home/runner/.gradle/caches/transforms-4/d4dd02a3897b1441880b8fdd2da8ae00/transformed/startup-runtime-1.1.1/AndroidManifest.xml
Loading library manifest /home/runner/.gradle/caches/transforms-4/f2e9c73a68070fd6ad1518ac571d0953/transformed/tracing-1.0.0/AndroidManifest.xml
Merging main manifest /home/runner/work/AuraBrowse/AuraBrowse/app/src/main/AndroidManifest.xml

Merging library manifest /home/runner/.gradle/caches/transforms-4/71b537acfb41fca7398e9c17ffc01d30/transformed/activity-1.9.0/AndroidManifest.xml
Merging manifest with lower [androidx.activity:activity:1.9.0] AndroidManifest.xml:17:1-22:12
uses-sdk defined in both files...
Merging uses-sdk with lower [androidx.activity:activity:1.9.0] AndroidManifest.xml:20:5-44
Merging library manifest /home/runner/.gradle/caches/transforms-4/1580f9556b4554369b8b66652bcb5397/transformed/activity-ktx-1.9.0/AndroidManifest.xml
Merging manifest with lower [androidx.activity:activity-ktx:1.9.0] AndroidManifest.xml:2:1-7:12
uses-sdk defined in both files...
Merging uses-sdk with lower [androidx.activity:activity-ktx:1.9.0] AndroidManifest.xml:5:5-44
Merging library manifest /home/runner/.gradle/caches/transforms-4/a0abdf354e700bcaac1126606a1fdc0d/transformed/material3-release/AndroidManifest.xml
Merging manifest with lower [androidx.compose.material3:material3-android:1.2.1] AndroidManifest.xml:17:1-22:12
uses-sdk defined in both files...
Merging uses-sdk with lower [androidx.compose.material3:material3-android:1.2.1] AndroidManifest.xml:20:5-44
Merging library manifest /home/runner/.gradle/caches/transforms-4/274e3e9d36de99cd6d24741926d80cfe/transformed/activity-compose-1.9.0/AndroidManifest.xml
Merging manifest with lower [androidx.activity:activity-compose:1.9.0] AndroidManifest.xml:2:1-7:12
uses-sdk defined in both files...
Merging uses-sdk with lower [androidx.activity:activity-compose:1.9.0] AndroidManifest.xml:5:5-44
Merging library manifest /home/runner/.gradle/caches/transforms-4/5679e22aad5f3ef3b1890e7aa9fc4ab9/transformed/savedstate-ktx-1.2.1/AndroidManifest.xml
Merging manifest with lower [androidx.savedstate:savedstate-ktx:1.2.1] AndroidManifest.xml:17:1-22:12
uses-sdk defined in both files...
Merging uses-sdk with lower [androidx.savedstate:savedstate-ktx:1.2.1] AndroidManifest.xml:20:5-44
Merging library manifest /home/runner/.gradle/caches/transforms-4/f0e8eaf470acca0415ef31a789577478/transformed/savedstate-1.2.1/AndroidManifest.xml
Merging manifest with lower [androidx.savedstate:savedstate:1.2.1] AndroidManifest.xml:17:1-22:12
uses-sdk defined in both files...
Merging uses-sdk with lower [androidx.savedstate:savedstate:1.2.1] AndroidManifest.xml:20:5-44
Merging library manifest /home/runner/.gradle/caches/transforms-4/1a97f834232591652b20134e6cb4d43d/transformed/material-icons-core-release/AndroidManifest.xml
Merging manifest with lower [androidx.compose.material:material-icons-core-android:1.6.0] AndroidManifest.xml:2:1-7:12
uses-sdk defined in both files...
Merging uses-sdk with lower [androidx.compose.material:material-icons-core-android:1.6.0] AndroidManifest.xml:5:5-44
Merging library manifest /home/runner/.gradle/caches/transforms-4/afbba87728083bd62933748bcdbeb87b/transformed/material-ripple-release/AndroidManifest.xml
Merging manifest with lower [androidx.compose.material:material-ripple-android:1.6.0] AndroidManifest.xml:2:1-7:12
uses-sdk defined in both files...
Merging uses-sdk with lower [androidx.compose.material:material-ripple-android:1.6.0] AndroidManifest.xml:5:5-44
Merging library manifest /home/runner/.gradle/caches/transforms-4/0aa94228117f12d43e87b05a3cd75ebe/transformed/animation-core-release/AndroidManifest.xml
Merging manifest with lower [androidx.compose.animation:animation-core-android:1.6.8] AndroidManifest.xml:2:1-7:12
uses-sdk defined in both files...
Merging uses-sdk with lower [androidx.compose.animation:animation-core-android:1.6.8] AndroidManifest.xml:5:5-44
Merging library manifest /home/runner/.gradle/caches/transforms-4/cdc4495f5fadcbc06e80e604a5986116/transformed/animation-release/AndroidManifest.xml
Merging manifest with lower [androidx.compose.animation:animation-android:1.6.8] AndroidManifest.xml:2:1-7:12
uses-sdk defined in both files...
Merging uses-sdk with lower [androidx.compose.animation:animation-android:1.6.8] AndroidManifest.xml:5:5-44
Merging library manifest /home/runner/.gradle/caches/transforms-4/639d362069d3e1ad8dcba21c83e7453d/transformed/foundation-layout-release/AndroidManifest.xml
Merging manifest with lower [androidx.compose.foundation:foundation-layout-android:1.6.8] AndroidManifest.xml:2:1-7:12
uses-sdk defined in both files...
Merging uses-sdk with lower [androidx.compose.foundation:foundation-layout-android:1.6.8] AndroidManifest.xml:5:5-44
Merging library manifest /home/runner/.gradle/caches/transforms-4/243f528b9b2308be770cafd9f2a3310f/transformed/foundation-release/AndroidManifest.xml
Merging manifest with lower [androidx.compose.foundation:foundation-android:1.6.8] AndroidManifest.xml:2:1-7:12
uses-sdk defined in both files...
Merging uses-sdk with lower [androidx.compose.foundation:foundation-android:1.6.8] AndroidManifest.xml:5:5-44
Merging library manifest /home/runner/.gradle/caches/transforms-4/c11c232f28d1ce3243aafc1306eb7083/transformed/ui-util-release/AndroidManifest.xml
Merging manifest with lower [androidx.compose.ui:ui-util-android:1.6.8] AndroidManifest.xml:2:1-7:12
uses-sdk defined in both files...
Merging uses-sdk with lower [androidx.compose.ui:ui-util-android:1.6.8] AndroidManifest.xml:5:5-44
Merging library manifest /home/runner/.gradle/caches/transforms-4/71403411fa14cee0ccf56b67f14490f3/transformed/ui-unit-release/AndroidManifest.xml
Merging manifest with lower [androidx.compose.ui:ui-unit-android:1.6.8] AndroidManifest.xml:2:1-7:12
uses-sdk defined in both files...
Merging uses-sdk with lower [androidx.compose.ui:ui-unit-android:1.6.8] AndroidManifest.xml:5:5-44
Merging library manifest /home/runner/.gradle/caches/transforms-4/ac5fe6c2ae98769af38974bea2f77521/transformed/ui-graphics-release/AndroidManifest.xml
Merging manifest with lower [androidx.compose.ui:ui-graphics-android:1.6.8] AndroidManifest.xml:2:1-7:12
uses-sdk defined in both files...
Merging uses-sdk with lower [androidx.compose.ui:ui-graphics-android:1.6.8] AndroidManifest.xml:5:5-44
Merging library manifest /home/runner/.gradle/caches/transforms-4/d6abce7d29e50cc8636367a9120f8550/transformed/ui-geometry-release/AndroidManifest.xml
Merging manifest with lower [androidx.compose.ui:ui-geometry-android:1.6.8] AndroidManifest.xml:2:1-7:12
uses-sdk defined in both files...
Merging uses-sdk with lower [androidx.compose.ui:ui-geometry-android:1.6.8] AndroidManifest.xml:5:5-44
Merging library manifest /home/runner/.gradle/caches/transforms-4/6d5e28f5575c3d11687ada3aa6a00f6c/transformed/ui-tooling-preview-release/AndroidManifest.xml
Merging manifest with lower [androidx.compose.ui:ui-tooling-preview-android:1.6.8] AndroidManifest.xml:17:1-22:12
uses-sdk defined in both files...
Merging uses-sdk with lower [androidx.compose.ui:ui-tooling-preview-android:1.6.8] AndroidManifest.xml:20:5-44
Merging library manifest /home/runner/.gradle/caches/transforms-4/6a412828cda80e5ee353751e77a7c09b/transformed/ui-text-release/AndroidManifest.xml
Merging manifest with lower [androidx.compose.ui:ui-text-android:1.6.8] AndroidManifest.xml:2:1-7:12
uses-sdk defined in both files...
Merging uses-sdk with lower [androidx.compose.ui:ui-text-android:1.6.8] AndroidManifest.xml:5:5-44
Merging library manifest /home/runner/.gradle/caches/transforms-4/8d265db809aefe6ba535572b60a1cbcb/transformed/emoji2-1.3.0/AndroidManifest.xml
Merging manifest with lower [androidx.emoji2:emoji2:1.3.0] AndroidManifest.xml:17:1-35:12
uses-sdk defined in both files...
Merging uses-sdk with lower [androidx.emoji2:emoji2:1.3.0] AndroidManifest.xml:21:5-44
application defined in both files...
Merging application with lower [androidx.emoji2:emoji2:1.3.0] AndroidManifest.xml:23:5-33:19
Adopted [provider: null]
Merging library manifest /home/runner/.gradle/caches/transforms-4/394012d86a712eeb776fd32a4339d902/transformed/lifecycle-process-2.8.2/AndroidManifest.xml
Merging manifest with lower [androidx.lifecycle:lifecycle-process:2.8.2] AndroidManifest.xml:17:1-35:12
uses-sdk defined in both files...
Merging uses-sdk with lower [androidx.lifecycle:lifecycle-process:2.8.2] AndroidManifest.xml:21:5-44
application defined in both files...
Merging application with lower [androidx.lifecycle:lifecycle-process:2.8.2] AndroidManifest.xml:23:5-33:19
provider#androidx.startup.InitializationProvider defined in both files...
Merging provider#androidx.startup.InitializationProvider with lower [androidx.lifecycle:lifecycle-process:2.8.2] AndroidManifest.xml:24:9-32:20
Adopted [meta-data: null]
Merging library manifest /home/runner/.gradle/caches/transforms-4/6c7a81c1af3a9b7e25cb0eea0f9f8c09/transformed/lifecycle-livedata-core-2.8.2/AndroidManifest.xml
Merging manifest with lower [androidx.lifecycle:lifecycle-livedata-core:2.8.2] AndroidManifest.xml:17:1-22:12
uses-sdk defined in both files...
Merging uses-sdk with lower [androidx.lifecycle:lifecycle-livedata-core:2.8.2] AndroidManifest.xml:20:5-44
Merging library manifest /home/runner/.gradle/caches/transforms-4/64bc7d4c8bfb35eaa76f1f5da4d519aa/transformed/lifecycle-runtime-ktx-release/AndroidManifest.xml
Merging manifest with lower [androidx.lifecycle:lifecycle-runtime-ktx-android:2.8.2] AndroidManifest.xml:2:1-7:12
uses-sdk defined in both files...
Merging uses-sdk with lower [androidx.lifecycle:lifecycle-runtime-ktx-android:2.8.2] AndroidManifest.xml:5:5-44
Merging library manifest /home/runner/.gradle/caches/transforms-4/92b6d95af97bf92e2de41612aaa79ccf/transformed/lifecycle-viewmodel-release/AndroidManifest.xml
Merging manifest with lower [androidx.lifecycle:lifecycle-viewmodel-android:2.8.2] AndroidManifest.xml:17:1-22:12
uses-sdk defined in both files...
Merging uses-sdk with lower [androidx.lifecycle:lifecycle-viewmodel-android:2.8.2] AndroidManifest.xml:20:5-44
Merging library manifest /home/runner/.gradle/caches/transforms-4/8c57be880e3f80b7f3edf330f66a862c/transformed/lifecycle-runtime-release/AndroidManifest.xml
Merging manifest with lower [androidx.lifecycle:lifecycle-runtime-android:2.8.2] AndroidManifest.xml:17:1-22:12
uses-sdk defined in both files...
Merging uses-sdk with lower [androidx.lifecycle:lifecycle-runtime-android:2.8.2] AndroidManifest.xml:20:5-44
Merging library manifest /home/runner/.gradle/caches/transforms-4/06641950cff4bfdb55fae8fa2445ec50/transformed/lifecycle-viewmodel-savedstate-2.8.2/AndroidManifest.xml
Merging manifest with lower [androidx.lifecycle:lifecycle-viewmodel-savedstate:2.8.2] AndroidManifest.xml:17:1-22:12
uses-sdk defined in both files...
Merging uses-sdk with lower [androidx.lifecycle:lifecycle-viewmodel-savedstate:2.8.2] AndroidManifest.xml:20:5-44
Merging library manifest /home/runner/.gradle/caches/transforms-4/23d761cd93b9a110f6c2616e2d2c6a37/transformed/lifecycle-viewmodel-ktx-2.8.2/AndroidManifest.xml
Merging manifest with lower [androidx.lifecycle:lifecycle-viewmodel-ktx:2.8.2] AndroidManifest.xml:2:1-7:12
uses-sdk defined in both files...
Merging uses-sdk with lower [androidx.lifecycle:lifecycle-viewmodel-ktx:2.8.2] AndroidManifest.xml:5:5-44
Merging library manifest /home/runner/.gradle/caches/transforms-4/dfb3cb54e2ac90827ba0350aeee3b7fa/transformed/lifecycle-viewmodel-compose-release/AndroidManifest.xml
Merging manifest with lower [androidx.lifecycle:lifecycle-viewmodel-compose-android:2.8.2] AndroidManifest.xml:2:1-7:12
uses-sdk defined in both files...
Merging uses-sdk with lower [androidx.lifecycle:lifecycle-viewmodel-compose-android:2.8.2] AndroidManifest.xml:5:5-44
Merging library manifest /home/runner/.gradle/caches/transforms-4/7a7c935af36228e4d0507fa5e15344b6/transformed/ui-release/AndroidManifest.xml
Merging manifest with lower [androidx.compose.ui:ui-android:1.6.8] AndroidManifest.xml:2:1-7:12
uses-sdk defined in both files...
Merging uses-sdk with lower [androidx.compose.ui:ui-android:1.6.8] AndroidManifest.xml:5:5-44
Merging library manifest /home/runner/.gradle/caches/transforms-4/74c0dbec5820d6e072a07f659d887010/transformed/autofill-1.0.0/AndroidManifest.xml
Merging manifest with lower [androidx.autofill:autofill:1.0.0] AndroidManifest.xml:17:1-24:12
uses-sdk defined in both files...
Merging uses-sdk with lower [androidx.autofill:autofill:1.0.0] AndroidManifest.xml:20:5-22:41
Merging library manifest /home/runner/.gradle/caches/transforms-4/e91d43edd169d12026c8450ba62b92db/transformed/core-1.13.1/AndroidManifest.xml
Merging manifest with lower [androidx.core:core:1.13.1] AndroidManifest.xml:17:1-30:12
uses-sdk defined in both files...
Merging uses-sdk with lower [androidx.core:core:1.13.1] AndroidManifest.xml:20:5-44
Adopted [permission: null]
Adopted [uses-permission: null]
application defined in both files...
Merging application with lower [androidx.core:core:1.13.1] AndroidManifest.xml:28:5-89
Merging library manifest /home/runner/.gradle/caches/transforms-4/dd42e38183cb7d9a90b69ba4cfad41b5/transformed/customview-poolingcontainer-1.0.0/AndroidManifest.xml
Merging manifest with lower [androidx.customview:customview-poolingcontainer:1.0.0] AndroidManifest.xml:17:1-23:12
uses-sdk defined in both files...
Merging uses-sdk with lower [androidx.customview:customview-poolingcontainer:1.0.0] AndroidManifest.xml:20:5-21:38
Merging library manifest /home/runner/.gradle/caches/transforms-4/d33bee1637304cf060ddfc55a5600f8f/transformed/core-ktx-1.13.1/AndroidManifest.xml
Merging manifest with lower [androidx.core:core-ktx:1.13.1] AndroidManifest.xml:2:1-7:12
uses-sdk defined in both files...
Merging uses-sdk with lower [androidx.core:core-ktx:1.13.1] AndroidManifest.xml:5:5-44
Merging library manifest /home/runner/.gradle/caches/transforms-4/3491be084682f777f2359a2bc8e00d91/transformed/room-runtime-2.6.1/AndroidManifest.xml
Merging manifest with lower [androidx.room:room-runtime:2.6.1] AndroidManifest.xml:17:1-31:12
uses-sdk defined in both files...
Merging uses-sdk with lower [androidx.room:room-runtime:2.6.1] AndroidManifest.xml:21:5-44
application defined in both files...
Merging application with lower [androidx.room:room-runtime:2.6.1] AndroidManifest.xml:23:5-29:19
Adopted [service: null]
Merging library manifest /home/runner/.gradle/caches/transforms-4/4846b42d71b9682bc33dd8f717247987/transformed/room-ktx-2.6.1/AndroidManifest.xml
Merging manifest with lower [androidx.room:room-ktx:2.6.1] AndroidManifest.xml:17:1-22:12
uses-sdk defined in both files...
Merging uses-sdk with lower [androidx.room:room-ktx:2.6.1] AndroidManifest.xml:20:5-44
Merging library manifest /home/runner/.gradle/caches/transforms-4/cd4a2786e58cc42f09da01120e8ec02c/transformed/sqlite-framework-2.4.0/AndroidManifest.xml
Merging manifest with lower [androidx.sqlite:sqlite-framework:2.4.0] AndroidManifest.xml:17:1-22:12
uses-sdk defined in both files...
Merging uses-sdk with lower [androidx.sqlite:sqlite-framework:2.4.0] AndroidManifest.xml:20:5-44
Merging library manifest /home/runner/.gradle/caches/transforms-4/a2c1f44d85a58bea855e8e881fed3c91/transformed/sqlite-2.4.0/AndroidManifest.xml
Merging manifest with lower [androidx.sqlite:sqlite:2.4.0] AndroidManifest.xml:17:1-22:12
uses-sdk defined in both files...
Merging uses-sdk with lower [androidx.sqlite:sqlite:2.4.0] AndroidManifest.xml:20:5-44
Merging library manifest /home/runner/.gradle/caches/transforms-4/efdcc402ed8e7fa891c97037c96eceec/transformed/annotation-experimental-1.4.0/AndroidManifest.xml
Merging manifest with lower [androidx.annotation:annotation-experimental:1.4.0] AndroidManifest.xml:2:1-7:12
uses-sdk defined in both files...
Merging uses-sdk with lower [androidx.annotation:annotation-experimental:1.4.0] AndroidManifest.xml:5:5-44
Merging library manifest /home/runner/.gradle/caches/transforms-4/5373f9c4ad0a3edc85bee31e8d8d77dc/transformed/runtime-saveable-release/AndroidManifest.xml
Merging manifest with lower [androidx.compose.runtime:runtime-saveable-android:1.6.8] AndroidManifest.xml:2:1-7:12
uses-sdk defined in both files...
Merging uses-sdk with lower [androidx.compose.runtime:runtime-saveable-android:1.6.8] AndroidManifest.xml:5:5-44
Merging library manifest /home/runner/.gradle/caches/transforms-4/7cb4d70bc8dce8c244de576ac198624d/transformed/runtime-release/AndroidManifest.xml
Merging manifest with lower [androidx.compose.runtime:runtime-android:1.6.8] AndroidManifest.xml:2:1-7:12
uses-sdk defined in both files...
Merging uses-sdk with lower [androidx.compose.runtime:runtime-android:1.6.8] AndroidManifest.xml:5:5-44
Merging library manifest /home/runner/.gradle/caches/transforms-4/3b4cbc485de508abdcc6b67de782fc42/transformed/core-runtime-2.2.0/AndroidManifest.xml
Merging manifest with lower [androidx.arch.core:core-runtime:2.2.0] AndroidManifest.xml:17:1-22:12
uses-sdk defined in both files...
Merging uses-sdk with lower [androidx.arch.core:core-runtime:2.2.0] AndroidManifest.xml:20:5-44
Merging library manifest /home/runner/.gradle/caches/transforms-4/d1a8b21dc3a64323cc9bd8d7a9c1031b/transformed/interpolator-1.0.0/AndroidManifest.xml
Merging manifest with lower [androidx.interpolator:interpolator:1.0.0] AndroidManifest.xml:17:1-22:12
uses-sdk defined in both files...
Merging uses-sdk with lower [androidx.interpolator:interpolator:1.0.0] AndroidManifest.xml:20:5-44
Merging library manifest /home/runner/.gradle/caches/transforms-4/259b4b155bd65ae43561961fd4e59cfb/transformed/versionedparcelable-1.1.1/AndroidManifest.xml
Merging manifest with lower [androidx.versionedparcelable:versionedparcelable:1.1.1] AndroidManifest.xml:17:1-27:12
uses-sdk defined in both files...
Merging uses-sdk with lower [androidx.versionedparcelable:versionedparcelable:1.1.1] AndroidManifest.xml:20:5-22:41
application defined in both files...
Merging application with lower [androidx.versionedparcelable:versionedparcelable:1.1.1] AndroidManifest.xml:24:5-25:19
Merging library manifest /home/runner/.gradle/caches/transforms-4/16e301cf918698b0162b7c845acd09ac/transformed/profileinstaller-1.3.1/AndroidManifest.xml
Merging manifest with lower [androidx.profileinstaller:profileinstaller:1.3.1] AndroidManifest.xml:17:1-55:12
uses-sdk defined in both files...
Merging uses-sdk with lower [androidx.profileinstaller:profileinstaller:1.3.1] AndroidManifest.xml:21:5-44
application defined in both files...
Merging application with lower [androidx.profileinstaller:profileinstaller:1.3.1] AndroidManifest.xml:23:5-53:19
provider#androidx.startup.InitializationProvider defined in both files...
Merging provider#androidx.startup.InitializationProvider with lower [androidx.profileinstaller:profileinstaller:1.3.1] AndroidManifest.xml:24:9-32:20
Adopted [meta-data: null]
Adopted [receiver: null]
Merging library manifest /home/runner/.gradle/caches/transforms-4/d4dd02a3897b1441880b8fdd2da8ae00/transformed/startup-runtime-1.1.1/AndroidManifest.xml
Merging manifest with lower [androidx.startup:startup-runtime:1.1.1] AndroidManifest.xml:17:1-33:12
uses-sdk defined in both files...
Merging uses-sdk with lower [androidx.startup:startup-runtime:1.1.1] AndroidManifest.xml:21:5-23:41
application defined in both files...
Merging application with lower [androidx.startup:startup-runtime:1.1.1] AndroidManifest.xml:25:5-31:19
provider#androidx.startup.InitializationProvider defined in both files...
Merging provider#androidx.startup.InitializationProvider with lower [androidx.startup:startup-runtime:1.1.1] AndroidManifest.xml:26:9-30:34
Merging library manifest /home/runner/.gradle/caches/transforms-4/f2e9c73a68070fd6ad1518ac571d0953/transformed/tracing-1.0.0/AndroidManifest.xml
Merging manifest with lower [androidx.tracing:tracing:1.0.0] AndroidManifest.xml:17:1-24:12
uses-sdk defined in both files...
Merging uses-sdk with lower [androidx.tracing:tracing:1.0.0] AndroidManifest.xml:20:5-22:41
Merging result: SUCCESS
1<?xml version="1.0" encoding="utf-8"?>
2<manifest xmlns:android="http://schemas.android.com/apk/res/android"
3    package="com.example.aurabrowse"
4    android:versionCode="1"
5    android:versionName="0.1.0" >
6
7    <uses-sdk
8        android:minSdkVersion="24"
9        android:targetSdkVersion="34" />
10
11    <uses-permission android:name="android.permission.INTERNET" />
11-->/home/runner/work/AuraBrowse/AuraBrowse/app/src/main/AndroidManifest.xml:2:5-67
11-->/home/runner/work/AuraBrowse/AuraBrowse/app/src/main/AndroidManifest.xml:2:22-64
12    <uses-permission android:name="android.permission.POST_NOTIFICATIONS" />
12-->/home/runner/work/AuraBrowse/AuraBrowse/app/src/main/AndroidManifest.xml:3:5-77
12-->/home/runner/work/AuraBrowse/AuraBrowse/app/src/main/AndroidManifest.xml:3:22-74
13
14    <permission
14-->[androidx.core:core:1.13.1] /home/runner/.gradle/caches/transforms-4/e91d43edd169d12026c8450ba62b92db/transformed/core-1.13.1/AndroidManifest.xml:22:5-24:47
15        android:name="com.example.aurabrowse.DYNAMIC_RECEIVER_NOT_EXPORTED_PERMISSION"
15-->[androidx.core:core:1.13.1] /home/runner/.gradle/caches/transforms-4/e91d43edd169d12026c8450ba62b92db/transformed/core-1.13.1/AndroidManifest.xml:23:9-81
16        android:protectionLevel="signature" />
16-->[androidx.core:core:1.13.1] /home/runner/.gradle/caches/transforms-4/e91d43edd169d12026c8450ba62b92db/transformed/core-1.13.1/AndroidManifest.xml:24:9-44
17
18    <uses-permission android:name="com.example.aurabrowse.DYNAMIC_RECEIVER_NOT_EXPORTED_PERMISSION" />
18-->[androidx.core:core:1.13.1] /home/runner/.gradle/caches/transforms-4/e91d43edd169d12026c8450ba62b92db/transformed/core-1.13.1/AndroidManifest.xml:26:5-97
18-->[androidx.core:core:1.13.1] /home/runner/.gradle/caches/transforms-4/e91d43edd169d12026c8450ba62b92db/transformed/core-1.13.1/AndroidManifest.xml:26:22-94
19
20    <application
20-->/home/runner/work/AuraBrowse/AuraBrowse/app/src/main/AndroidManifest.xml:4:5-8:116
21        android:allowBackup="false"
21-->/home/runner/work/AuraBrowse/AuraBrowse/app/src/main/AndroidManifest.xml:4:122-149
22        android:appComponentFactory="androidx.core.app.CoreComponentFactory"
22-->[androidx.core:core:1.13.1] /home/runner/.gradle/caches/transforms-4/e91d43edd169d12026c8450ba62b92db/transformed/core-1.13.1/AndroidManifest.xml:28:18-86
23        android:debuggable="true"
24        android:extractNativeLibs="false"
25        android:label="AuraBrowse"
25-->/home/runner/work/AuraBrowse/AuraBrowse/app/src/main/AndroidManifest.xml:4:58-84
26        android:theme="@style/Theme.AuraBrowse"
26-->/home/runner/work/AuraBrowse/AuraBrowse/app/src/main/AndroidManifest.xml:4:18-57
27        android:usesCleartextTraffic="false" >
27-->/home/runner/work/AuraBrowse/AuraBrowse/app/src/main/AndroidManifest.xml:4:85-121
28        <activity
28-->/home/runner/work/AuraBrowse/AuraBrowse/app/src/main/AndroidManifest.xml:5:9-7:20
29            android:name="com.example.aurabrowse.ui.BrowserActivity"
29-->/home/runner/work/AuraBrowse/AuraBrowse/app/src/main/AndroidManifest.xml:5:19-53
30            android:exported="true"
30-->/home/runner/work/AuraBrowse/AuraBrowse/app/src/main/AndroidManifest.xml:5:91-114
31            android:screenOrientation="portrait" >
31-->/home/runner/work/AuraBrowse/AuraBrowse/app/src/main/AndroidManifest.xml:5:54-90
32            <intent-filter>
32-->/home/runner/work/AuraBrowse/AuraBrowse/app/src/main/AndroidManifest.xml:6:13-154
33                <action android:name="android.intent.action.MAIN" />
33-->/home/runner/work/AuraBrowse/AuraBrowse/app/src/main/AndroidManifest.xml:6:28-79
33-->/home/runner/work/AuraBrowse/AuraBrowse/app/src/main/AndroidManifest.xml:6:36-77
34
35                <category android:name="android.intent.category.LAUNCHER" />
35-->/home/runner/work/AuraBrowse/AuraBrowse/app/src/main/AndroidManifest.xml:6:79-138
35-->/home/runner/work/AuraBrowse/AuraBrowse/app/src/main/AndroidManifest.xml:6:89-136
36            </intent-filter>
37        </activity>
38        <activity android:name="com.example.aurabrowse.ui.SettingsActivity" />
38-->/home/runner/work/AuraBrowse/AuraBrowse/app/src/main/AndroidManifest.xml:8:5-53
38-->/home/runner/work/AuraBrowse/AuraBrowse/app/src/main/AndroidManifest.xml:8:15-50
39        <activity android:name="com.example.aurabrowse.ui.DownloadsActivity" />
39-->/home/runner/work/AuraBrowse/AuraBrowse/app/src/main/AndroidManifest.xml:8:53-102
39-->/home/runner/work/AuraBrowse/AuraBrowse/app/src/main/AndroidManifest.xml:8:63-99
40
41        <provider
41-->[androidx.emoji2:emoji2:1.3.0] /home/runner/.gradle/caches/transforms-4/8d265db809aefe6ba535572b60a1cbcb/transformed/emoji2-1.3.0/AndroidManifest.xml:24:9-32:20
42            android:name="androidx.startup.InitializationProvider"
42-->[androidx.emoji2:emoji2:1.3.0] /home/runner/.gradle/caches/transforms-4/8d265db809aefe6ba535572b60a1cbcb/transformed/emoji2-1.3.0/AndroidManifest.xml:25:13-67
43            android:authorities="com.example.aurabrowse.androidx-startup"
43-->[androidx.emoji2:emoji2:1.3.0] /home/runner/.gradle/caches/transforms-4/8d265db809aefe6ba535572b60a1cbcb/transformed/emoji2-1.3.0/AndroidManifest.xml:26:13-68
44            android:exported="false" >
44-->[androidx.emoji2:emoji2:1.3.0] /home/runner/.gradle/caches/transforms-4/8d265db809aefe6ba535572b60a1cbcb/transformed/emoji2-1.3.0/AndroidManifest.xml:27:13-37
45            <meta-data
45-->[androidx.emoji2:emoji2:1.3.0] /home/runner/.gradle/caches/transforms-4/8d265db809aefe6ba535572b60a1cbcb/transformed/emoji2-1.3.0/AndroidManifest.xml:29:13-31:52
46                android:name="androidx.emoji2.text.EmojiCompatInitializer"
46-->[androidx.emoji2:emoji2:1.3.0] /home/runner/.gradle/caches/transforms-4/8d265db809aefe6ba535572b60a1cbcb/transformed/emoji2-1.3.0/AndroidManifest.xml:30:17-75
47                android:value="androidx.startup" />
47-->[androidx.emoji2:emoji2:1.3.0] /home/runner/.gradle/caches/transforms-4/8d265db809aefe6ba535572b60a1cbcb/transformed/emoji2-1.3.0/AndroidManifest.xml:31:17-49
48            <meta-data
48-->[androidx.lifecycle:lifecycle-process:2.8.2] /home/runner/.gradle/caches/transforms-4/394012d86a712eeb776fd32a4339d902/transformed/lifecycle-process-2.8.2/AndroidManifest.xml:29:13-31:52
49                android:name="androidx.lifecycle.ProcessLifecycleInitializer"
49-->[androidx.lifecycle:lifecycle-process:2.8.2] /home/runner/.gradle/caches/transforms-4/394012d86a712eeb776fd32a4339d902/transformed/lifecycle-process-2.8.2/AndroidManifest.xml:30:17-78
50                android:value="androidx.startup" />
50-->[androidx.lifecycle:lifecycle-process:2.8.2] /home/runner/.gradle/caches/transforms-4/394012d86a712eeb776fd32a4339d902/transformed/lifecycle-process-2.8.2/AndroidManifest.xml:31:17-49
51            <meta-data
51-->[androidx.profileinstaller:profileinstaller:1.3.1] /home/runner/.gradle/caches/transforms-4/16e301cf918698b0162b7c845acd09ac/transformed/profileinstaller-1.3.1/AndroidManifest.xml:29:13-31:52
52                android:name="androidx.profileinstaller.ProfileInstallerInitializer"
52-->[androidx.profileinstaller:profileinstaller:1.3.1] /home/runner/.gradle/caches/transforms-4/16e301cf918698b0162b7c845acd09ac/transformed/profileinstaller-1.3.1/AndroidManifest.xml:30:17-85
53                android:value="androidx.startup" />
53-->[androidx.profileinstaller:profileinstaller:1.3.1] /home/runner/.gradle/caches/transforms-4/16e301cf918698b0162b7c845acd09ac/transformed/profileinstaller-1.3.1/AndroidManifest.xml:31:17-49
54        </provider>
55
56        <service
56-->[androidx.room:room-runtime:2.6.1] /home/runner/.gradle/caches/transforms-4/3491be084682f777f2359a2bc8e00d91/transformed/room-runtime-2.6.1/AndroidManifest.xml:24:9-28:63
57            android:name="androidx.room.MultiInstanceInvalidationService"
57-->[androidx.room:room-runtime:2.6.1] /home/runner/.gradle/caches/transforms-4/3491be084682f777f2359a2bc8e00d91/transformed/room-runtime-2.6.1/AndroidManifest.xml:25:13-74
58            android:directBootAware="true"
58-->[androidx.room:room-runtime:2.6.1] /home/runner/.gradle/caches/transforms-4/3491be084682f777f2359a2bc8e00d91/transformed/room-runtime-2.6.1/AndroidManifest.xml:26:13-43
59            android:exported="false" />
59-->[androidx.room:room-runtime:2.6.1] /home/runner/.gradle/caches/transforms-4/3491be084682f777f2359a2bc8e00d91/transformed/room-runtime-2.6.1/AndroidManifest.xml:27:13-37
60
61        <receiver
61-->[androidx.profileinstaller:profileinstaller:1.3.1] /home/runner/.gradle/caches/transforms-4/16e301cf918698b0162b7c845acd09ac/transformed/profileinstaller-1.3.1/AndroidManifest.xml:34:9-52:20
62            android:name="androidx.profileinstaller.ProfileInstallReceiver"
62-->[androidx.profileinstaller:profileinstaller:1.3.1] /home/runner/.gradle/caches/transforms-4/16e301cf918698b0162b7c845acd09ac/transformed/profileinstaller-1.3.1/AndroidManifest.xml:35:13-76
63            android:directBootAware="false"
63-->[androidx.profileinstaller:profileinstaller:1.3.1] /home/runner/.gradle/caches/transforms-4/16e301cf918698b0162b7c845acd09ac/transformed/profileinstaller-1.3.1/AndroidManifest.xml:36:13-44
64            android:enabled="true"
64-->[androidx.profileinstaller:profileinstaller:1.3.1] /home/runner/.gradle/caches/transforms-4/16e301cf918698b0162b7c845acd09ac/transformed/profileinstaller-1.3.1/AndroidManifest.xml:37:13-35
65            android:exported="true"
65-->[androidx.profileinstaller:profileinstaller:1.3.1] /home/runner/.gradle/caches/transforms-4/16e301cf918698b0162b7c845acd09ac/transformed/profileinstaller-1.3.1/AndroidManifest.xml:38:13-36
66            android:permission="android.permission.DUMP" >
66-->[androidx.profileinstaller:profileinstaller:1.3.1] /home/runner/.gradle/caches/transforms-4/16e301cf918698b0162b7c845acd09ac/transformed/profileinstaller-1.3.1/AndroidManifest.xml:39:13-57
67            <intent-filter>
67-->[androidx.profileinstaller:profileinstaller:1.3.1] /home/runner/.gradle/caches/transforms-4/16e301cf918698b0162b7c845acd09ac/transformed/profileinstaller-1.3.1/AndroidManifest.xml:40:13-42:29
68                <action android:name="androidx.profileinstaller.action.INSTALL_PROFILE" />
68-->[androidx.profileinstaller:profileinstaller:1.3.1] /home/runner/.gradle/caches/transforms-4/16e301cf918698b0162b7c845acd09ac/transformed/profileinstaller-1.3.1/AndroidManifest.xml:41:17-91
68-->[androidx.profileinstaller:profileinstaller:1.3.1] /home/runner/.gradle/caches/transforms-4/16e301cf918698b0162b7c845acd09ac/transformed/profileinstaller-1.3.1/AndroidManifest.xml:41:25-88
69            </intent-filter>
70            <intent-filter>
70-->[androidx.profileinstaller:profileinstaller:1.3.1] /home/runner/.gradle/caches/transforms-4/16e301cf918698b0162b7c845acd09ac/transformed/profileinstaller-1.3.1/AndroidManifest.xml:43:13-45:29
71                <action android:name="androidx.profileinstaller.action.SKIP_FILE" />
71-->[androidx.profileinstaller:profileinstaller:1.3.1] /home/runner/.gradle/caches/transforms-4/16e301cf918698b0162b7c845acd09ac/transformed/profileinstaller-1.3.1/AndroidManifest.xml:44:17-85
71-->[androidx.profileinstaller:profileinstaller:1.3.1] /home/runner/.gradle/caches/transforms-4/16e301cf918698b0162b7c845acd09ac/transformed/profileinstaller-1.3.1/AndroidManifest.xml:44:25-82
72            </intent-filter>
73            <intent-filter>
73-->[androidx.profileinstaller:profileinstaller:1.3.1] /home/runner/.gradle/caches/transforms-4/16e301cf918698b0162b7c845acd09ac/transformed/profileinstaller-1.3.1/AndroidManifest.xml:46:13-48:29
74                <action android:name="androidx.profileinstaller.action.SAVE_PROFILE" />
74-->[androidx.profileinstaller:profileinstaller:1.3.1] /home/runner/.gradle/caches/transforms-4/16e301cf918698b0162b7c845acd09ac/transformed/profileinstaller-1.3.1/AndroidManifest.xml:47:17-88
74-->[androidx.profileinstaller:profileinstaller:1.3.1] /home/runner/.gradle/caches/transforms-4/16e301cf918698b0162b7c845acd09ac/transformed/profileinstaller-1.3.1/AndroidManifest.xml:47:25-85
75            </intent-filter>
76            <intent-filter>
76-->[androidx.profileinstaller:profileinstaller:1.3.1] /home/runner/.gradle/caches/transforms-4/16e301cf918698b0162b7c845acd09ac/transformed/profileinstaller-1.3.1/AndroidManifest.xml:49:13-51:29
77                <action android:name="androidx.profileinstaller.action.BENCHMARK_OPERATION" />
77-->[androidx.profileinstaller:profileinstaller:1.3.1] /home/runner/.gradle/caches/transforms-4/16e301cf918698b0162b7c845acd09ac/transformed/profileinstaller-1.3.1/AndroidManifest.xml:50:17-95
77-->[androidx.profileinstaller:profileinstaller:1.3.1] /home/runner/.gradle/caches/transforms-4/16e301cf918698b0162b7c845acd09ac/transformed/profileinstaller-1.3.1/AndroidManifest.xml:50:25-92
78            </intent-filter>
79        </receiver>
80    </application>
81
82</manifest>

Merged manifest saved to /home/runner/work/AuraBrowse/AuraBrowse/app/build/intermediates/merged_manifest/debug/processDebugMainManifest/AndroidManifest.xml
Resolve mutations for :app:processDebugManifest (Thread[Execution worker,5,main]) started.
:app:processDebugManifest (Thread[Execution worker,5,main]) started.

> Task :app:processDebugManifest
Caching disabled for task ':app:processDebugManifest' because:
  Build cache is disabled
Task ':app:processDebugManifest' is not up-to-date because:
  No history is available.
Resolve mutations for :app:processDebugManifestForPackage (Thread[Execution worker,5,main]) started.
:app:processDebugManifestForPackage (Thread[Execution worker,5,main]) started.
Resolve mutations for :app:javaPreCompileDebug (Thread[included builds,5,main]) started.
:app:javaPreCompileDebug (Thread[included builds,5,main]) started.
Resolve mutations for :app:mergeDebugShaders (Thread[Execution worker Thread 3,5,main]) started.
:app:mergeDebugShaders (Thread[Execution worker Thread 3,5,main]) started.

> Task :app:javaPreCompileDebug
Downloading https://dl.google.com/dl/android/maven2/androidx/room/room-compiler/2.6.1/room-compiler-2.6.1.pom to /home/runner/.gradle/.tmp/gradle_download10657669645828951973bin
Downloading https://dl.google.com/dl/android/maven2/androidx/room/room-compiler/2.6.1/room-compiler-2.6.1.module to /home/runner/.gradle/.tmp/gradle_download986306809293587119bin
Resource missing. [HTTP GET: https://dl.google.com/dl/android/maven2/com/google/auto/auto-common/0.11/auto-common-0.11.pom]
Resource missing. [HTTP GET: https://dl.google.com/dl/android/maven2/com/google/auto/value/auto-value-annotations/1.6.3/auto-value-annotations-1.6.3.pom]
Downloading https://dl.google.com/dl/android/maven2/androidx/room/room-compiler-processing/2.6.1/room-compiler-processing-2.6.1.pom to /home/runner/.gradle/.tmp/gradle_download9802587464435158637bin
Downloading https://repo.maven.apache.org/maven2/com/google/auto/auto-common/0.11/auto-common-0.11.pom to /home/runner/.gradle/.tmp/gradle_download6380457130424737064bin
Downloading https://repo.maven.apache.org/maven2/com/google/auto/value/auto-value-annotations/1.6.3/auto-value-annotations-1.6.3.pom to /home/runner/.gradle/.tmp/gradle_download6778947851078766849bin
Resource missing. [HTTP GET: https://dl.google.com/dl/android/maven2/com/google/devtools/ksp/symbol-processing-api/1.9.0-1.0.13/symbol-processing-api-1.9.0-1.0.13.pom]
Downloading https://dl.google.com/dl/android/maven2/androidx/room/room-compiler-processing/2.6.1/room-compiler-processing-2.6.1.module to /home/runner/.gradle/.tmp/gradle_download14594048217327010778bin
Resource missing. [HTTP GET: https://dl.google.com/dl/android/maven2/com/google/auto/value/auto-value-parent/1.6.3/auto-value-parent-1.6.3.pom]
Resource missing. [HTTP GET: https://dl.google.com/dl/android/maven2/com/intellij/annotations/12.0/annotations-12.0.pom]
Downloading https://repo.maven.apache.org/maven2/com/google/devtools/ksp/symbol-processing-api/1.9.0-1.0.13/symbol-processing-api-1.9.0-1.0.13.pom to /home/runner/.gradle/.tmp/gradle_download13838951134287192295bin
Downloading https://repo.maven.apache.org/maven2/com/google/auto/value/auto-value-parent/1.6.3/auto-value-parent-1.6.3.pom to /home/runner/.gradle/.tmp/gradle_download4380528403702927614bin
Downloading https://repo.maven.apache.org/maven2/com/google/devtools/ksp/symbol-processing-api/1.9.0-1.0.13/symbol-processing-api-1.9.0-1.0.13.module to /home/runner/.gradle/.tmp/gradle_download5200605166668726631bin
Resource missing. [HTTP GET: https://dl.google.com/dl/android/maven2/com/google/auto/auto-parent/7/auto-parent-7.pom]
Resource missing. [HTTP GET: https://dl.google.com/dl/android/maven2/com/squareup/javapoet/1.13.0/javapoet-1.13.0.pom]
Downloading https://repo.maven.apache.org/maven2/com/intellij/annotations/12.0/annotations-12.0.pom to /home/runner/.gradle/.tmp/gradle_download16441907856057000853bin
Downloading https://repo.maven.apache.org/maven2/com/squareup/javapoet/1.13.0/javapoet-1.13.0.pom to /home/runner/.gradle/.tmp/gradle_download1307836551520715645bin
Downloading https://repo.maven.apache.org/maven2/com/google/auto/auto-parent/7/auto-parent-7.pom to /home/runner/.gradle/.tmp/gradle_download7770701294518932076bin
Resource missing. [HTTP GET: https://dl.google.com/dl/android/maven2/com/squareup/kotlinpoet/1.14.2/kotlinpoet-1.14.2.pom]
Downloading https://dl.google.com/dl/android/maven2/androidx/room/room-migration/2.6.1/room-migration-2.6.1.pom to /home/runner/.gradle/.tmp/gradle_download13200267995890239310bin
Resource missing. [HTTP GET: https://dl.google.com/dl/android/maven2/com/squareup/kotlinpoet-javapoet/1.14.2/kotlinpoet-javapoet-1.14.2.pom]
Downloading https://dl.google.com/dl/android/maven2/androidx/room/room-migration/2.6.1/room-migration-2.6.1.module to /home/runner/.gradle/.tmp/gradle_download6567121245813849981bin
Resource missing. [HTTP GET: https://dl.google.com/dl/android/maven2/commons-codec/commons-codec/1.15/commons-codec-1.15.pom]
Downloading https://repo.maven.apache.org/maven2/com/squareup/kotlinpoet/1.14.2/kotlinpoet-1.14.2.pom to /home/runner/.gradle/.tmp/gradle_download12218790454372795046bin
Downloading https://repo.maven.apache.org/maven2/com/squareup/kotlinpoet-javapoet/1.14.2/kotlinpoet-javapoet-1.14.2.pom to /home/runner/.gradle/.tmp/gradle_download6446076641234492856bin
Resource missing. [HTTP GET: https://dl.google.com/dl/android/maven2/org/jetbrains/kotlin/kotlin-stdlib/1.8.22/kotlin-stdlib-1.8.22.pom]
Downloading https://repo.maven.apache.org/maven2/com/squareup/kotlinpoet/1.14.2/kotlinpoet-1.14.2.module to /home/runner/.gradle/.tmp/gradle_download5830890048365130359bin
Downloading https://repo.maven.apache.org/maven2/commons-codec/commons-codec/1.15/commons-codec-1.15.pom to /home/runner/.gradle/.tmp/gradle_download4499161892313520700bin
Downloading https://repo.maven.apache.org/maven2/com/squareup/kotlinpoet-javapoet/1.14.2/kotlinpoet-javapoet-1.14.2.module to /home/runner/.gradle/.tmp/gradle_download12909195452271662200bin
Resource missing. [HTTP GET: https://dl.google.com/dl/android/maven2/org/xerial/sqlite-jdbc/3.41.2.2/sqlite-jdbc-3.41.2.2.pom]
Downloading https://repo.maven.apache.org/maven2/org/xerial/sqlite-jdbc/3.41.2.2/sqlite-jdbc-3.41.2.2.pom to /home/runner/.gradle/.tmp/gradle_download13442518267808004456bin
Downloading https://repo.maven.apache.org/maven2/org/jetbrains/kotlin/kotlin-stdlib/1.8.22/kotlin-stdlib-1.8.22.pom to /home/runner/.gradle/.tmp/gradle_download14866225420534063497bin
Downloading https://dl.google.com/dl/android/maven2/androidx/annotation/annotation/1.3.0/annotation-1.3.0.pom to /home/runner/.gradle/.tmp/gradle_download12429791715145337303bin
Downloading https://dl.google.com/dl/android/maven2/androidx/annotation/annotation/1.3.0/annotation-1.3.0.module to /home/runner/.gradle/.tmp/gradle_download15065122293135374141bin
Resource missing. [HTTP GET: https://dl.google.com/dl/android/maven2/com/google/guava/guava/31.1-jre/guava-31.1-jre.pom]
Downloading https://repo.maven.apache.org/maven2/com/google/guava/guava/31.1-jre/guava-31.1-jre.pom to /home/runner/.gradle/.tmp/gradle_download2602732857053166620bin
Resource missing. [HTTP GET: https://dl.google.com/dl/android/maven2/com/google/guava/guava-parent/31.1-jre/guava-parent-31.1-jre.pom]
Downloading https://repo.maven.apache.org/maven2/com/google/guava/guava-parent/31.1-jre/guava-parent-31.1-jre.pom to /home/runner/.gradle/.tmp/gradle_download3696584064671852595bin
Resource missing. [HTTP GET: https://dl.google.com/dl/android/maven2/com/google/code/gson/gson/2.9.0/gson-2.9.0.pom]
Downloading https://repo.maven.apache.org/maven2/com/google/code/gson/gson/2.9.0/gson-2.9.0.pom to /home/runner/.gradle/.tmp/gradle_download16302513183683595022bin
Resource missing. [HTTP GET: https://dl.google.com/dl/android/maven2/com/google/code/gson/gson-parent/2.9.0/gson-parent-2.9.0.pom]
Downloading https://repo.maven.apache.org/maven2/com/google/code/gson/gson-parent/2.9.0/gson-parent-2.9.0.pom to /home/runner/.gradle/.tmp/gradle_download12029265089408790501bin
Resource missing. [HTTP GET: https://dl.google.com/dl/android/maven2/org/jetbrains/kotlin/kotlin-stdlib/1.9.0/kotlin-stdlib-1.9.0.pom]
Downloading https://repo.maven.apache.org/maven2/org/jetbrains/kotlin/kotlin-stdlib/1.9.0/kotlin-stdlib-1.9.0.pom to /home/runner/.gradle/.tmp/gradle_download5680506081153989891bin
Resource missing. [HTTP GET: https://dl.google.com/dl/android/maven2/org/jetbrains/kotlin/kotlin-reflect/1.8.21/kotlin-reflect-1.8.21.pom]
Downloading https://repo.maven.apache.org/maven2/org/jetbrains/kotlin/kotlin-reflect/1.8.21/kotlin-reflect-1.8.21.pom to /home/runner/.gradle/.tmp/gradle_download227215949658520918bin
Resource missing. [HTTP GET: https://dl.google.com/dl/android/maven2/org/jetbrains/kotlin/kotlin-stdlib-jdk7/1.8.22/kotlin-stdlib-jdk7-1.8.22.pom]
Downloading https://repo.maven.apache.org/maven2/org/jetbrains/kotlin/kotlin-stdlib-jdk7/1.8.22/kotlin-stdlib-jdk7-1.8.22.pom to /home/runner/.gradle/.tmp/gradle_download14559554550359562177bin
Resource missing. [HTTP GET: https://dl.google.com/dl/android/maven2/org/checkerframework/checker-qual/3.12.0/checker-qual-3.12.0.pom]
Downloading https://repo.maven.apache.org/maven2/org/checkerframework/checker-qual/3.12.0/checker-qual-3.12.0.pom to /home/runner/.gradle/.tmp/gradle_download16870333057389071722bin
Downloading https://repo.maven.apache.org/maven2/org/checkerframework/checker-qual/3.12.0/checker-qual-3.12.0.module to /home/runner/.gradle/.tmp/gradle_download5179931231130220254bin
Resource missing. [HTTP GET: https://dl.google.com/dl/android/maven2/org/jetbrains/kotlin/kotlin-stdlib-common/1.9.0/kotlin-stdlib-common-1.9.0.pom]
Downloading https://repo.maven.apache.org/maven2/org/jetbrains/kotlin/kotlin-stdlib-common/1.9.0/kotlin-stdlib-common-1.9.0.pom to /home/runner/.gradle/.tmp/gradle_download13875222293721077817bin
Downloading https://dl.google.com/dl/android/maven2/androidx/room/room-common/2.6.1/room-common-2.6.1.jar to /home/runner/.gradle/.tmp/gradle_download15025019228338473075bin
Downloading https://dl.google.com/dl/android/maven2/androidx/room/room-compiler-processing/2.6.1/room-compiler-processing-2.6.1.jar to /home/runner/.gradle/.tmp/gradle_download15009042669176351347bin
Downloading https://dl.google.com/dl/android/maven2/androidx/room/room-migration/2.6.1/room-migration-2.6.1.jar to /home/runner/.gradle/.tmp/gradle_download345851967410700000bin
Downloading https://dl.google.com/dl/android/maven2/androidx/room/room-compiler/2.6.1/room-compiler-2.6.1.jar to /home/runner/.gradle/.tmp/gradle_download13454574204671161995bin
Downloading https://repo.maven.apache.org/maven2/com/google/auto/auto-common/0.11/auto-common-0.11.jar to /home/runner/.gradle/.tmp/gradle_download12769312958966350301bin
Downloading https://repo.maven.apache.org/maven2/com/google/auto/value/auto-value-annotations/1.6.3/auto-value-annotations-1.6.3.jar to /home/runner/.gradle/.tmp/gradle_download1989211736543222237bin
Downloading https://repo.maven.apache.org/maven2/com/google/devtools/ksp/symbol-processing-api/1.9.0-1.0.13/symbol-processing-api-1.9.0-1.0.13.jar to /home/runner/.gradle/.tmp/gradle_download9133302283521051601bin
Downloading https://repo.maven.apache.org/maven2/com/intellij/annotations/12.0/annotations-12.0.jar to /home/runner/.gradle/.tmp/gradle_download2670275978500608101bin
Downloading https://repo.maven.apache.org/maven2/com/squareup/kotlinpoet-javapoet/1.14.2/kotlinpoet-javapoet-1.14.2.jar to /home/runner/.gradle/.tmp/gradle_download10092546643957645346bin
Downloading https://repo.maven.apache.org/maven2/com/squareup/javapoet/1.13.0/javapoet-1.13.0.jar to /home/runner/.gradle/.tmp/gradle_download3780128481792400596bin
Downloading https://repo.maven.apache.org/maven2/com/squareup/kotlinpoet/1.14.2/kotlinpoet-1.14.2.jar to /home/runner/.gradle/.tmp/gradle_download8460260484385381834bin
Downloading https://repo.maven.apache.org/maven2/org/jetbrains/kotlin/kotlin-stdlib-jdk8/1.8.22/kotlin-stdlib-jdk8-1.8.22.jar to /home/runner/.gradle/.tmp/gradle_download3679691315653703226bin
Downloading https://repo.maven.apache.org/maven2/commons-codec/commons-codec/1.15/commons-codec-1.15.jar to /home/runner/.gradle/.tmp/gradle_download8362361001556705326bin
Downloading https://repo.maven.apache.org/maven2/org/jetbrains/kotlin/kotlin-reflect/1.8.21/kotlin-reflect-1.8.21.jar to /home/runner/.gradle/.tmp/gradle_download14716736854430380097bin
Downloading https://repo.maven.apache.org/maven2/org/jetbrains/kotlin/kotlin-stdlib-jdk7/1.8.22/kotlin-stdlib-jdk7-1.8.22.jar to /home/runner/.gradle/.tmp/gradle_download11952341986307032670bin
Downloading https://repo.maven.apache.org/maven2/org/xerial/sqlite-jdbc/3.41.2.2/sqlite-jdbc-3.41.2.2.jar to /home/runner/.gradle/.tmp/gradle_download5037132487506310046bin
Downloading https://repo.maven.apache.org/maven2/org/jetbrains/kotlin/kotlin-stdlib/1.9.0/kotlin-stdlib-1.9.0.jar to /home/runner/.gradle/.tmp/gradle_download13583769503828404760bin
Downloading https://dl.google.com/dl/android/maven2/androidx/annotation/annotation/1.3.0/annotation-1.3.0.jar to /home/runner/.gradle/.tmp/gradle_download5556529071829634026bin
Downloading https://repo.maven.apache.org/maven2/com/google/guava/guava/31.1-jre/guava-31.1-jre.jar to /home/runner/.gradle/.tmp/gradle_download12722734119073984755bin
Downloading https://repo.maven.apache.org/maven2/com/google/code/gson/gson/2.9.0/gson-2.9.0.jar to /home/runner/.gradle/.tmp/gradle_download10145547356478054592bin
Downloading https://repo.maven.apache.org/maven2/org/checkerframework/checker-qual/3.12.0/checker-qual-3.12.0.jar to /home/runner/.gradle/.tmp/gradle_download11519866552117447667bin
Downloading https://repo.maven.apache.org/maven2/com/google/errorprone/error_prone_annotations/2.11.0/error_prone_annotations-2.11.0.jar to /home/runner/.gradle/.tmp/gradle_download4322678017774539415bin
Downloading https://repo.maven.apache.org/maven2/com/google/j2objc/j2objc-annotations/1.3/j2objc-annotations-1.3.jar to /home/runner/.gradle/.tmp/gradle_download15357193810504954974bin
Downloading https://repo.maven.apache.org/maven2/org/jetbrains/kotlin/kotlin-stdlib-common/1.9.0/kotlin-stdlib-common-1.9.0.jar to /home/runner/.gradle/.tmp/gradle_download3431082079585493763bin
Caching disabled for task ':app:javaPreCompileDebug' because:
  Build cache is disabled
Task ':app:javaPreCompileDebug' is not up-to-date because:
  No history is available.

> Task :app:mergeDebugShaders
Caching disabled for task ':app:mergeDebugShaders' because:
  Build cache is disabled
  Simple merging task
Task ':app:mergeDebugShaders' is not up-to-date because:
  No history is available.
The input changes require a full rebuild for incremental task ':app:mergeDebugShaders'.
Resolve mutations for :app:compileDebugShaders (Thread[Execution worker Thread 3,5,main]) started.
:app:compileDebugShaders (Thread[Execution worker Thread 3,5,main]) started.

> Task :app:compileDebugShaders NO-SOURCE
Skipping task ':app:compileDebugShaders' as it has no source files and no previous output files.
Resolve mutations for :app:generateDebugAssets (Thread[Execution worker Thread 3,5,main]) started.
:app:generateDebugAssets (Thread[Execution worker Thread 3,5,main]) started.

> Task :app:generateDebugAssets UP-TO-DATE
Skipping task ':app:generateDebugAssets' as it has no actions.
Resolve mutations for :app:mergeDebugAssets (Thread[Execution worker Thread 3,5,main]) started.
:app:mergeDebugAssets (Thread[Execution worker Thread 3,5,main]) started.

> Task :app:mergeDebugAssets
Transforming activity-1.9.0.aar (androidx.activity:activity:1.9.0) with ExtractAarTransform
Transforming activity-1.9.0.aar (androidx.activity:activity:1.9.0) with AarTransform
Transforming activity-ktx-1.9.0.aar (androidx.activity:activity-ktx:1.9.0) with ExtractAarTransform
Transforming activity-ktx-1.9.0.aar (androidx.activity:activity-ktx:1.9.0) with AarTransform
Transforming material3-release.aar (androidx.compose.material3:material3-android:1.2.1) with ExtractAarTransform
Transforming material3-release.aar (androidx.compose.material3:material3-android:1.2.1) with AarTransform
Transforming activity-compose-1.9.0.aar (androidx.activity:activity-compose:1.9.0) with ExtractAarTransform
Transforming activity-compose-1.9.0.aar (androidx.activity:activity-compose:1.9.0) with AarTransform
Transforming savedstate-ktx-1.2.1.aar (androidx.savedstate:savedstate-ktx:1.2.1) with ExtractAarTransform
Transforming savedstate-ktx-1.2.1.aar (androidx.savedstate:savedstate-ktx:1.2.1) with AarTransform
Transforming savedstate-1.2.1.aar (androidx.savedstate:savedstate:1.2.1) with ExtractAarTransform
Transforming savedstate-1.2.1.aar (androidx.savedstate:savedstate:1.2.1) with AarTransform
Caching disabled for AarTransform: /home/runner/.gradle/caches/transforms-4/71b537acfb41fca7398e9c17ffc01d30/transformed/activity-1.9.0 because:
  Build cache is disabled
  Caching not enabled.
Transforming material-icons-core-release.aar (androidx.compose.material:material-icons-core-android:1.6.0) with ExtractAarTransform
Transforming material-icons-core-release.aar (androidx.compose.material:material-icons-core-android:1.6.0) with AarTransform
Caching disabled for AarTransform: /home/runner/.gradle/caches/transforms-4/1580f9556b4554369b8b66652bcb5397/transformed/activity-ktx-1.9.0 because:
  Build cache is disabled
  Caching not enabled.
Transforming material-ripple-release.aar (androidx.compose.material:material-ripple-android:1.6.0) with ExtractAarTransform
Transforming material-ripple-release.aar (androidx.compose.material:material-ripple-android:1.6.0) with AarTransform
Transforming animation-core-release.aar (androidx.compose.animation:animation-core-android:1.6.8) with ExtractAarTransform
Transforming animation-core-release.aar (androidx.compose.animation:animation-core-android:1.6.8) with AarTransform
Transforming animation-release.aar (androidx.compose.animation:animation-android:1.6.8) with ExtractAarTransform
Transforming animation-release.aar (androidx.compose.animation:animation-android:1.6.8) with AarTransform
Transforming foundation-layout-release.aar (androidx.compose.foundation:foundation-layout-android:1.6.8) with ExtractAarTransform
Transforming foundation-layout-release.aar (androidx.compose.foundation:foundation-layout-android:1.6.8) with AarTransform
Transforming foundation-release.aar (androidx.compose.foundation:foundation-android:1.6.8) with ExtractAarTransform
Transforming foundation-release.aar (androidx.compose.foundation:foundation-android:1.6.8) with AarTransform
Transforming ui-util-release.aar (androidx.compose.ui:ui-util-android:1.6.8) with ExtractAarTransform
Transforming ui-util-release.aar (androidx.compose.ui:ui-util-android:1.6.8) with AarTransform
Transforming ui-unit-release.aar (androidx.compose.ui:ui-unit-android:1.6.8) with ExtractAarTransform
Transforming ui-unit-release.aar (androidx.compose.ui:ui-unit-android:1.6.8) with AarTransform
Transforming ui-graphics-release.aar (androidx.compose.ui:ui-graphics-android:1.6.8) with ExtractAarTransform
Transforming ui-graphics-release.aar (androidx.compose.ui:ui-graphics-android:1.6.8) with AarTransform
Transforming ui-geometry-release.aar (androidx.compose.ui:ui-geometry-android:1.6.8) with ExtractAarTransform
Transforming ui-geometry-release.aar (androidx.compose.ui:ui-geometry-android:1.6.8) with AarTransform
Transforming ui-tooling-preview-release.aar (androidx.compose.ui:ui-tooling-preview-android:1.6.8) with ExtractAarTransform
Transforming ui-tooling-preview-release.aar (androidx.compose.ui:ui-tooling-preview-android:1.6.8) with AarTransform
Transforming ui-text-release.aar (androidx.compose.ui:ui-text-android:1.6.8) with ExtractAarTransform
Transforming ui-text-release.aar (androidx.compose.ui:ui-text-android:1.6.8) with AarTransform
Transforming emoji2-1.3.0.aar (androidx.emoji2:emoji2:1.3.0) with ExtractAarTransform
Transforming emoji2-1.3.0.aar (androidx.emoji2:emoji2:1.3.0) with AarTransform
Transforming lifecycle-process-2.8.2.aar (androidx.lifecycle:lifecycle-process:2.8.2) with ExtractAarTransform
Caching disabled for AarTransform: /home/runner/.gradle/caches/transforms-4/a0abdf354e700bcaac1126606a1fdc0d/transformed/material3-release because:
  Build cache is disabled
  Caching not enabled.
Transforming lifecycle-process-2.8.2.aar (androidx.lifecycle:lifecycle-process:2.8.2) with AarTransform
Transforming lifecycle-livedata-core-2.8.2.aar (androidx.lifecycle:lifecycle-livedata-core:2.8.2) with ExtractAarTransform
Transforming lifecycle-livedata-core-2.8.2.aar (androidx.lifecycle:lifecycle-livedata-core:2.8.2) with AarTransform
Caching disabled for AarTransform: /home/runner/.gradle/caches/transforms-4/274e3e9d36de99cd6d24741926d80cfe/transformed/activity-compose-1.9.0 because:
  Build cache is disabled
  Caching not enabled.
Transforming lifecycle-runtime-ktx-release.aar (androidx.lifecycle:lifecycle-runtime-ktx-android:2.8.2) with ExtractAarTransform
Transforming lifecycle-runtime-ktx-release.aar (androidx.lifecycle:lifecycle-runtime-ktx-android:2.8.2) with AarTransform
Transforming lifecycle-viewmodel-release.aar (androidx.lifecycle:lifecycle-viewmodel-android:2.8.2) with ExtractAarTransform
Transforming lifecycle-viewmodel-release.aar (androidx.lifecycle:lifecycle-viewmodel-android:2.8.2) with AarTransform
Transforming lifecycle-runtime-release.aar (androidx.lifecycle:lifecycle-runtime-android:2.8.2) with ExtractAarTransform
Transforming lifecycle-runtime-release.aar (androidx.lifecycle:lifecycle-runtime-android:2.8.2) with AarTransform
Transforming lifecycle-viewmodel-savedstate-2.8.2.aar (androidx.lifecycle:lifecycle-viewmodel-savedstate:2.8.2) with ExtractAarTransform
Transforming lifecycle-viewmodel-savedstate-2.8.2.aar (androidx.lifecycle:lifecycle-viewmodel-savedstate:2.8.2) with AarTransform
Transforming lifecycle-viewmodel-ktx-2.8.2.aar (androidx.lifecycle:lifecycle-viewmodel-ktx:2.8.2) with ExtractAarTransform
Transforming lifecycle-viewmodel-ktx-2.8.2.aar (androidx.lifecycle:lifecycle-viewmodel-ktx:2.8.2) with AarTransform
Transforming lifecycle-viewmodel-compose-release.aar (androidx.lifecycle:lifecycle-viewmodel-compose-android:2.8.2) with ExtractAarTransform
Transforming lifecycle-viewmodel-compose-release.aar (androidx.lifecycle:lifecycle-viewmodel-compose-android:2.8.2) with AarTransform
Transforming ui-release.aar (androidx.compose.ui:ui-android:1.6.8) with ExtractAarTransform
Transforming ui-release.aar (androidx.compose.ui:ui-android:1.6.8) with AarTransform
Transforming autofill-1.0.0.aar (androidx.autofill:autofill:1.0.0) with ExtractAarTransform
Transforming autofill-1.0.0.aar (androidx.autofill:autofill:1.0.0) with AarTransform
Transforming core-1.13.1.aar (androidx.core:core:1.13.1) with ExtractAarTransform
Transforming core-1.13.1.aar (androidx.core:core:1.13.1) with AarTransform
Transforming core-1.13.1.aar (androidx.core:core:1.13.1) with ExtractAarTransform
Transforming core-1.13.1.aar (androidx.core:core:1.13.1) with AarTransform
Transforming customview-poolingcontainer-1.0.0.aar (androidx.customview:customview-poolingcontainer:1.0.0) with ExtractAarTransform
Transforming customview-poolingcontainer-1.0.0.aar (androidx.customview:customview-poolingcontainer:1.0.0) with AarTransform
Transforming core-ktx-1.13.1.aar (androidx.core:core-ktx:1.13.1) with ExtractAarTransform
Transforming core-ktx-1.13.1.aar (androidx.core:core-ktx:1.13.1) with AarTransform
Transforming room-runtime-2.6.1.aar (androidx.room:room-runtime:2.6.1) with ExtractAarTransform
Transforming room-runtime-2.6.1.aar (androidx.room:room-runtime:2.6.1) with AarTransform
Transforming room-ktx-2.6.1.aar (androidx.room:room-ktx:2.6.1) with ExtractAarTransform
Caching disabled for AarTransform: /home/runner/.gradle/caches/transforms-4/5679e22aad5f3ef3b1890e7aa9fc4ab9/transformed/savedstate-ktx-1.2.1 because:
  Build cache is disabled
  Caching not enabled.
Transforming room-ktx-2.6.1.aar (androidx.room:room-ktx:2.6.1) with AarTransform
Transforming sqlite-framework-2.4.0.aar (androidx.sqlite:sqlite-framework:2.4.0) with ExtractAarTransform
Transforming sqlite-framework-2.4.0.aar (androidx.sqlite:sqlite-framework:2.4.0) with AarTransform
Transforming sqlite-2.4.0.aar (androidx.sqlite:sqlite:2.4.0) with ExtractAarTransform
Transforming sqlite-2.4.0.aar (androidx.sqlite:sqlite:2.4.0) with AarTransform
Transforming annotation-experimental-1.4.0.aar (androidx.annotation:annotation-experimental:1.4.0) with ExtractAarTransform
Transforming annotation-experimental-1.4.0.aar (androidx.annotation:annotation-experimental:1.4.0) with AarTransform
Caching disabled for AarTransform: /home/runner/.gradle/caches/transforms-4/f0e8eaf470acca0415ef31a789577478/transformed/savedstate-1.2.1 because:
  Build cache is disabled
  Caching not enabled.
Transforming runtime-saveable-release.aar (androidx.compose.runtime:runtime-saveable-android:1.6.8) with ExtractAarTransform
Transforming runtime-saveable-release.aar (androidx.compose.runtime:runtime-saveable-android:1.6.8) with AarTransform
Caching disabled for AarTransform: /home/runner/.gradle/caches/transforms-4/1a97f834232591652b20134e6cb4d43d/transformed/material-icons-core-release because:
  Build cache is disabled
  Caching not enabled.
Transforming runtime-release.aar (androidx.compose.runtime:runtime-android:1.6.8) with ExtractAarTransform
Transforming runtime-release.aar (androidx.compose.runtime:runtime-android:1.6.8) with AarTransform
Transforming core-runtime-2.2.0.aar (androidx.arch.core:core-runtime:2.2.0) with ExtractAarTransform
Transforming core-runtime-2.2.0.aar (androidx.arch.core:core-runtime:2.2.0) with AarTransform
Transforming interpolator-1.0.0.aar (androidx.interpolator:interpolator:1.0.0) with ExtractAarTransform
Transforming interpolator-1.0.0.aar (androidx.interpolator:interpolator:1.0.0) with AarTransform
Transforming versionedparcelable-1.1.1.aar (androidx.versionedparcelable:versionedparcelable:1.1.1) with ExtractAarTransform
Transforming versionedparcelable-1.1.1.aar (androidx.versionedparcelable:versionedparcelable:1.1.1) with AarTransform
Transforming profileinstaller-1.3.1.aar (androidx.profileinstaller:profileinstaller:1.3.1) with ExtractAarTransform
Transforming profileinstaller-1.3.1.aar (androidx.profileinstaller:profileinstaller:1.3.1) with AarTransform
Transforming startup-runtime-1.1.1.aar (androidx.startup:startup-runtime:1.1.1) with ExtractAarTransform
Transforming startup-runtime-1.1.1.aar (androidx.startup:startup-runtime:1.1.1) with AarTransform
Transforming tracing-1.0.0.aar (androidx.tracing:tracing:1.0.0) with ExtractAarTransform
Transforming tracing-1.0.0.aar (androidx.tracing:tracing:1.0.0) with AarTransform
Caching disabled for AarTransform: /home/runner/.gradle/caches/transforms-4/afbba87728083bd62933748bcdbeb87b/transformed/material-ripple-release because:
  Build cache is disabled
  Caching not enabled.
Caching disabled for AarTransform: /home/runner/.gradle/caches/transforms-4/0aa94228117f12d43e87b05a3cd75ebe/transformed/animation-core-release because:
  Build cache is disabled
  Caching not enabled.
Caching disabled for AarTransform: /home/runner/.gradle/caches/transforms-4/cdc4495f5fadcbc06e80e604a5986116/transformed/animation-release because:
  Build cache is disabled
  Caching not enabled.
Caching disabled for AarTransform: /home/runner/.gradle/caches/transforms-4/639d362069d3e1ad8dcba21c83e7453d/transformed/foundation-layout-release because:
  Build cache is disabled
  Caching not enabled.
Caching disabled for AarTransform: /home/runner/.gradle/caches/transforms-4/243f528b9b2308be770cafd9f2a3310f/transformed/foundation-release because:
  Build cache is disabled
  Caching not enabled.
Caching disabled for AarTransform: /home/runner/.gradle/caches/transforms-4/c11c232f28d1ce3243aafc1306eb7083/transformed/ui-util-release because:
  Build cache is disabled
  Caching not enabled.
Caching disabled for AarTransform: /home/runner/.gradle/caches/transforms-4/71403411fa14cee0ccf56b67f14490f3/transformed/ui-unit-release because:
  Build cache is disabled
  Caching not enabled.
Caching disabled for AarTransform: /home/runner/.gradle/caches/transforms-4/ac5fe6c2ae98769af38974bea2f77521/transformed/ui-graphics-release because:
  Build cache is disabled
  Caching not enabled.
Caching disabled for AarTransform: /home/runner/.gradle/caches/transforms-4/d6abce7d29e50cc8636367a9120f8550/transformed/ui-geometry-release because:
  Build cache is disabled
  Caching not enabled.
Caching disabled for AarTransform: /home/runner/.gradle/caches/transforms-4/6d5e28f5575c3d11687ada3aa6a00f6c/transformed/ui-tooling-preview-release because:
  Build cache is disabled
  Caching not enabled.
Caching disabled for AarTransform: /home/runner/.gradle/caches/transforms-4/6a412828cda80e5ee353751e77a7c09b/transformed/ui-text-release because:
  Build cache is disabled
  Caching not enabled.
Caching disabled for AarTransform: /home/runner/.gradle/caches/transforms-4/8d265db809aefe6ba535572b60a1cbcb/transformed/emoji2-1.3.0 because:
  Build cache is disabled
  Caching not enabled.
Caching disabled for AarTransform: /home/runner/.gradle/caches/transforms-4/394012d86a712eeb776fd32a4339d902/transformed/lifecycle-process-2.8.2 because:
  Build cache is disabled
  Caching not enabled.
Caching disabled for AarTransform: /home/runner/.gradle/caches/transforms-4/6c7a81c1af3a9b7e25cb0eea0f9f8c09/transformed/lifecycle-livedata-core-2.8.2 because:
  Build cache is disabled
  Caching not enabled.
Caching disabled for AarTransform: /home/runner/.gradle/caches/transforms-4/64bc7d4c8bfb35eaa76f1f5da4d519aa/transformed/lifecycle-runtime-ktx-release because:
  Build cache is disabled
  Caching not enabled.
Caching disabled for AarTransform: /home/runner/.gradle/caches/transforms-4/8c57be880e3f80b7f3edf330f66a862c/transformed/lifecycle-runtime-release because:
  Build cache is disabled
  Caching not enabled.
Caching disabled for AarTransform: /home/runner/.gradle/caches/transforms-4/92b6d95af97bf92e2de41612aaa79ccf/transformed/lifecycle-viewmodel-release because:
  Build cache is disabled
  Caching not enabled.
Caching disabled for AarTransform: /home/runner/.gradle/caches/transforms-4/06641950cff4bfdb55fae8fa2445ec50/transformed/lifecycle-viewmodel-savedstate-2.8.2 because:
  Build cache is disabled
  Caching not enabled.
Caching disabled for AarTransform: /home/runner/.gradle/caches/transforms-4/dfb3cb54e2ac90827ba0350aeee3b7fa/transformed/lifecycle-viewmodel-compose-release because:
  Build cache is disabled
  Caching not enabled.
Caching disabled for AarTransform: /home/runner/.gradle/caches/transforms-4/23d761cd93b9a110f6c2616e2d2c6a37/transformed/lifecycle-viewmodel-ktx-2.8.2 because:
  Build cache is disabled
  Caching not enabled.
Caching disabled for AarTransform: /home/runner/.gradle/caches/transforms-4/74c0dbec5820d6e072a07f659d887010/transformed/autofill-1.0.0 because:
  Build cache is disabled
  Caching not enabled.
Caching disabled for AarTransform: /home/runner/.gradle/caches/transforms-4/e91d43edd169d12026c8450ba62b92db/transformed/core-1.13.1 because:
  Build cache is disabled
  Caching not enabled.
Caching disabled for AarTransform: /home/runner/.gradle/caches/transforms-4/7a7c935af36228e4d0507fa5e15344b6/transformed/ui-release because:
  Build cache is disabled
  Caching not enabled.
Caching disabled for AarTransform: /home/runner/.gradle/caches/transforms-4/dd42e38183cb7d9a90b69ba4cfad41b5/transformed/customview-poolingcontainer-1.0.0 because:
  Build cache is disabled
  Caching not enabled.
Caching disabled for AarTransform: /home/runner/.gradle/caches/transforms-4/d33bee1637304cf060ddfc55a5600f8f/transformed/core-ktx-1.13.1 because:
  Build cache is disabled
  Caching not enabled.
Caching disabled for AarTransform: /home/runner/.gradle/caches/transforms-4/3491be084682f777f2359a2bc8e00d91/transformed/room-runtime-2.6.1 because:
  Build cache is disabled
  Caching not enabled.
Caching disabled for AarTransform: /home/runner/.gradle/caches/transforms-4/4846b42d71b9682bc33dd8f717247987/transformed/room-ktx-2.6.1 because:
  Build cache is disabled
  Caching not enabled.
Caching disabled for AarTransform: /home/runner/.gradle/caches/transforms-4/a2c1f44d85a58bea855e8e881fed3c91/transformed/sqlite-2.4.0 because:
  Build cache is disabled
  Caching not enabled.
Caching disabled for AarTransform: /home/runner/.gradle/caches/transforms-4/cd4a2786e58cc42f09da01120e8ec02c/transformed/sqlite-framework-2.4.0 because:
  Build cache is disabled
  Caching not enabled.
Caching disabled for AarTransform: /home/runner/.gradle/caches/transforms-4/5373f9c4ad0a3edc85bee31e8d8d77dc/transformed/runtime-saveable-release because:
  Build cache is disabled
  Caching not enabled.
Caching disabled for AarTransform: /home/runner/.gradle/caches/transforms-4/7cb4d70bc8dce8c244de576ac198624d/transformed/runtime-release because:
  Build cache is disabled
  Caching not enabled.
Caching disabled for AarTransform: /home/runner/.gradle/caches/transforms-4/efdcc402ed8e7fa891c97037c96eceec/transformed/annotation-experimental-1.4.0 because:
  Build cache is disabled
  Caching not enabled.
Caching disabled for AarTransform: /home/runner/.gradle/caches/transforms-4/3b4cbc485de508abdcc6b67de782fc42/transformed/core-runtime-2.2.0 because:
  Build cache is disabled
  Caching not enabled.
Caching disabled for AarTransform: /home/runner/.gradle/caches/transforms-4/d1a8b21dc3a64323cc9bd8d7a9c1031b/transformed/interpolator-1.0.0 because:
  Build cache is disabled
  Caching not enabled.
Caching disabled for AarTransform: /home/runner/.gradle/caches/transforms-4/259b4b155bd65ae43561961fd4e59cfb/transformed/versionedparcelable-1.1.1 because:
  Build cache is disabled
  Caching not enabled.
Caching disabled for AarTransform: /home/runner/.gradle/caches/transforms-4/16e301cf918698b0162b7c845acd09ac/transformed/profileinstaller-1.3.1 because:
  Build cache is disabled
  Caching not enabled.
Caching disabled for AarTransform: /home/runner/.gradle/caches/transforms-4/d4dd02a3897b1441880b8fdd2da8ae00/transformed/startup-runtime-1.1.1 because:
  Build cache is disabled
  Caching not enabled.
Caching disabled for AarTransform: /home/runner/.gradle/caches/transforms-4/f2e9c73a68070fd6ad1518ac571d0953/transformed/tracing-1.0.0 because:
  Build cache is disabled
  Caching not enabled.
Caching disabled for task ':app:mergeDebugAssets' because:
  Build cache is disabled
  Simple merging task
Task ':app:mergeDebugAssets' is not up-to-date because:
  No history is available.
The input changes require a full rebuild for incremental task ':app:mergeDebugAssets'.
Resolve mutations for :app:compressDebugAssets (Thread[included builds,5,main]) started.
:app:compressDebugAssets (Thread[included builds,5,main]) started.

> Task :app:processDebugManifestForPackage
Custom actions are attached to task ':app:processDebugManifestForPackage'.
Caching disabled for task ':app:processDebugManifestForPackage' because:
  Build cache is disabled
Task ':app:processDebugManifestForPackage' is not up-to-date because:
  No history is available.
Resolve mutations for :app:processDebugResources (Thread[Execution worker Thread 2,5,main]) started.
:app:processDebugResources (Thread[Execution worker Thread 2,5,main]) started.

> Task :app:compressDebugAssets
Caching disabled for task ':app:compressDebugAssets' because:
  Build cache is disabled
Task ':app:compressDebugAssets' is not up-to-date because:
  No history is available.
The input changes require a full rebuild for incremental task ':app:compressDebugAssets'.
Resolve mutations for :app:desugarDebugFileDependencies (Thread[included builds,5,main]) started.
:app:desugarDebugFileDependencies (Thread[included builds,5,main]) started.

> Task :app:desugarDebugFileDependencies
Caching disabled for task ':app:desugarDebugFileDependencies' because:
  Build cache is disabled
Task ':app:desugarDebugFileDependencies' is not up-to-date because:
  No history is available.
Resolve mutations for :app:checkDebugDuplicateClasses (Thread[included builds,5,main]) started.
:app:checkDebugDuplicateClasses (Thread[Execution worker,5,main]) started.

> Task :app:processDebugResources
Downloading https://dl.google.com/dl/android/maven2/com/android/tools/build/aapt2/8.5.2-11315950/aapt2-8.5.2-11315950.pom to /home/runner/.gradle/.tmp/gradle_download17148877982261999770bin
Downloading https://dl.google.com/dl/android/maven2/com/android/tools/build/aapt2/8.5.2-11315950/aapt2-8.5.2-11315950-linux.jar to /home/runner/.gradle/.tmp/gradle_download9900228975416893082bin
Transforming aapt2-8.5.2-11315950-linux.jar (com.android.tools.build:aapt2:8.5.2-11315950) with Aapt2Extractor
Caching disabled for Aapt2Extractor: /home/runner/.gradle/caches/modules-2/files-2.1/com.android.tools.build/aapt2/8.5.2-11315950/63a446ef0920977c0150c2c28344faf0e535590e/aapt2-8.5.2-11315950-linux.jar because:
  Build cache is disabled
  Caching not enabled.
Transforming activity-1.9.0.aar (androidx.activity:activity:1.9.0) with ExtractAarTransform
Transforming activity-1.9.0.aar (androidx.activity:activity:1.9.0) with AarResourcesCompilerTransform
Transforming activity-ktx-1.9.0.aar (androidx.activity:activity-ktx:1.9.0) with ExtractAarTransform
Transforming activity-ktx-1.9.0.aar (androidx.activity:activity-ktx:1.9.0) with AarResourcesCompilerTransform
Transforming material3-release.aar (androidx.compose.material3:material3-android:1.2.1) with ExtractAarTransform
Transforming material3-release.aar (androidx.compose.material3:material3-android:1.2.1) with AarResourcesCompilerTransform
Transforming activity-compose-1.9.0.aar (androidx.activity:activity-compose:1.9.0) with ExtractAarTransform
Transforming activity-compose-1.9.0.aar (androidx.activity:activity-compose:1.9.0) with AarResourcesCompilerTransform
Transforming savedstate-ktx-1.2.1.aar (androidx.savedstate:savedstate-ktx:1.2.1) with ExtractAarTransform
Caching disabled for AarResourcesCompilerTransform: /home/runner/.gradle/caches/transforms-4/71b537acfb41fca7398e9c17ffc01d30/transformed/activity-1.9.0 because:
  Build cache is disabled
Transforming savedstate-ktx-1.2.1.aar (androidx.savedstate:savedstate-ktx:1.2.1) with AarResourcesCompilerTransform
Transforming savedstate-1.2.1.aar (androidx.savedstate:savedstate:1.2.1) with ExtractAarTransform
Transforming savedstate-1.2.1.aar (androidx.savedstate:savedstate:1.2.1) with AarResourcesCompilerTransform
Transforming material-icons-core-release.aar (androidx.compose.material:material-icons-core-android:1.6.0) with ExtractAarTransform
Transforming material-icons-core-release.aar (androidx.compose.material:material-icons-core-android:1.6.0) with AarResourcesCompilerTransform
Transforming material-ripple-release.aar (androidx.compose.material:material-ripple-android:1.6.0) with ExtractAarTransform
Transforming material-ripple-release.aar (androidx.compose.material:material-ripple-android:1.6.0) with AarResourcesCompilerTransform
Transforming animation-core-release.aar (androidx.compose.animation:animation-core-android:1.6.8) with ExtractAarTransform
Transforming animation-core-release.aar (androidx.compose.animation:animation-core-android:1.6.8) with AarResourcesCompilerTransform
Transforming animation-release.aar (androidx.compose.animation:animation-android:1.6.8) with ExtractAarTransform
Caching disabled for AarResourcesCompilerTransform: /home/runner/.gradle/caches/transforms-4/1580f9556b4554369b8b66652bcb5397/transformed/activity-ktx-1.9.0 because:
  Build cache is disabled
Transforming animation-release.aar (androidx.compose.animation:animation-android:1.6.8) with AarResourcesCompilerTransform
Transforming foundation-layout-release.aar (androidx.compose.foundation:foundation-layout-android:1.6.8) with ExtractAarTransform
Transforming foundation-layout-release.aar (androidx.compose.foundation:foundation-layout-android:1.6.8) with AarResourcesCompilerTransform
Transforming foundation-release.aar (androidx.compose.foundation:foundation-android:1.6.8) with ExtractAarTransform
Transforming foundation-release.aar (androidx.compose.foundation:foundation-android:1.6.8) with AarResourcesCompilerTransform
Transforming ui-util-release.aar (androidx.compose.ui:ui-util-android:1.6.8) with ExtractAarTransform
Transforming ui-util-release.aar (androidx.compose.ui:ui-util-android:1.6.8) with AarResourcesCompilerTransform
Transforming ui-unit-release.aar (androidx.compose.ui:ui-unit-android:1.6.8) with ExtractAarTransform
Transforming ui-unit-release.aar (androidx.compose.ui:ui-unit-android:1.6.8) with AarResourcesCompilerTransform
Transforming ui-graphics-release.aar (androidx.compose.ui:ui-graphics-android:1.6.8) with ExtractAarTransform
Transforming ui-graphics-release.aar (androidx.compose.ui:ui-graphics-android:1.6.8) with AarResourcesCompilerTransform
Transforming ui-geometry-release.aar (androidx.compose.ui:ui-geometry-android:1.6.8) with ExtractAarTransform
Transforming ui-geometry-release.aar (androidx.compose.ui:ui-geometry-android:1.6.8) with AarResourcesCompilerTransform
Transforming ui-tooling-preview-release.aar (androidx.compose.ui:ui-tooling-preview-android:1.6.8) with ExtractAarTransform
Transforming ui-tooling-preview-release.aar (androidx.compose.ui:ui-tooling-preview-android:1.6.8) with AarResourcesCompilerTransform
Transforming ui-text-release.aar (androidx.compose.ui:ui-text-android:1.6.8) with ExtractAarTransform
Transforming ui-text-release.aar (androidx.compose.ui:ui-text-android:1.6.8) with AarResourcesCompilerTransform
Transforming emoji2-1.3.0.aar (androidx.emoji2:emoji2:1.3.0) with ExtractAarTransform
Transforming emoji2-1.3.0.aar (androidx.emoji2:emoji2:1.3.0) with AarResourcesCompilerTransform
Transforming lifecycle-process-2.8.2.aar (androidx.lifecycle:lifecycle-process:2.8.2) with ExtractAarTransform
Transforming lifecycle-process-2.8.2.aar (androidx.lifecycle:lifecycle-process:2.8.2) with AarResourcesCompilerTransform
Transforming lifecycle-livedata-core-2.8.2.aar (androidx.lifecycle:lifecycle-livedata-core:2.8.2) with ExtractAarTransform
Transforming lifecycle-livedata-core-2.8.2.aar (androidx.lifecycle:lifecycle-livedata-core:2.8.2) with AarResourcesCompilerTransform
Transforming lifecycle-runtime-ktx-release.aar (androidx.lifecycle:lifecycle-runtime-ktx-android:2.8.2) with ExtractAarTransform
Transforming lifecycle-runtime-ktx-release.aar (androidx.lifecycle:lifecycle-runtime-ktx-android:2.8.2) with AarResourcesCompilerTransform
Caching disabled for AarResourcesCompilerTransform: /home/runner/.gradle/caches/transforms-4/a0abdf354e700bcaac1126606a1fdc0d/transformed/material3-release because:
  Build cache is disabled
Transforming lifecycle-viewmodel-release.aar (androidx.lifecycle:lifecycle-viewmodel-android:2.8.2) with ExtractAarTransform
Transforming lifecycle-viewmodel-release.aar (androidx.lifecycle:lifecycle-viewmodel-android:2.8.2) with AarResourcesCompilerTransform
Transforming lifecycle-runtime-release.aar (androidx.lifecycle:lifecycle-runtime-android:2.8.2) with ExtractAarTransform
Transforming lifecycle-runtime-release.aar (androidx.lifecycle:lifecycle-runtime-android:2.8.2) with AarResourcesCompilerTransform
Transforming lifecycle-viewmodel-savedstate-2.8.2.aar (androidx.lifecycle:lifecycle-viewmodel-savedstate:2.8.2) with ExtractAarTransform
Transforming lifecycle-viewmodel-savedstate-2.8.2.aar (androidx.lifecycle:lifecycle-viewmodel-savedstate:2.8.2) with AarResourcesCompilerTransform
Transforming lifecycle-viewmodel-ktx-2.8.2.aar (androidx.lifecycle:lifecycle-viewmodel-ktx:2.8.2) with ExtractAarTransform
Transforming lifecycle-viewmodel-ktx-2.8.2.aar (androidx.lifecycle:lifecycle-viewmodel-ktx:2.8.2) with AarResourcesCompilerTransform
Transforming lifecycle-viewmodel-compose-release.aar (androidx.lifecycle:lifecycle-viewmodel-compose-android:2.8.2) with ExtractAarTransform
Transforming lifecycle-viewmodel-compose-release.aar (androidx.lifecycle:lifecycle-viewmodel-compose-android:2.8.2) with AarResourcesCompilerTransform
Transforming ui-release.aar (androidx.compose.ui:ui-android:1.6.8) with ExtractAarTransform
Transforming ui-release.aar (androidx.compose.ui:ui-android:1.6.8) with AarResourcesCompilerTransform
Transforming autofill-1.0.0.aar (androidx.autofill:autofill:1.0.0) with ExtractAarTransform
Transforming autofill-1.0.0.aar (androidx.autofill:autofill:1.0.0) with AarResourcesCompilerTransform
Transforming core-1.13.1.aar (androidx.core:core:1.13.1) with ExtractAarTransform
Transforming core-1.13.1.aar (androidx.core:core:1.13.1) with AarResourcesCompilerTransform
Transforming core-1.13.1.aar (androidx.core:core:1.13.1) with ExtractAarTransform
Transforming core-1.13.1.aar (androidx.core:core:1.13.1) with AarResourcesCompilerTransform
Transforming customview-poolingcontainer-1.0.0.aar (androidx.customview:customview-poolingcontainer:1.0.0) with ExtractAarTransform
Transforming customview-poolingcontainer-1.0.0.aar (androidx.customview:customview-poolingcontainer:1.0.0) with AarResourcesCompilerTransform
Transforming core-ktx-1.13.1.aar (androidx.core:core-ktx:1.13.1) with ExtractAarTransform
Transforming core-ktx-1.13.1.aar (androidx.core:core-ktx:1.13.1) with AarResourcesCompilerTransform
Transforming room-runtime-2.6.1.aar (androidx.room:room-runtime:2.6.1) with ExtractAarTransform
Transforming room-runtime-2.6.1.aar (androidx.room:room-runtime:2.6.1) with AarResourcesCompilerTransform
Transforming room-ktx-2.6.1.aar (androidx.room:room-ktx:2.6.1) with ExtractAarTransform
Transforming room-ktx-2.6.1.aar (androidx.room:room-ktx:2.6.1) with AarResourcesCompilerTransform
Transforming sqlite-framework-2.4.0.aar (androidx.sqlite:sqlite-framework:2.4.0) with ExtractAarTransform
Transforming sqlite-framework-2.4.0.aar (androidx.sqlite:sqlite-framework:2.4.0) with AarResourcesCompilerTransform
Transforming sqlite-2.4.0.aar (androidx.sqlite:sqlite:2.4.0) with ExtractAarTransform
Transforming sqlite-2.4.0.aar (androidx.sqlite:sqlite:2.4.0) with AarResourcesCompilerTransform
Transforming annotation-experimental-1.4.0.aar (androidx.annotation:annotation-experimental:1.4.0) with ExtractAarTransform
Transforming annotation-experimental-1.4.0.aar (androidx.annotation:annotation-experimental:1.4.0) with AarResourcesCompilerTransform
Transforming runtime-saveable-release.aar (androidx.compose.runtime:runtime-saveable-android:1.6.8) with ExtractAarTransform
Transforming runtime-saveable-release.aar (androidx.compose.runtime:runtime-saveable-android:1.6.8) with AarResourcesCompilerTransform
Transforming runtime-release.aar (androidx.compose.runtime:runtime-android:1.6.8) with ExtractAarTransform
Transforming runtime-release.aar (androidx.compose.runtime:runtime-android:1.6.8) with AarResourcesCompilerTransform
Transforming core-runtime-2.2.0.aar (androidx.arch.core:core-runtime:2.2.0) with ExtractAarTransform
Transforming core-runtime-2.2.0.aar (androidx.arch.core:core-runtime:2.2.0) with AarResourcesCompilerTransform
Transforming interpolator-1.0.0.aar (androidx.interpolator:interpolator:1.0.0) with ExtractAarTransform
Transforming interpolator-1.0.0.aar (androidx.interpolator:interpolator:1.0.0) with AarResourcesCompilerTransform
Transforming versionedparcelable-1.1.1.aar (androidx.versionedparcelable:versionedparcelable:1.1.1) with ExtractAarTransform
Transforming versionedparcelable-1.1.1.aar (androidx.versionedparcelable:versionedparcelable:1.1.1) with AarResourcesCompilerTransform
Transforming profileinstaller-1.3.1.aar (androidx.profileinstaller:profileinstaller:1.3.1) with ExtractAarTransform
Transforming profileinstaller-1.3.1.aar (androidx.profileinstaller:profileinstaller:1.3.1) with AarResourcesCompilerTransform
Transforming startup-runtime-1.1.1.aar (androidx.startup:startup-runtime:1.1.1) with ExtractAarTransform
Transforming startup-runtime-1.1.1.aar (androidx.startup:startup-runtime:1.1.1) with AarResourcesCompilerTransform
Transforming tracing-1.0.0.aar (androidx.tracing:tracing:1.0.0) with ExtractAarTransform
Transforming tracing-1.0.0.aar (androidx.tracing:tracing:1.0.0) with AarResourcesCompilerTransform
Caching disabled for AarResourcesCompilerTransform: /home/runner/.gradle/caches/transforms-4/274e3e9d36de99cd6d24741926d80cfe/transformed/activity-compose-1.9.0 because:
  Build cache is disabled
Caching disabled for AarResourcesCompilerTransform: /home/runner/.gradle/caches/transforms-4/5679e22aad5f3ef3b1890e7aa9fc4ab9/transformed/savedstate-ktx-1.2.1 because:
  Build cache is disabled
Caching disabled for AarResourcesCompilerTransform: /home/runner/.gradle/caches/transforms-4/f0e8eaf470acca0415ef31a789577478/transformed/savedstate-1.2.1 because:
  Build cache is disabled
Caching disabled for AarResourcesCompilerTransform: /home/runner/.gradle/caches/transforms-4/1a97f834232591652b20134e6cb4d43d/transformed/material-icons-core-release because:
  Build cache is disabled
Caching disabled for AarResourcesCompilerTransform: /home/runner/.gradle/caches/transforms-4/afbba87728083bd62933748bcdbeb87b/transformed/material-ripple-release because:
  Build cache is disabled
Caching disabled for AarResourcesCompilerTransform: /home/runner/.gradle/caches/transforms-4/0aa94228117f12d43e87b05a3cd75ebe/transformed/animation-core-release because:
  Build cache is disabled
Caching disabled for AarResourcesCompilerTransform: /home/runner/.gradle/caches/transforms-4/cdc4495f5fadcbc06e80e604a5986116/transformed/animation-release because:
  Build cache is disabled
Caching disabled for AarResourcesCompilerTransform: /home/runner/.gradle/caches/transforms-4/639d362069d3e1ad8dcba21c83e7453d/transformed/foundation-layout-release because:
  Build cache is disabled
Caching disabled for AarResourcesCompilerTransform: /home/runner/.gradle/caches/transforms-4/243f528b9b2308be770cafd9f2a3310f/transformed/foundation-release because:
  Build cache is disabled
Caching disabled for AarResourcesCompilerTransform: /home/runner/.gradle/caches/transforms-4/c11c232f28d1ce3243aafc1306eb7083/transformed/ui-util-release because:
  Build cache is disabled
Caching disabled for AarResourcesCompilerTransform: /home/runner/.gradle/caches/transforms-4/71403411fa14cee0ccf56b67f14490f3/transformed/ui-unit-release because:
  Build cache is disabled
Caching disabled for AarResourcesCompilerTransform: /home/runner/.gradle/caches/transforms-4/ac5fe6c2ae98769af38974bea2f77521/transformed/ui-graphics-release because:
  Build cache is disabled
Caching disabled for AarResourcesCompilerTransform: /home/runner/.gradle/caches/transforms-4/d6abce7d29e50cc8636367a9120f8550/transformed/ui-geometry-release because:
  Build cache is disabled
Caching disabled for AarResourcesCompilerTransform: /home/runner/.gradle/caches/transforms-4/6d5e28f5575c3d11687ada3aa6a00f6c/transformed/ui-tooling-preview-release because:
  Build cache is disabled
Caching disabled for AarResourcesCompilerTransform: /home/runner/.gradle/caches/transforms-4/6a412828cda80e5ee353751e77a7c09b/transformed/ui-text-release because:
  Build cache is disabled
Caching disabled for AarResourcesCompilerTransform: /home/runner/.gradle/caches/transforms-4/394012d86a712eeb776fd32a4339d902/transformed/lifecycle-process-2.8.2 because:
  Build cache is disabled
Caching disabled for AarResourcesCompilerTransform: /home/runner/.gradle/caches/transforms-4/6c7a81c1af3a9b7e25cb0eea0f9f8c09/transformed/lifecycle-livedata-core-2.8.2 because:
  Build cache is disabled
Caching disabled for AarResourcesCompilerTransform: /home/runner/.gradle/caches/transforms-4/8d265db809aefe6ba535572b60a1cbcb/transformed/emoji2-1.3.0 because:
  Build cache is disabled
Caching disabled for AarResourcesCompilerTransform: /home/runner/.gradle/caches/transforms-4/64bc7d4c8bfb35eaa76f1f5da4d519aa/transformed/lifecycle-runtime-ktx-release because:
  Build cache is disabled
Caching disabled for AarResourcesCompilerTransform: /home/runner/.gradle/caches/transforms-4/92b6d95af97bf92e2de41612aaa79ccf/transformed/lifecycle-viewmodel-release because:
  Build cache is disabled
Caching disabled for AarResourcesCompilerTransform: /home/runner/.gradle/caches/transforms-4/8c57be880e3f80b7f3edf330f66a862c/transformed/lifecycle-runtime-release because:
  Build cache is disabled
Caching disabled for AarResourcesCompilerTransform: /home/runner/.gradle/caches/transforms-4/06641950cff4bfdb55fae8fa2445ec50/transformed/lifecycle-viewmodel-savedstate-2.8.2 because:
  Build cache is disabled
Caching disabled for AarResourcesCompilerTransform: /home/runner/.gradle/caches/transforms-4/23d761cd93b9a110f6c2616e2d2c6a37/transformed/lifecycle-viewmodel-ktx-2.8.2 because:
  Build cache is disabled
Caching disabled for AarResourcesCompilerTransform: /home/runner/.gradle/caches/transforms-4/dfb3cb54e2ac90827ba0350aeee3b7fa/transformed/lifecycle-viewmodel-compose-release because:
  Build cache is disabled
Caching disabled for AarResourcesCompilerTransform: /home/runner/.gradle/caches/transforms-4/7a7c935af36228e4d0507fa5e15344b6/transformed/ui-release because:
  Build cache is disabled
Caching disabled for AarResourcesCompilerTransform: /home/runner/.gradle/caches/transforms-4/74c0dbec5820d6e072a07f659d887010/transformed/autofill-1.0.0 because:
  Build cache is disabled
Caching disabled for AarResourcesCompilerTransform: /home/runner/.gradle/caches/transforms-4/e91d43edd169d12026c8450ba62b92db/transformed/core-1.13.1 because:
  Build cache is disabled
Compiling xml file /home/runner/.gradle/caches/transforms-4/7a7c935af36228e4d0507fa5e15344b6/transformed/ui-release/res/color/vector_tint_theme_color.xml to /home/runner/.gradle/caches/transforms-4/dc33ea7f7923c2201790d5555a8d8717-a720bc89-7cc8-473e-a775-931253612f01/transformed/androidx.compose.ui/color_vector_tint_theme_color.xml.flat
Caching disabled for AarResourcesCompilerTransform: /home/runner/.gradle/caches/transforms-4/dd42e38183cb7d9a90b69ba4cfad41b5/transformed/customview-poolingcontainer-1.0.0 because:
  Build cache is disabled
Caching disabled for AarResourcesCompilerTransform: /home/runner/.gradle/caches/transforms-4/d33bee1637304cf060ddfc55a5600f8f/transformed/core-ktx-1.13.1 because:
  Build cache is disabled
Caching disabled for AarResourcesCompilerTransform: /home/runner/.gradle/caches/transforms-4/3491be084682f777f2359a2bc8e00d91/transformed/room-runtime-2.6.1 because:
  Build cache is disabled
AAPT2 aapt2-8.5.2-11315950-linux Daemon #0: starting
Caching disabled for AarResourcesCompilerTransform: /home/runner/.gradle/caches/transforms-4/4846b42d71b9682bc33dd8f717247987/transformed/room-ktx-2.6.1 because:
  Build cache is disabled
Caching disabled for AarResourcesCompilerTransform: /home/runner/.gradle/caches/transforms-4/cd4a2786e58cc42f09da01120e8ec02c/transformed/sqlite-framework-2.4.0 because:
  Build cache is disabled
Caching disabled for AarResourcesCompilerTransform: /home/runner/.gradle/caches/transforms-4/a2c1f44d85a58bea855e8e881fed3c91/transformed/sqlite-2.4.0 because:
  Build cache is disabled
Caching disabled for AarResourcesCompilerTransform: /home/runner/.gradle/caches/transforms-4/efdcc402ed8e7fa891c97037c96eceec/transformed/annotation-experimental-1.4.0 because:
  Build cache is disabled
Caching disabled for AarResourcesCompilerTransform: /home/runner/.gradle/caches/transforms-4/5373f9c4ad0a3edc85bee31e8d8d77dc/transformed/runtime-saveable-release because:
  Build cache is disabled
Caching disabled for AarResourcesCompilerTransform: /home/runner/.gradle/caches/transforms-4/7cb4d70bc8dce8c244de576ac198624d/transformed/runtime-release because:
  Build cache is disabled
Caching disabled for AarResourcesCompilerTransform: /home/runner/.gradle/caches/transforms-4/3b4cbc485de508abdcc6b67de782fc42/transformed/core-runtime-2.2.0 because:
  Build cache is disabled
Compiling xml file /home/runner/.gradle/caches/transforms-4/7a7c935af36228e4d0507fa5e15344b6/transformed/ui-release/res/color/vector_tint_color.xml to /home/runner/.gradle/caches/transforms-4/dc33ea7f7923c2201790d5555a8d8717-a720bc89-7cc8-473e-a775-931253612f01/transformed/androidx.compose.ui/color_vector_tint_color.xml.flat
Caching disabled for AarResourcesCompilerTransform: /home/runner/.gradle/caches/transforms-4/d1a8b21dc3a64323cc9bd8d7a9c1031b/transformed/interpolator-1.0.0 because:
  Build cache is disabled
Caching disabled for AarResourcesCompilerTransform: /home/runner/.gradle/caches/transforms-4/259b4b155bd65ae43561961fd4e59cfb/transformed/versionedparcelable-1.1.1 because:
  Build cache is disabled
Caching disabled for AarResourcesCompilerTransform: /home/runner/.gradle/caches/transforms-4/16e301cf918698b0162b7c845acd09ac/transformed/profileinstaller-1.3.1 because:
  Build cache is disabled
Caching disabled for AarResourcesCompilerTransform: /home/runner/.gradle/caches/transforms-4/d4dd02a3897b1441880b8fdd2da8ae00/transformed/startup-runtime-1.1.1 because:
  Build cache is disabled
Caching disabled for AarResourcesCompilerTransform: /home/runner/.gradle/caches/transforms-4/f2e9c73a68070fd6ad1518ac571d0953/transformed/tracing-1.0.0 because:
  Build cache is disabled
Compiling xml file /home/runner/.gradle/caches/transforms-4/e91d43edd169d12026c8450ba62b92db/transformed/core-1.13.1/res/drawable-v21/notification_action_background.xml to /home/runner/.gradle/caches/transforms-4/93a7d4aa5bae31dc6b1fae7e85a2e784-0eb1d485-6490-4782-bc4f-15aeb90ca668/transformed/androidx.core/drawable-v21_notification_action_background.xml.flat
Compiling xml file /home/runner/.gradle/caches/transforms-4/e91d43edd169d12026c8450ba62b92db/transformed/core-1.13.1/res/layout/custom_dialog.xml to /home/runner/.gradle/caches/transforms-4/93a7d4aa5bae31dc6b1fae7e85a2e784-0eb1d485-6490-4782-bc4f-15aeb90ca668/transformed/androidx.core/layout_custom_dialog.xml.flat
Compiling xml file /home/runner/.gradle/caches/transforms-4/e91d43edd169d12026c8450ba62b92db/transformed/core-1.13.1/res/layout/notification_template_part_chronometer.xml to /home/runner/.gradle/caches/transforms-4/93a7d4aa5bae31dc6b1fae7e85a2e784-0eb1d485-6490-4782-bc4f-15aeb90ca668/transformed/androidx.core/layout_notification_template_part_chronometer.xml.flat
Compiling xml file /home/runner/.gradle/caches/transforms-4/e91d43edd169d12026c8450ba62b92db/transformed/core-1.13.1/res/layout/notification_action.xml to /home/runner/.gradle/caches/transforms-4/93a7d4aa5bae31dc6b1fae7e85a2e784-0eb1d485-6490-4782-bc4f-15aeb90ca668/transformed/androidx.core/layout_notification_action.xml.flat
Compiling xml file /home/runner/.gradle/caches/transforms-4/e91d43edd169d12026c8450ba62b92db/transformed/core-1.13.1/res/layout/notification_template_custom_big.xml to /home/runner/.gradle/caches/transforms-4/93a7d4aa5bae31dc6b1fae7e85a2e784-0eb1d485-6490-4782-bc4f-15aeb90ca668/transformed/androidx.core/layout_notification_template_custom_big.xml.flat
Compiling xml file /home/runner/.gradle/caches/transforms-4/e91d43edd169d12026c8450ba62b92db/transformed/core-1.13.1/res/layout/notification_template_part_time.xml to /home/runner/.gradle/caches/transforms-4/93a7d4aa5bae31dc6b1fae7e85a2e784-0eb1d485-6490-4782-bc4f-15aeb90ca668/transformed/androidx.core/layout_notification_template_part_time.xml.flat
Compiling xml file /home/runner/.gradle/caches/transforms-4/e91d43edd169d12026c8450ba62b92db/transformed/core-1.13.1/res/layout/notification_template_icon_group.xml to /home/runner/.gradle/caches/transforms-4/93a7d4aa5bae31dc6b1fae7e85a2e784-0eb1d485-6490-4782-bc4f-15aeb90ca668/transformed/androidx.core/layout_notification_template_icon_group.xml.flat
Compiling xml file /home/runner/.gradle/caches/transforms-4/e91d43edd169d12026c8450ba62b92db/transformed/core-1.13.1/res/layout/ime_secondary_split_test_activity.xml to /home/runner/.gradle/caches/transforms-4/93a7d4aa5bae31dc6b1fae7e85a2e784-0eb1d485-6490-4782-bc4f-15aeb90ca668/transformed/androidx.core/layout_ime_secondary_split_test_activity.xml.flat
Compiling xml file /home/runner/.gradle/caches/transforms-4/e91d43edd169d12026c8450ba62b92db/transformed/core-1.13.1/res/layout/notification_action_tombstone.xml to /home/runner/.gradle/caches/transforms-4/93a7d4aa5bae31dc6b1fae7e85a2e784-0eb1d485-6490-4782-bc4f-15aeb90ca668/transformed/androidx.core/layout_notification_action_tombstone.xml.flat
Compiling xml file /home/runner/.gradle/caches/transforms-4/e91d43edd169d12026c8450ba62b92db/transformed/core-1.13.1/res/layout/ime_base_split_test_activity.xml to /home/runner/.gradle/caches/transforms-4/93a7d4aa5bae31dc6b1fae7e85a2e784-0eb1d485-6490-4782-bc4f-15aeb90ca668/transformed/androidx.core/layout_ime_base_split_test_activity.xml.flat
Compiling xml file /home/runner/.gradle/caches/transforms-4/e91d43edd169d12026c8450ba62b92db/transformed/core-1.13.1/res/drawable/notification_tile_bg.xml to /home/runner/.gradle/caches/transforms-4/93a7d4aa5bae31dc6b1fae7e85a2e784-0eb1d485-6490-4782-bc4f-15aeb90ca668/transformed/androidx.core/drawable_notification_tile_bg.xml.flat
Compiling xml file /home/runner/.gradle/caches/transforms-4/e91d43edd169d12026c8450ba62b92db/transformed/core-1.13.1/res/drawable/notification_bg.xml to /home/runner/.gradle/caches/transforms-4/93a7d4aa5bae31dc6b1fae7e85a2e784-0eb1d485-6490-4782-bc4f-15aeb90ca668/transformed/androidx.core/drawable_notification_bg.xml.flat
Compiling xml file /home/runner/.gradle/caches/transforms-4/e91d43edd169d12026c8450ba62b92db/transformed/core-1.13.1/res/drawable/notification_icon_background.xml to /home/runner/.gradle/caches/transforms-4/93a7d4aa5bae31dc6b1fae7e85a2e784-0eb1d485-6490-4782-bc4f-15aeb90ca668/transformed/androidx.core/drawable_notification_icon_background.xml.flat
Compiling xml file /home/runner/.gradle/caches/transforms-4/e91d43edd169d12026c8450ba62b92db/transformed/core-1.13.1/res/drawable/notification_bg_low.xml to /home/runner/.gradle/caches/transforms-4/93a7d4aa5bae31dc6b1fae7e85a2e784-0eb1d485-6490-4782-bc4f-15aeb90ca668/transformed/androidx.core/drawable_notification_bg_low.xml.flat
Compiling xml file /home/runner/.gradle/caches/transforms-4/e91d43edd169d12026c8450ba62b92db/transformed/core-1.13.1/res/layout-v21/notification_action.xml to /home/runner/.gradle/caches/transforms-4/93a7d4aa5bae31dc6b1fae7e85a2e784-0eb1d485-6490-4782-bc4f-15aeb90ca668/transformed/androidx.core/layout-v21_notification_action.xml.flat
Compiling xml file /home/runner/.gradle/caches/transforms-4/e91d43edd169d12026c8450ba62b92db/transformed/core-1.13.1/res/layout-v21/notification_template_custom_big.xml to /home/runner/.gradle/caches/transforms-4/93a7d4aa5bae31dc6b1fae7e85a2e784-0eb1d485-6490-4782-bc4f-15aeb90ca668/transformed/androidx.core/layout-v21_notification_template_custom_big.xml.flat
Compiling xml file /home/runner/.gradle/caches/transforms-4/e91d43edd169d12026c8450ba62b92db/transformed/core-1.13.1/res/layout-v21/notification_template_icon_group.xml to /home/runner/.gradle/caches/transforms-4/93a7d4aa5bae31dc6b1fae7e85a2e784-0eb1d485-6490-4782-bc4f-15aeb90ca668/transformed/androidx.core/layout-v21_notification_template_icon_group.xml.flat
Compiling xml file /home/runner/.gradle/caches/transforms-4/e91d43edd169d12026c8450ba62b92db/transformed/core-1.13.1/res/layout-v21/notification_action_tombstone.xml to /home/runner/.gradle/caches/transforms-4/93a7d4aa5bae31dc6b1fae7e85a2e784-0eb1d485-6490-4782-bc4f-15aeb90ca668/transformed/androidx.core/layout-v21_notification_action_tombstone.xml.flat
Compiling xml file /home/runner/.gradle/caches/transforms-4/e91d43edd169d12026c8450ba62b92db/transformed/core-1.13.1/res/drawable-anydpi-v21/ic_call_answer_low.xml to /home/runner/.gradle/caches/transforms-4/93a7d4aa5bae31dc6b1fae7e85a2e784-0eb1d485-6490-4782-bc4f-15aeb90ca668/transformed/androidx.core/drawable-anydpi-v21_ic_call_answer_low.xml.flat
Compiling xml file /home/runner/.gradle/caches/transforms-4/e91d43edd169d12026c8450ba62b92db/transformed/core-1.13.1/res/drawable-anydpi-v21/ic_call_decline.xml to /home/runner/.gradle/caches/transforms-4/93a7d4aa5bae31dc6b1fae7e85a2e784-0eb1d485-6490-4782-bc4f-15aeb90ca668/transformed/androidx.core/drawable-anydpi-v21_ic_call_decline.xml.flat
Compiling xml file /home/runner/.gradle/caches/transforms-4/e91d43edd169d12026c8450ba62b92db/transformed/core-1.13.1/res/drawable-anydpi-v21/ic_call_answer.xml to /home/runner/.gradle/caches/transforms-4/93a7d4aa5bae31dc6b1fae7e85a2e784-0eb1d485-6490-4782-bc4f-15aeb90ca668/transformed/androidx.core/drawable-anydpi-v21_ic_call_answer.xml.flat
Compiling xml file /home/runner/.gradle/caches/transforms-4/e91d43edd169d12026c8450ba62b92db/transformed/core-1.13.1/res/drawable-anydpi-v21/ic_call_answer_video_low.xml to /home/runner/.gradle/caches/transforms-4/93a7d4aa5bae31dc6b1fae7e85a2e784-0eb1d485-6490-4782-bc4f-15aeb90ca668/transformed/androidx.core/drawable-anydpi-v21_ic_call_answer_video_low.xml.flat
Compiling xml file /home/runner/.gradle/caches/transforms-4/e91d43edd169d12026c8450ba62b92db/transformed/core-1.13.1/res/drawable-anydpi-v21/ic_call_answer_video.xml to /home/runner/.gradle/caches/transforms-4/93a7d4aa5bae31dc6b1fae7e85a2e784-0eb1d485-6490-4782-bc4f-15aeb90ca668/transformed/androidx.core/drawable-anydpi-v21_ic_call_answer_video.xml.flat
Compiling xml file /home/runner/.gradle/caches/transforms-4/e91d43edd169d12026c8450ba62b92db/transformed/core-1.13.1/res/drawable-anydpi-v21/ic_call_decline_low.xml to /home/runner/.gradle/caches/transforms-4/93a7d4aa5bae31dc6b1fae7e85a2e784-0eb1d485-6490-4782-bc4f-15aeb90ca668/transformed/androidx.core/drawable-anydpi-v21_ic_call_decline_low.xml.flat
Transforming activity-1.9.0.aar (androidx.activity:activity:1.9.0) with ExtractAarTransform
Transforming activity-1.9.0.aar (androidx.activity:activity:1.9.0) with LibrarySymbolTableTransform
Transforming activity-ktx-1.9.0.aar (androidx.activity:activity-ktx:1.9.0) with ExtractAarTransform
Transforming activity-ktx-1.9.0.aar (androidx.activity:activity-ktx:1.9.0) with LibrarySymbolTableTransform
Transforming material3-release.aar (androidx.compose.material3:material3-android:1.2.1) with ExtractAarTransform
Transforming material3-release.aar (androidx.compose.material3:material3-android:1.2.1) with LibrarySymbolTableTransform
Transforming activity-compose-1.9.0.aar (androidx.activity:activity-compose:1.9.0) with ExtractAarTransform
Transforming activity-compose-1.9.0.aar (androidx.activity:activity-compose:1.9.0) with LibrarySymbolTableTransform
Transforming savedstate-ktx-1.2.1.aar (androidx.savedstate:savedstate-ktx:1.2.1) with ExtractAarTransform
Transforming savedstate-ktx-1.2.1.aar (androidx.savedstate:savedstate-ktx:1.2.1) with LibrarySymbolTableTransform
Transforming savedstate-1.2.1.aar (androidx.savedstate:savedstate:1.2.1) with ExtractAarTransform
Transforming savedstate-1.2.1.aar (androidx.savedstate:savedstate:1.2.1) with LibrarySymbolTableTransform
Transforming material-icons-core-release.aar (androidx.compose.material:material-icons-core-android:1.6.0) with ExtractAarTransform
Transforming material-icons-core-release.aar (androidx.compose.material:material-icons-core-android:1.6.0) with LibrarySymbolTableTransform
Transforming material-ripple-release.aar (androidx.compose.material:material-ripple-android:1.6.0) with ExtractAarTransform
Transforming material-ripple-release.aar (androidx.compose.material:material-ripple-android:1.6.0) with LibrarySymbolTableTransform
Transforming animation-core-release.aar (androidx.compose.animation:animation-core-android:1.6.8) with ExtractAarTransform
Transforming animation-core-release.aar (androidx.compose.animation:animation-core-android:1.6.8) with LibrarySymbolTableTransform
Transforming animation-release.aar (androidx.compose.animation:animation-android:1.6.8) with ExtractAarTransform
Transforming animation-release.aar (androidx.compose.animation:animation-android:1.6.8) with LibrarySymbolTableTransform
Transforming foundation-layout-release.aar (androidx.compose.foundation:foundation-layout-android:1.6.8) with ExtractAarTransform
Transforming foundation-layout-release.aar (androidx.compose.foundation:foundation-layout-android:1.6.8) with LibrarySymbolTableTransform
Transforming foundation-release.aar (androidx.compose.foundation:foundation-android:1.6.8) with ExtractAarTransform
Transforming foundation-release.aar (androidx.compose.foundation:foundation-android:1.6.8) with LibrarySymbolTableTransform
Transforming ui-util-release.aar (androidx.compose.ui:ui-util-android:1.6.8) with ExtractAarTransform
Transforming ui-util-release.aar (androidx.compose.ui:ui-util-android:1.6.8) with LibrarySymbolTableTransform
Transforming ui-unit-release.aar (androidx.compose.ui:ui-unit-android:1.6.8) with ExtractAarTransform
Transforming ui-unit-release.aar (androidx.compose.ui:ui-unit-android:1.6.8) with LibrarySymbolTableTransform
Transforming ui-graphics-release.aar (androidx.compose.ui:ui-graphics-android:1.6.8) with ExtractAarTransform
Transforming ui-graphics-release.aar (androidx.compose.ui:ui-graphics-android:1.6.8) with LibrarySymbolTableTransform
Transforming ui-geometry-release.aar (androidx.compose.ui:ui-geometry-android:1.6.8) with ExtractAarTransform
Transforming ui-geometry-release.aar (androidx.compose.ui:ui-geometry-android:1.6.8) with LibrarySymbolTableTransform
Transforming ui-tooling-preview-release.aar (androidx.compose.ui:ui-tooling-preview-android:1.6.8) with ExtractAarTransform
Transforming ui-tooling-preview-release.aar (androidx.compose.ui:ui-tooling-preview-android:1.6.8) with LibrarySymbolTableTransform
Transforming ui-text-release.aar (androidx.compose.ui:ui-text-android:1.6.8) with ExtractAarTransform
Transforming ui-text-release.aar (androidx.compose.ui:ui-text-android:1.6.8) with LibrarySymbolTableTransform
Transforming emoji2-1.3.0.aar (androidx.emoji2:emoji2:1.3.0) with ExtractAarTransform
Transforming emoji2-1.3.0.aar (androidx.emoji2:emoji2:1.3.0) with LibrarySymbolTableTransform
Transforming lifecycle-process-2.8.2.aar (androidx.lifecycle:lifecycle-process:2.8.2) with ExtractAarTransform
Transforming lifecycle-process-2.8.2.aar (androidx.lifecycle:lifecycle-process:2.8.2) with LibrarySymbolTableTransform
Caching disabled for LibrarySymbolTableTransform: /home/runner/.gradle/caches/transforms-4/71b537acfb41fca7398e9c17ffc01d30/transformed/activity-1.9.0 because:
  Build cache is disabled
  Caching not enabled.
Transforming lifecycle-livedata-core-2.8.2.aar (androidx.lifecycle:lifecycle-livedata-core:2.8.2) with ExtractAarTransform
Transforming lifecycle-livedata-core-2.8.2.aar (androidx.lifecycle:lifecycle-livedata-core:2.8.2) with LibrarySymbolTableTransform
Transforming lifecycle-runtime-ktx-release.aar (androidx.lifecycle:lifecycle-runtime-ktx-android:2.8.2) with ExtractAarTransform
Transforming lifecycle-runtime-ktx-release.aar (androidx.lifecycle:lifecycle-runtime-ktx-android:2.8.2) with LibrarySymbolTableTransform
Transforming lifecycle-viewmodel-release.aar (androidx.lifecycle:lifecycle-viewmodel-android:2.8.2) with ExtractAarTransform
Transforming lifecycle-viewmodel-release.aar (androidx.lifecycle:lifecycle-viewmodel-android:2.8.2) with LibrarySymbolTableTransform
Transforming lifecycle-runtime-release.aar (androidx.lifecycle:lifecycle-runtime-android:2.8.2) with ExtractAarTransform
Transforming lifecycle-runtime-release.aar (androidx.lifecycle:lifecycle-runtime-android:2.8.2) with LibrarySymbolTableTransform
Transforming lifecycle-viewmodel-savedstate-2.8.2.aar (androidx.lifecycle:lifecycle-viewmodel-savedstate:2.8.2) with ExtractAarTransform
Transforming lifecycle-viewmodel-savedstate-2.8.2.aar (androidx.lifecycle:lifecycle-viewmodel-savedstate:2.8.2) with LibrarySymbolTableTransform
Transforming lifecycle-viewmodel-ktx-2.8.2.aar (androidx.lifecycle:lifecycle-viewmodel-ktx:2.8.2) with ExtractAarTransform
Caching disabled for LibrarySymbolTableTransform: /home/runner/.gradle/caches/transforms-4/a0abdf354e700bcaac1126606a1fdc0d/transformed/material3-release because:
  Build cache is disabled
  Caching not enabled.
Transforming lifecycle-viewmodel-ktx-2.8.2.aar (androidx.lifecycle:lifecycle-viewmodel-ktx:2.8.2) with LibrarySymbolTableTransform
Transforming lifecycle-viewmodel-compose-release.aar (androidx.lifecycle:lifecycle-viewmodel-compose-android:2.8.2) with ExtractAarTransform
Transforming lifecycle-viewmodel-compose-release.aar (androidx.lifecycle:lifecycle-viewmodel-compose-android:2.8.2) with LibrarySymbolTableTransform
Transforming ui-release.aar (androidx.compose.ui:ui-android:1.6.8) with ExtractAarTransform
Transforming ui-release.aar (androidx.compose.ui:ui-android:1.6.8) with LibrarySymbolTableTransform
Transforming autofill-1.0.0.aar (androidx.autofill:autofill:1.0.0) with ExtractAarTransform
Transforming autofill-1.0.0.aar (androidx.autofill:autofill:1.0.0) with LibrarySymbolTableTransform
Transforming core-1.13.1.aar (androidx.core:core:1.13.1) with ExtractAarTransform
Transforming core-1.13.1.aar (androidx.core:core:1.13.1) with LibrarySymbolTableTransform
Transforming core-1.13.1.aar (androidx.core:core:1.13.1) with ExtractAarTransform
Transforming core-1.13.1.aar (androidx.core:core:1.13.1) with LibrarySymbolTableTransform
Transforming customview-poolingcontainer-1.0.0.aar (androidx.customview:customview-poolingcontainer:1.0.0) with ExtractAarTransform
Transforming customview-poolingcontainer-1.0.0.aar (androidx.customview:customview-poolingcontainer:1.0.0) with LibrarySymbolTableTransform
Transforming core-ktx-1.13.1.aar (androidx.core:core-ktx:1.13.1) with ExtractAarTransform
Transforming core-ktx-1.13.1.aar (androidx.core:core-ktx:1.13.1) with LibrarySymbolTableTransform
Transforming room-runtime-2.6.1.aar (androidx.room:room-runtime:2.6.1) with ExtractAarTransform
Transforming room-runtime-2.6.1.aar (androidx.room:room-runtime:2.6.1) with LibrarySymbolTableTransform
Transforming room-ktx-2.6.1.aar (androidx.room:room-ktx:2.6.1) with ExtractAarTransform
Caching disabled for LibrarySymbolTableTransform: /home/runner/.gradle/caches/transforms-4/1580f9556b4554369b8b66652bcb5397/transformed/activity-ktx-1.9.0 because:
  Build cache is disabled
  Caching not enabled.
Transforming room-ktx-2.6.1.aar (androidx.room:room-ktx:2.6.1) with LibrarySymbolTableTransform
Transforming sqlite-framework-2.4.0.aar (androidx.sqlite:sqlite-framework:2.4.0) with ExtractAarTransform
Transforming sqlite-framework-2.4.0.aar (androidx.sqlite:sqlite-framework:2.4.0) with LibrarySymbolTableTransform
Transforming sqlite-2.4.0.aar (androidx.sqlite:sqlite:2.4.0) with ExtractAarTransform
Transforming sqlite-2.4.0.aar (androidx.sqlite:sqlite:2.4.0) with LibrarySymbolTableTransform
Transforming annotation-experimental-1.4.0.aar (androidx.annotation:annotation-experimental:1.4.0) with ExtractAarTransform
Transforming annotation-experimental-1.4.0.aar (androidx.annotation:annotation-experimental:1.4.0) with LibrarySymbolTableTransform
Transforming runtime-saveable-release.aar (androidx.compose.runtime:runtime-saveable-android:1.6.8) with ExtractAarTransform
Caching disabled for LibrarySymbolTableTransform: /home/runner/.gradle/caches/transforms-4/274e3e9d36de99cd6d24741926d80cfe/transformed/activity-compose-1.9.0 because:
  Build cache is disabled
  Caching not enabled.
Transforming runtime-saveable-release.aar (androidx.compose.runtime:runtime-saveable-android:1.6.8) with LibrarySymbolTableTransform
Transforming runtime-release.aar (androidx.compose.runtime:runtime-android:1.6.8) with ExtractAarTransform
Transforming runtime-release.aar (androidx.compose.runtime:runtime-android:1.6.8) with LibrarySymbolTableTransform
Transforming core-runtime-2.2.0.aar (androidx.arch.core:core-runtime:2.2.0) with ExtractAarTransform
Transforming core-runtime-2.2.0.aar (androidx.arch.core:core-runtime:2.2.0) with LibrarySymbolTableTransform
Transforming interpolator-1.0.0.aar (androidx.interpolator:interpolator:1.0.0) with ExtractAarTransform
Transforming interpolator-1.0.0.aar (androidx.interpolator:interpolator:1.0.0) with LibrarySymbolTableTransform
Transforming versionedparcelable-1.1.1.aar (androidx.versionedparcelable:versionedparcelable:1.1.1) with ExtractAarTransform
Caching disabled for LibrarySymbolTableTransform: /home/runner/.gradle/caches/transforms-4/5679e22aad5f3ef3b1890e7aa9fc4ab9/transformed/savedstate-ktx-1.2.1 because:
  Build cache is disabled
  Caching not enabled.
Transforming versionedparcelable-1.1.1.aar (androidx.versionedparcelable:versionedparcelable:1.1.1) with LibrarySymbolTableTransform
Transforming profileinstaller-1.3.1.aar (androidx.profileinstaller:profileinstaller:1.3.1) with ExtractAarTransform
Transforming profileinstaller-1.3.1.aar (androidx.profileinstaller:profileinstaller:1.3.1) with LibrarySymbolTableTransform
Transforming startup-runtime-1.1.1.aar (androidx.startup:startup-runtime:1.1.1) with ExtractAarTransform
Transforming startup-runtime-1.1.1.aar (androidx.startup:startup-runtime:1.1.1) with LibrarySymbolTableTransform
Transforming tracing-1.0.0.aar (androidx.tracing:tracing:1.0.0) with ExtractAarTransform
Transforming tracing-1.0.0.aar (androidx.tracing:tracing:1.0.0) with LibrarySymbolTableTransform
Caching disabled for LibrarySymbolTableTransform: /home/runner/.gradle/caches/transforms-4/f0e8eaf470acca0415ef31a789577478/transformed/savedstate-1.2.1 because:
  Build cache is disabled
  Caching not enabled.
Caching disabled for LibrarySymbolTableTransform: /home/runner/.gradle/caches/transforms-4/1a97f834232591652b20134e6cb4d43d/transformed/material-icons-core-release because:
  Build cache is disabled
  Caching not enabled.
Caching disabled for LibrarySymbolTableTransform: /home/runner/.gradle/caches/transforms-4/afbba87728083bd62933748bcdbeb87b/transformed/material-ripple-release because:
  Build cache is disabled
  Caching not enabled.
Caching disabled for LibrarySymbolTableTransform: /home/runner/.gradle/caches/transforms-4/0aa94228117f12d43e87b05a3cd75ebe/transformed/animation-core-release because:
  Build cache is disabled
  Caching not enabled.
Caching disabled for LibrarySymbolTableTransform: /home/runner/.gradle/caches/transforms-4/cdc4495f5fadcbc06e80e604a5986116/transformed/animation-release because:
  Build cache is disabled
  Caching not enabled.
Caching disabled for LibrarySymbolTableTransform: /home/runner/.gradle/caches/transforms-4/639d362069d3e1ad8dcba21c83e7453d/transformed/foundation-layout-release because:
  Build cache is disabled
  Caching not enabled.
Caching disabled for LibrarySymbolTableTransform: /home/runner/.gradle/caches/transforms-4/243f528b9b2308be770cafd9f2a3310f/transformed/foundation-release because:
  Build cache is disabled
  Caching not enabled.
Caching disabled for LibrarySymbolTableTransform: /home/runner/.gradle/caches/transforms-4/c11c232f28d1ce3243aafc1306eb7083/transformed/ui-util-release because:
  Build cache is disabled
  Caching not enabled.
Caching disabled for LibrarySymbolTableTransform: /home/runner/.gradle/caches/transforms-4/71403411fa14cee0ccf56b67f14490f3/transformed/ui-unit-release because:
  Build cache is disabled
  Caching not enabled.
Caching disabled for LibrarySymbolTableTransform: /home/runner/.gradle/caches/transforms-4/ac5fe6c2ae98769af38974bea2f77521/transformed/ui-graphics-release because:
  Build cache is disabled
  Caching not enabled.
Caching disabled for LibrarySymbolTableTransform: /home/runner/.gradle/caches/transforms-4/d6abce7d29e50cc8636367a9120f8550/transformed/ui-geometry-release because:
  Build cache is disabled
  Caching not enabled.
Caching disabled for LibrarySymbolTableTransform: /home/runner/.gradle/caches/transforms-4/6a412828cda80e5ee353751e77a7c09b/transformed/ui-text-release because:
  Build cache is disabled
  Caching not enabled.
Caching disabled for LibrarySymbolTableTransform: /home/runner/.gradle/caches/transforms-4/6d5e28f5575c3d11687ada3aa6a00f6c/transformed/ui-tooling-preview-release because:
  Build cache is disabled
  Caching not enabled.
Caching disabled for LibrarySymbolTableTransform: /home/runner/.gradle/caches/transforms-4/8d265db809aefe6ba535572b60a1cbcb/transformed/emoji2-1.3.0 because:
  Build cache is disabled
  Caching not enabled.
Caching disabled for LibrarySymbolTableTransform: /home/runner/.gradle/caches/transforms-4/394012d86a712eeb776fd32a4339d902/transformed/lifecycle-process-2.8.2 because:
  Build cache is disabled
  Caching not enabled.
Caching disabled for LibrarySymbolTableTransform: /home/runner/.gradle/caches/transforms-4/6c7a81c1af3a9b7e25cb0eea0f9f8c09/transformed/lifecycle-livedata-core-2.8.2 because:
  Build cache is disabled
  Caching not enabled.
Caching disabled for LibrarySymbolTableTransform: /home/runner/.gradle/caches/transforms-4/64bc7d4c8bfb35eaa76f1f5da4d519aa/transformed/lifecycle-runtime-ktx-release because:
  Build cache is disabled
  Caching not enabled.
Caching disabled for LibrarySymbolTableTransform: /home/runner/.gradle/caches/transforms-4/92b6d95af97bf92e2de41612aaa79ccf/transformed/lifecycle-viewmodel-release because:
  Build cache is disabled
  Caching not enabled.
Caching disabled for LibrarySymbolTableTransform: /home/runner/.gradle/caches/transforms-4/8c57be880e3f80b7f3edf330f66a862c/transformed/lifecycle-runtime-release because:
  Build cache is disabled
  Caching not enabled.
Caching disabled for LibrarySymbolTableTransform: /home/runner/.gradle/caches/transforms-4/06641950cff4bfdb55fae8fa2445ec50/transformed/lifecycle-viewmodel-savedstate-2.8.2 because:
  Build cache is disabled
  Caching not enabled.
Caching disabled for LibrarySymbolTableTransform: /home/runner/.gradle/caches/transforms-4/23d761cd93b9a110f6c2616e2d2c6a37/transformed/lifecycle-viewmodel-ktx-2.8.2 because:
  Build cache is disabled
  Caching not enabled.
Caching disabled for LibrarySymbolTableTransform: /home/runner/.gradle/caches/transforms-4/dfb3cb54e2ac90827ba0350aeee3b7fa/transformed/lifecycle-viewmodel-compose-release because:
  Build cache is disabled
  Caching not enabled.
Caching disabled for LibrarySymbolTableTransform: /home/runner/.gradle/caches/transforms-4/7a7c935af36228e4d0507fa5e15344b6/transformed/ui-release because:
  Build cache is disabled
  Caching not enabled.
Caching disabled for LibrarySymbolTableTransform: /home/runner/.gradle/caches/transforms-4/74c0dbec5820d6e072a07f659d887010/transformed/autofill-1.0.0 because:
  Build cache is disabled
  Caching not enabled.
Caching disabled for LibrarySymbolTableTransform: /home/runner/.gradle/caches/transforms-4/e91d43edd169d12026c8450ba62b92db/transformed/core-1.13.1 because:
  Build cache is disabled
  Caching not enabled.
Caching disabled for LibrarySymbolTableTransform: /home/runner/.gradle/caches/transforms-4/d33bee1637304cf060ddfc55a5600f8f/transformed/core-ktx-1.13.1 because:
  Build cache is disabled
  Caching not enabled.
Caching disabled for LibrarySymbolTableTransform: /home/runner/.gradle/caches/transforms-4/dd42e38183cb7d9a90b69ba4cfad41b5/transformed/customview-poolingcontainer-1.0.0 because:
  Build cache is disabled
  Caching not enabled.
Caching disabled for LibrarySymbolTableTransform: /home/runner/.gradle/caches/transforms-4/3491be084682f777f2359a2bc8e00d91/transformed/room-runtime-2.6.1 because:
  Build cache is disabled
  Caching not enabled.
Caching disabled for LibrarySymbolTableTransform: /home/runner/.gradle/caches/transforms-4/4846b42d71b9682bc33dd8f717247987/transformed/room-ktx-2.6.1 because:
  Build cache is disabled
  Caching not enabled.
Caching disabled for LibrarySymbolTableTransform: /home/runner/.gradle/caches/transforms-4/cd4a2786e58cc42f09da01120e8ec02c/transformed/sqlite-framework-2.4.0 because:
  Build cache is disabled
  Caching not enabled.
Caching disabled for LibrarySymbolTableTransform: /home/runner/.gradle/caches/transforms-4/a2c1f44d85a58bea855e8e881fed3c91/transformed/sqlite-2.4.0 because:
  Build cache is disabled
  Caching not enabled.
Caching disabled for LibrarySymbolTableTransform: /home/runner/.gradle/caches/transforms-4/5373f9c4ad0a3edc85bee31e8d8d77dc/transformed/runtime-saveable-release because:
  Build cache is disabled
  Caching not enabled.
Caching disabled for LibrarySymbolTableTransform: /home/runner/.gradle/caches/transforms-4/efdcc402ed8e7fa891c97037c96eceec/transformed/annotation-experimental-1.4.0 because:
  Build cache is disabled
  Caching not enabled.
Caching disabled for LibrarySymbolTableTransform: /home/runner/.gradle/caches/transforms-4/7cb4d70bc8dce8c244de576ac198624d/transformed/runtime-release because:
  Build cache is disabled
  Caching not enabled.
Caching disabled for LibrarySymbolTableTransform: /home/runner/.gradle/caches/transforms-4/3b4cbc485de508abdcc6b67de782fc42/transformed/core-runtime-2.2.0 because:
  Build cache is disabled
  Caching not enabled.
Caching disabled for LibrarySymbolTableTransform: /home/runner/.gradle/caches/transforms-4/d1a8b21dc3a64323cc9bd8d7a9c1031b/transformed/interpolator-1.0.0 because:
  Build cache is disabled
  Caching not enabled.
Caching disabled for LibrarySymbolTableTransform: /home/runner/.gradle/caches/transforms-4/259b4b155bd65ae43561961fd4e59cfb/transformed/versionedparcelable-1.1.1 because:
  Build cache is disabled
  Caching not enabled.
Caching disabled for LibrarySymbolTableTransform: /home/runner/.gradle/caches/transforms-4/16e301cf918698b0162b7c845acd09ac/transformed/profileinstaller-1.3.1 because:
  Build cache is disabled
  Caching not enabled.
Caching disabled for LibrarySymbolTableTransform: /home/runner/.gradle/caches/transforms-4/d4dd02a3897b1441880b8fdd2da8ae00/transformed/startup-runtime-1.1.1 because:
  Build cache is disabled
  Caching not enabled.
Caching disabled for LibrarySymbolTableTransform: /home/runner/.gradle/caches/transforms-4/f2e9c73a68070fd6ad1518ac571d0953/transformed/tracing-1.0.0 because:
  Build cache is disabled
  Caching not enabled.
Caching disabled for task ':app:processDebugResources' because:
  Build cache is disabled
Task ':app:processDebugResources' is not up-to-date because:
  No history is available.
The input changes require a full rebuild for incremental task ':app:processDebugResources'.
Aapt output file /home/runner/work/AuraBrowse/AuraBrowse/app/build/intermediates/processed_res/debug/processDebugResources/out/resources-debug.ap_
Resolve mutations for :app:kspDebugKotlin (Thread[Execution worker Thread 2,5,main]) started.
:app:kspDebugKotlin (Thread[Execution worker Thread 2,5,main]) started.

> Task :app:checkDebugDuplicateClasses
Transforming activity-1.9.0.aar (androidx.activity:activity:1.9.0) with AarToClassTransform
Transforming activity-ktx-1.9.0.aar (androidx.activity:activity-ktx:1.9.0) with AarToClassTransform
Transforming material3-release.aar (androidx.compose.material3:material3-android:1.2.1) with AarToClassTransform
Transforming activity-compose-1.9.0.aar (androidx.activity:activity-compose:1.9.0) with AarToClassTransform
Transforming savedstate-ktx-1.2.1.aar (androidx.savedstate:savedstate-ktx:1.2.1) with AarToClassTransform
Transforming savedstate-1.2.1.aar (androidx.savedstate:savedstate:1.2.1) with AarToClassTransform
Transforming material-icons-core-release.aar (androidx.compose.material:material-icons-core-android:1.6.0) with AarToClassTransform
Transforming material-ripple-release.aar (androidx.compose.material:material-ripple-android:1.6.0) with AarToClassTransform
Caching disabled for AarToClassTransform: /home/runner/.gradle/caches/modules-2/files-2.1/androidx.activity/activity-ktx/1.9.0/5474c5da094e1b9b90d3e9d68b81a0d286b48fdd/activity-ktx-1.9.0.aar because:
  Build cache is disabled
  Caching not enabled.
Caching disabled for AarToClassTransform: /home/runner/.gradle/caches/modules-2/files-2.1/androidx.activity/activity/1.9.0/f555772773dbe054d7e5306bc490068ef1ba409e/activity-1.9.0.aar because:
  Build cache is disabled
  Caching not enabled.
Transforming animation-core-release.aar (androidx.compose.animation:animation-core-android:1.6.8) with AarToClassTransform
Transforming animation-release.aar (androidx.compose.animation:animation-android:1.6.8) with AarToClassTransform
Transforming foundation-layout-release.aar (androidx.compose.foundation:foundation-layout-android:1.6.8) with AarToClassTransform
Transforming foundation-release.aar (androidx.compose.foundation:foundation-android:1.6.8) with AarToClassTransform
Transforming ui-util-release.aar (androidx.compose.ui:ui-util-android:1.6.8) with AarToClassTransform
Transforming ui-unit-release.aar (androidx.compose.ui:ui-unit-android:1.6.8) with AarToClassTransform
Transforming ui-graphics-release.aar (androidx.compose.ui:ui-graphics-android:1.6.8) with AarToClassTransform
Transforming ui-geometry-release.aar (androidx.compose.ui:ui-geometry-android:1.6.8) with AarToClassTransform
Transforming ui-tooling-preview-release.aar (androidx.compose.ui:ui-tooling-preview-android:1.6.8) with AarToClassTransform
Transforming ui-text-release.aar (androidx.compose.ui:ui-text-android:1.6.8) with AarToClassTransform
Transforming emoji2-1.3.0.aar (androidx.emoji2:emoji2:1.3.0) with AarToClassTransform
Transforming lifecycle-process-2.8.2.aar (androidx.lifecycle:lifecycle-process:2.8.2) with AarToClassTransform
Transforming lifecycle-livedata-core-2.8.2.aar (androidx.lifecycle:lifecycle-livedata-core:2.8.2) with AarToClassTransform
Transforming lifecycle-runtime-ktx-release.aar (androidx.lifecycle:lifecycle-runtime-ktx-android:2.8.2) with AarToClassTransform
Transforming lifecycle-viewmodel-release.aar (androidx.lifecycle:lifecycle-viewmodel-android:2.8.2) with AarToClassTransform
Transforming lifecycle-runtime-release.aar (androidx.lifecycle:lifecycle-runtime-android:2.8.2) with AarToClassTransform
Transforming lifecycle-viewmodel-savedstate-2.8.2.aar (androidx.lifecycle:lifecycle-viewmodel-savedstate:2.8.2) with AarToClassTransform
Transforming lifecycle-viewmodel-ktx-2.8.2.aar (androidx.lifecycle:lifecycle-viewmodel-ktx:2.8.2) with AarToClassTransform
Transforming lifecycle-viewmodel-compose-release.aar (androidx.lifecycle:lifecycle-viewmodel-compose-android:2.8.2) with AarToClassTransform
Transforming activity-ktx-1.9.0.aar (androidx.activity:activity-ktx:1.9.0) with EnumerateClassesTransform
Transforming ui-release.aar (androidx.compose.ui:ui-android:1.6.8) with AarToClassTransform
Transforming autofill-1.0.0.aar (androidx.autofill:autofill:1.0.0) with AarToClassTransform
Transforming core-1.13.1.aar (androidx.core:core:1.13.1) with AarToClassTransform
Transforming core-1.13.1.aar (androidx.core:core:1.13.1) with AarToClassTransform
Caching disabled for EnumerateClassesTransform: /home/runner/.gradle/caches/transforms-4/0943ad4fc638f6dcb46a8ae365be5411/transformed/activity-ktx-1.9.0-runtime.jar because:
  Build cache is disabled
Transforming customview-poolingcontainer-1.0.0.aar (androidx.customview:customview-poolingcontainer:1.0.0) with AarToClassTransform
Transforming core-ktx-1.13.1.aar (androidx.core:core-ktx:1.13.1) with AarToClassTransform
Transforming room-common-2.6.1.jar (androidx.room:room-common:2.6.1) with IdentityTransform
Transforming room-runtime-2.6.1.aar (androidx.room:room-runtime:2.6.1) with AarToClassTransform
Transforming room-ktx-2.6.1.aar (androidx.room:room-ktx:2.6.1) with AarToClassTransform
Transforming sqlite-framework-2.4.0.aar (androidx.sqlite:sqlite-framework:2.4.0) with AarToClassTransform
Transforming sqlite-2.4.0.aar (androidx.sqlite:sqlite:2.4.0) with AarToClassTransform
Transforming annotation-experimental-1.4.0.aar (androidx.annotation:annotation-experimental:1.4.0) with AarToClassTransform
Transforming runtime-saveable-release.aar (androidx.compose.runtime:runtime-saveable-android:1.6.8) with AarToClassTransform
Transforming runtime-release.aar (androidx.compose.runtime:runtime-android:1.6.8) with AarToClassTransform
Transforming core-runtime-2.2.0.aar (androidx.arch.core:core-runtime:2.2.0) with AarToClassTransform
Transforming interpolator-1.0.0.aar (androidx.interpolator:interpolator:1.0.0) with AarToClassTransform
Transforming versionedparcelable-1.1.1.aar (androidx.versionedparcelable:versionedparcelable:1.1.1) with AarToClassTransform
Transforming profileinstaller-1.3.1.aar (androidx.profileinstaller:profileinstaller:1.3.1) with AarToClassTransform
Transforming startup-runtime-1.1.1.aar (androidx.startup:startup-runtime:1.1.1) with AarToClassTransform
Transforming tracing-1.0.0.aar (androidx.tracing:tracing:1.0.0) with AarToClassTransform
Caching disabled for AarToClassTransform: /home/runner/.gradle/caches/modules-2/files-2.1/androidx.activity/activity-compose/1.9.0/7b9fa701aa5adfbc3d47e41be400d6d57b70fb3a/activity-compose-1.9.0.aar because:
  Build cache is disabled
  Caching not enabled.
Caching disabled for AarToClassTransform: /home/runner/.gradle/caches/modules-2/files-2.1/androidx.savedstate/savedstate-ktx/1.2.1/b86d338d91b1c26193a42b1d87be9bb02123fa16/savedstate-ktx-1.2.1.aar because:
  Build cache is disabled
  Caching not enabled.
Transforming savedstate-ktx-1.2.1.aar (androidx.savedstate:savedstate-ktx:1.2.1) with EnumerateClassesTransform
Caching disabled for EnumerateClassesTransform: /home/runner/.gradle/caches/transforms-4/42dd774e64b84e35ae1c5cfff5f13947/transformed/savedstate-ktx-1.2.1-runtime.jar because:
  Build cache is disabled
Caching disabled for AarToClassTransform: /home/runner/.gradle/caches/modules-2/files-2.1/androidx.savedstate/savedstate/1.2.1/e364fc9dec32aa569d855f85864e50250318a093/savedstate-1.2.1.aar because:
  Build cache is disabled
  Caching not enabled.
Transforming activity-1.9.0.aar (androidx.activity:activity:1.9.0) with EnumerateClassesTransform
Transforming savedstate-1.2.1.aar (androidx.savedstate:savedstate:1.2.1) with EnumerateClassesTransform
Caching disabled for EnumerateClassesTransform: /home/runner/.gradle/caches/transforms-4/9ca9eca7c9077383523504b0c9815ea4/transformed/activity-1.9.0-runtime.jar because:
  Build cache is disabled
Caching disabled for AarToClassTransform: /home/runner/.gradle/caches/modules-2/files-2.1/androidx.compose.material/material-icons-core-android/1.6.0/392feaeeebc7b4cea64b41a5509f84a153731c0/material-icons-core-release.aar because:
  Build cache is disabled
  Caching not enabled.
Caching disabled for EnumerateClassesTransform: /home/runner/.gradle/caches/transforms-4/f0e41b6ec5d1025a8b360682d94a64cd/transformed/savedstate-1.2.1-runtime.jar because:
  Build cache is disabled
Caching disabled for AarToClassTransform: /home/runner/.gradle/caches/modules-2/files-2.1/androidx.compose.material/material-ripple-android/1.6.0/58b3bb04858ab72f1b9bf5909e0daf091eb01224/material-ripple-release.aar because:
  Build cache is disabled
  Caching not enabled.
Transforming activity-compose-1.9.0.aar (androidx.activity:activity-compose:1.9.0) with EnumerateClassesTransform
Caching disabled for EnumerateClassesTransform: /home/runner/.gradle/caches/transforms-4/8d87dd51f4d25fc1c60068aa8c95eb19/transformed/activity-compose-1.9.0-runtime.jar because:
  Build cache is disabled
Transforming material-ripple-release.aar (androidx.compose.material:material-ripple-android:1.6.0) with EnumerateClassesTransform
Caching disabled for AarToClassTransform: /home/runner/.gradle/caches/modules-2/files-2.1/androidx.compose.animation/animation-core-android/1.6.8/fbd8dd83ae1e9a99de28f2d2843842500d2991a1/animation-core-release.aar because:
  Build cache is disabled
  Caching not enabled.
Caching disabled for EnumerateClassesTransform: /home/runner/.gradle/caches/transforms-4/603a478843891a0ce6980156b0aa27ef/transformed/material-ripple-release-runtime.jar because:
  Build cache is disabled
Caching disabled for AarToClassTransform: /home/runner/.gradle/caches/modules-2/files-2.1/androidx.compose.animation/animation-android/1.6.8/9738170c0e7188e9a81f9131f1462b872ac70348/animation-release.aar because:
  Build cache is disabled
  Caching not enabled.
Transforming material-icons-core-release.aar (androidx.compose.material:material-icons-core-android:1.6.0) with EnumerateClassesTransform
Caching disabled for EnumerateClassesTransform: /home/runner/.gradle/caches/transforms-4/b8af375f57ce3326fda97a35682537f1/transformed/material-icons-core-release-runtime.jar because:
  Build cache is disabled
Transforming animation-core-release.aar (androidx.compose.animation:animation-core-android:1.6.8) with EnumerateClassesTransform
Transforming animation-release.aar (androidx.compose.animation:animation-android:1.6.8) with EnumerateClassesTransform
Caching disabled for AarToClassTransform: /home/runner/.gradle/caches/modules-2/files-2.1/androidx.compose.foundation/foundation-layout-android/1.6.8/1116984def629254a4778e2537b9a71e481ab108/foundation-layout-release.aar because:
  Build cache is disabled
  Caching not enabled.
Caching disabled for EnumerateClassesTransform: /home/runner/.gradle/caches/transforms-4/4f3e4b074236d3162276d19dfc50c98f/transformed/animation-release-runtime.jar because:
  Build cache is disabled
Caching disabled for EnumerateClassesTransform: /home/runner/.gradle/caches/transforms-4/8c81e34004d7ba93a34c9a259097c82d/transformed/animation-core-release-runtime.jar because:
  Build cache is disabled
Caching disabled for AarToClassTransform: /home/runner/.gradle/caches/modules-2/files-2.1/androidx.compose.foundation/foundation-android/1.6.8/e89eb773236627b844b30aa577835656af12fcf9/foundation-release.aar because:
  Build cache is disabled
  Caching not enabled.
Caching disabled for AarToClassTransform: /home/runner/.gradle/caches/modules-2/files-2.1/androidx.compose.ui/ui-util-android/1.6.8/d1d3efd637514531d2d8bb6b9c9232b0c4e1db5f/ui-util-release.aar because:
  Build cache is disabled
  Caching not enabled.
Transforming ui-util-release.aar (androidx.compose.ui:ui-util-android:1.6.8) with EnumerateClassesTransform
Caching disabled for EnumerateClassesTransform: /home/runner/.gradle/caches/transforms-4/0b585d5de871af6ec2cb487e00fba907/transformed/ui-util-release-runtime.jar because:
  Build cache is disabled
Caching disabled for AarToClassTransform: /home/runner/.gradle/caches/modules-2/files-2.1/androidx.compose.ui/ui-unit-android/1.6.8/f0db04ece5465e7896040dc069d1ce2444684c12/ui-unit-release.aar because:
  Build cache is disabled
  Caching not enabled.
Transforming ui-unit-release.aar (androidx.compose.ui:ui-unit-android:1.6.8) with EnumerateClassesTransform
Caching disabled for EnumerateClassesTransform: /home/runner/.gradle/caches/transforms-4/d1df9b869d032741dcdfdb20b1ac0f4f/transformed/ui-unit-release-runtime.jar because:
  Build cache is disabled
Caching disabled for AarToClassTransform: /home/runner/.gradle/caches/modules-2/files-2.1/androidx.compose.ui/ui-graphics-android/1.6.8/8b49e8408cc4440cdd4b7ac1a31da92a1644570f/ui-graphics-release.aar because:
  Build cache is disabled
  Caching not enabled.
Transforming foundation-layout-release.aar (androidx.compose.foundation:foundation-layout-android:1.6.8) with EnumerateClassesTransform
Caching disabled for EnumerateClassesTransform: /home/runner/.gradle/caches/transforms-4/0132eb654ec1a6849249080f6ca720f6/transformed/foundation-layout-release-runtime.jar because:
  Build cache is disabled
Transforming ui-graphics-release.aar (androidx.compose.ui:ui-graphics-android:1.6.8) with EnumerateClassesTransform
Caching disabled for AarToClassTransform: /home/runner/.gradle/caches/modules-2/files-2.1/androidx.compose.ui/ui-geometry-android/1.6.8/ba13d58d5b5cfc483a364cc4f1f7135209c5c131/ui-geometry-release.aar because:
  Build cache is disabled
  Caching not enabled.
Caching disabled for EnumerateClassesTransform: /home/runner/.gradle/caches/transforms-4/08a1fe4924fc1ab4983a67822bef4d5e/transformed/ui-graphics-release-runtime.jar because:
  Build cache is disabled
Transforming ui-geometry-release.aar (androidx.compose.ui:ui-geometry-android:1.6.8) with EnumerateClassesTransform
Caching disabled for EnumerateClassesTransform: /home/runner/.gradle/caches/transforms-4/fcdc404da6297cf7d5281668fa42af45/transformed/ui-geometry-release-runtime.jar because:
  Build cache is disabled
Caching disabled for AarToClassTransform: /home/runner/.gradle/caches/modules-2/files-2.1/androidx.compose.ui/ui-tooling-preview-android/1.6.8/ae4fa0a62fa697326ae236ff9699298d70c3a0da/ui-tooling-preview-release.aar because:
  Build cache is disabled
  Caching not enabled.
Caching disabled for AarToClassTransform: /home/runner/.gradle/caches/modules-2/files-2.1/androidx.compose.ui/ui-text-android/1.6.8/2395fc8576ef18421e021e90fed09e4e1e555f81/ui-text-release.aar because:
  Build cache is disabled
  Caching not enabled.
Transforming ui-tooling-preview-release.aar (androidx.compose.ui:ui-tooling-preview-android:1.6.8) with EnumerateClassesTransform
Caching disabled for EnumerateClassesTransform: /home/runner/.gradle/caches/transforms-4/1fcf6dfd33e2a5c7a7ccb54e0b5dfc5e/transformed/ui-tooling-preview-release-runtime.jar because:
  Build cache is disabled
Caching disabled for AarToClassTransform: /home/runner/.gradle/caches/modules-2/files-2.1/androidx.emoji2/emoji2/1.3.0/37ed42991ddf77924510472dba632314aab1c9d9/emoji2-1.3.0.aar because:
  Build cache is disabled
  Caching not enabled.
Transforming emoji2-1.3.0.aar (androidx.emoji2:emoji2:1.3.0) with EnumerateClassesTransform
Caching disabled for EnumerateClassesTransform: /home/runner/.gradle/caches/transforms-4/a9966c49a2073b2cc0b5da5d2e3472ee/transformed/emoji2-1.3.0-runtime.jar because:
  Build cache is disabled
Caching disabled for AarToClassTransform: /home/runner/.gradle/caches/modules-2/files-2.1/androidx.lifecycle/lifecycle-process/2.8.2/ec6bd05611e57b6b4860099130499344722eb020/lifecycle-process-2.8.2.aar because:
  Build cache is disabled
  Caching not enabled.
Transforming lifecycle-process-2.8.2.aar (androidx.lifecycle:lifecycle-process:2.8.2) with EnumerateClassesTransform
Caching disabled for EnumerateClassesTransform: /home/runner/.gradle/caches/transforms-4/a3aae60b3bf677c60bebe1bec9f1cba3/transformed/lifecycle-process-2.8.2-runtime.jar because:
  Build cache is disabled
Caching disabled for AarToClassTransform: /home/runner/.gradle/caches/modules-2/files-2.1/androidx.lifecycle/lifecycle-livedata-core/2.8.2/e16707baf014237e13d4f15b8cc02453c74c129f/lifecycle-livedata-core-2.8.2.aar because:
  Build cache is disabled
  Caching not enabled.
Transforming lifecycle-livedata-core-2.8.2.aar (androidx.lifecycle:lifecycle-livedata-core:2.8.2) with EnumerateClassesTransform
Caching disabled for EnumerateClassesTransform: /home/runner/.gradle/caches/transforms-4/2cafb161aaf215cef40caa9d59aed4f0/transformed/lifecycle-livedata-core-2.8.2-runtime.jar because:
  Build cache is disabled
Transforming ui-text-release.aar (androidx.compose.ui:ui-text-android:1.6.8) with EnumerateClassesTransform
Caching disabled for EnumerateClassesTransform: /home/runner/.gradle/caches/transforms-4/787ebcdc22a0b186bbc9e79c89badf65/transformed/ui-text-release-runtime.jar because:
  Build cache is disabled
Caching disabled for AarToClassTransform: /home/runner/.gradle/caches/modules-2/files-2.1/androidx.lifecycle/lifecycle-runtime-ktx-android/2.8.2/7fa91b90c7e8efc55f058e23a3381981b4858c80/lifecycle-runtime-ktx-release.aar because:
  Build cache is disabled
  Caching not enabled.
Transforming lifecycle-runtime-ktx-release.aar (androidx.lifecycle:lifecycle-runtime-ktx-android:2.8.2) with EnumerateClassesTransform
Caching disabled for EnumerateClassesTransform: /home/runner/.gradle/caches/transforms-4/555f91d311e4227e46273a9bfa5daa48/transformed/lifecycle-runtime-ktx-release-runtime.jar because:
  Build cache is disabled
Caching disabled for AarToClassTransform: /home/runner/.gradle/caches/modules-2/files-2.1/androidx.lifecycle/lifecycle-viewmodel-android/2.8.2/3b2161a03e902d15dbca56fdd1d9550a5bf261dc/lifecycle-viewmodel-release.aar because:
  Build cache is disabled
  Caching not enabled.
Transforming lifecycle-viewmodel-release.aar (androidx.lifecycle:lifecycle-viewmodel-android:2.8.2) with EnumerateClassesTransform
Caching disabled for EnumerateClassesTransform: /home/runner/.gradle/caches/transforms-4/78bc4ea27c0fea0ce39e38a5f482edd9/transformed/lifecycle-viewmodel-release-runtime.jar because:
  Build cache is disabled
Transforming foundation-release.aar (androidx.compose.foundation:foundation-android:1.6.8) with EnumerateClassesTransform
Caching disabled for AarToClassTransform: /home/runner/.gradle/caches/modules-2/files-2.1/androidx.lifecycle/lifecycle-runtime-android/2.8.2/dffce2e5bebea8dc27ec3e6d4ed75d1f13013bb2/lifecycle-runtime-release.aar because:
  Build cache is disabled
  Caching not enabled.
Downloading https://dl.google.com/dl/android/maven2/androidx/lifecycle/lifecycle-common-jvm/2.8.2/lifecycle-common-jvm-2.8.2.jar to /home/runner/.gradle/.tmp/gradle_download9351080548509241181bin
Transforming lifecycle-common-jvm-2.8.2.jar (androidx.lifecycle:lifecycle-common-jvm:2.8.2) with IdentityTransform
Caching disabled for IdentityTransform: /home/runner/.gradle/caches/modules-2/files-2.1/androidx.lifecycle/lifecycle-common-jvm/2.8.2/7174a594afb73a9ad9ac9074ce78b94af3cc52a7/lifecycle-common-jvm-2.8.2.jar because:
  Build cache is disabled
  Caching not enabled.
Transforming lifecycle-runtime-release.aar (androidx.lifecycle:lifecycle-runtime-android:2.8.2) with EnumerateClassesTransform
Caching disabled for EnumerateClassesTransform: /home/runner/.gradle/caches/transforms-4/0990db494ddd17e188c880ed68ce4d08/transformed/lifecycle-runtime-release-runtime.jar because:
  Build cache is disabled
Transforming lifecycle-common-jvm-2.8.2.jar (androidx.lifecycle:lifecycle-common-jvm:2.8.2) with EnumerateClassesTransform
Caching disabled for EnumerateClassesTransform: /home/runner/.gradle/caches/modules-2/files-2.1/androidx.lifecycle/lifecycle-common-jvm/2.8.2/7174a594afb73a9ad9ac9074ce78b94af3cc52a7/lifecycle-common-jvm-2.8.2.jar because:
  Build cache is disabled
Caching disabled for EnumerateClassesTransform: /home/runner/.gradle/caches/transforms-4/6d67b8d48ec5c9906baef0c2573479f0/transformed/foundation-release-runtime.jar because:
  Build cache is disabled
Caching disabled for AarToClassTransform: /home/runner/.gradle/caches/modules-2/files-2.1/androidx.lifecycle/lifecycle-viewmodel-savedstate/2.8.2/79f175c9c83cce85a1b745344faf143f346a1148/lifecycle-viewmodel-savedstate-2.8.2.aar because:
  Build cache is disabled
  Caching not enabled.
Transforming lifecycle-viewmodel-savedstate-2.8.2.aar (androidx.lifecycle:lifecycle-viewmodel-savedstate:2.8.2) with EnumerateClassesTransform
Caching disabled for EnumerateClassesTransform: /home/runner/.gradle/caches/transforms-4/7999098b47d8510ce2988eb285e85039/transformed/lifecycle-viewmodel-savedstate-2.8.2-runtime.jar because:
  Build cache is disabled
Caching disabled for AarToClassTransform: /home/runner/.gradle/caches/modules-2/files-2.1/androidx.lifecycle/lifecycle-viewmodel-ktx/2.8.2/e86428bc856c2225d640531cc72d9e377d6bee62/lifecycle-viewmodel-ktx-2.8.2.aar because:
  Build cache is disabled
  Caching not enabled.
Caching disabled for AarToClassTransform: /home/runner/.gradle/caches/modules-2/files-2.1/androidx.lifecycle/lifecycle-viewmodel-compose-android/2.8.2/d90c853825b828f8c46ebb6266bcb997e376304c/lifecycle-viewmodel-compose-release.aar because:
  Build cache is disabled
  Caching not enabled.
Transforming lifecycle-viewmodel-ktx-2.8.2.aar (androidx.lifecycle:lifecycle-viewmodel-ktx:2.8.2) with EnumerateClassesTransform
Caching disabled for EnumerateClassesTransform: /home/runner/.gradle/caches/transforms-4/c8e03aed680814adcd821c43ba385876/transformed/lifecycle-viewmodel-ktx-2.8.2-runtime.jar because:
  Build cache is disabled
Transforming lifecycle-viewmodel-compose-release.aar (androidx.lifecycle:lifecycle-viewmodel-compose-android:2.8.2) with EnumerateClassesTransform
Caching disabled for EnumerateClassesTransform: /home/runner/.gradle/caches/transforms-4/28d539cf4f8ce7e3987aafbfd940c088/transformed/lifecycle-viewmodel-compose-release-runtime.jar because:
  Build cache is disabled
Caching disabled for AarToClassTransform: /home/runner/.gradle/caches/modules-2/files-2.1/androidx.compose.ui/ui-android/1.6.8/328694c84a63d2d3d06cec633928f5ab64d0ed1e/ui-release.aar because:
  Build cache is disabled
  Caching not enabled.
Caching disabled for AarToClassTransform: /home/runner/.gradle/caches/modules-2/files-2.1/androidx.autofill/autofill/1.0.0/d95a6e3b895ad8f037dd01d88c87138b6d5eb507/autofill-1.0.0.aar because:
  Build cache is disabled
  Caching not enabled.
Transforming autofill-1.0.0.aar (androidx.autofill:autofill:1.0.0) with EnumerateClassesTransform
Caching disabled for EnumerateClassesTransform: /home/runner/.gradle/caches/transforms-4/1b721357372dbebc0e048ffdd2eb5d4a/transformed/autofill-1.0.0-runtime.jar because:
  Build cache is disabled
Caching disabled for AarToClassTransform: /home/runner/.gradle/caches/modules-2/files-2.1/androidx.core/core/1.13.1/4606d420282fe1e5c8d5c4e647ec188e1045b7be/core-1.13.1.aar because:
  Build cache is disabled
  Caching not enabled.
Caching disabled for AarToClassTransform: /home/runner/.gradle/caches/modules-2/files-2.1/androidx.compose.material3/material3-android/1.2.1/bbb13fec1193eecdeccb40452ff184826f4385a2/material3-release.aar because:
  Build cache is disabled
  Caching not enabled.
Downloading https://dl.google.com/dl/android/maven2/androidx/lifecycle/lifecycle-common-java8/2.8.2/lifecycle-common-java8-2.8.2.jar to /home/runner/.gradle/.tmp/gradle_download6134597623196437130bin
Transforming lifecycle-common-java8-2.8.2.jar (androidx.lifecycle:lifecycle-common-java8:2.8.2) with IdentityTransform
Caching disabled for IdentityTransform: /home/runner/.gradle/caches/modules-2/files-2.1/androidx.lifecycle/lifecycle-common-java8/2.8.2/2ad14aed781c4a73ed4dbb421966d408a0a06686/lifecycle-common-java8-2.8.2.jar because:
  Build cache is disabled
  Caching not enabled.
Transforming lifecycle-common-java8-2.8.2.jar (androidx.lifecycle:lifecycle-common-java8:2.8.2) with EnumerateClassesTransform
Caching disabled for EnumerateClassesTransform: /home/runner/.gradle/caches/modules-2/files-2.1/androidx.lifecycle/lifecycle-common-java8/2.8.2/2ad14aed781c4a73ed4dbb421966d408a0a06686/lifecycle-common-java8-2.8.2.jar because:
  Build cache is disabled
Transforming core-1.13.1.aar (androidx.core:core:1.13.1) with EnumerateClassesTransform
Transforming core-1.13.1.aar (androidx.core:core:1.13.1) with EnumerateClassesTransform
Caching disabled for EnumerateClassesTransform: /home/runner/.gradle/caches/transforms-4/bafa12d9fe45a0e80f234c1e65282312/transformed/core-1.13.1-runtime.jar because:
  Build cache is disabled
Transforming ui-release.aar (androidx.compose.ui:ui-android:1.6.8) with EnumerateClassesTransform
Caching disabled for AarToClassTransform: /home/runner/.gradle/caches/modules-2/files-2.1/androidx.core/core-ktx/1.13.1/f595b8c10fad9099f71a3c1fc6ded1c9b5010190/core-ktx-1.13.1.aar because:
  Build cache is disabled
  Caching not enabled.
Caching disabled for AarToClassTransform: /home/runner/.gradle/caches/modules-2/files-2.1/androidx.customview/customview-poolingcontainer/1.0.0/579fc832cf0e5be08d8d9571850b50d22d9de3c/customview-poolingcontainer-1.0.0.aar because:
  Build cache is disabled
  Caching not enabled.
Transforming customview-poolingcontainer-1.0.0.aar (androidx.customview:customview-poolingcontainer:1.0.0) with EnumerateClassesTransform
Caching disabled for EnumerateClassesTransform: /home/runner/.gradle/caches/transforms-4/027679fba0af05d6d0cf31848c49e513/transformed/customview-poolingcontainer-1.0.0-runtime.jar because:
  Build cache is disabled
Caching disabled for IdentityTransform: /home/runner/.gradle/caches/modules-2/files-2.1/androidx.room/room-common/2.6.1/ff1b9580850a9b7eef56554e356628d225785265/room-common-2.6.1.jar because:
  Build cache is disabled
  Caching not enabled.
Transforming room-common-2.6.1.jar (androidx.room:room-common:2.6.1) with EnumerateClassesTransform
Caching disabled for EnumerateClassesTransform: /home/runner/.gradle/caches/modules-2/files-2.1/androidx.room/room-common/2.6.1/ff1b9580850a9b7eef56554e356628d225785265/room-common-2.6.1.jar because:
  Build cache is disabled
Transforming core-ktx-1.13.1.aar (androidx.core:core-ktx:1.13.1) with EnumerateClassesTransform
Caching disabled for AarToClassTransform: /home/runner/.gradle/caches/modules-2/files-2.1/androidx.room/room-runtime/2.6.1/3ebcd7683411c298dd8aeee635f452c96eaf319/room-runtime-2.6.1.aar because:
  Build cache is disabled
  Caching not enabled.
Caching disabled for EnumerateClassesTransform: /home/runner/.gradle/caches/transforms-4/9532196cafc2333e6ff3f3b640f6ebbc/transformed/core-ktx-1.13.1-runtime.jar because:
  Build cache is disabled
Caching disabled for AarToClassTransform: /home/runner/.gradle/caches/modules-2/files-2.1/androidx.room/room-ktx/2.6.1/1f353808ec8a8b2d0a554d2a3f43f0829982df60/room-ktx-2.6.1.aar because:
  Build cache is disabled
  Caching not enabled.
Transforming room-ktx-2.6.1.aar (androidx.room:room-ktx:2.6.1) with EnumerateClassesTransform
Transforming room-runtime-2.6.1.aar (androidx.room:room-runtime:2.6.1) with EnumerateClassesTransform
Caching disabled for EnumerateClassesTransform: /home/runner/.gradle/caches/transforms-4/71198453958e7fbf295d7c6ab9a34e3f/transformed/room-ktx-2.6.1-runtime.jar because:
  Build cache is disabled
Caching disabled for EnumerateClassesTransform: /home/runner/.gradle/caches/transforms-4/5c9d368d239b7ae8ad1bccad935c1562/transformed/room-runtime-2.6.1-runtime.jar because:
  Build cache is disabled
Caching disabled for EnumerateClassesTransform: /home/runner/.gradle/caches/transforms-4/ebf7bbc3238dab3b2ccce1b87a710962/transformed/ui-release-runtime.jar because:
  Build cache is disabled
Caching disabled for AarToClassTransform: /home/runner/.gradle/caches/modules-2/files-2.1/androidx.sqlite/sqlite-framework/2.4.0/532d56a4f312d78767534ff1cc2f8084baec6c26/sqlite-framework-2.4.0.aar because:
  Build cache is disabled
  Caching not enabled.
Caching disabled for AarToClassTransform: /home/runner/.gradle/caches/modules-2/files-2.1/androidx.sqlite/sqlite/2.4.0/cc553e5621c8ad4e233059a724100afa9e2fd1f4/sqlite-2.4.0.aar because:
  Build cache is disabled
  Caching not enabled.
Caching disabled for AarToClassTransform: /home/runner/.gradle/caches/modules-2/files-2.1/androidx.annotation/annotation-experimental/1.4.0/c7a2038d831d0cfbfb9a440890b287c2e839ecf/annotation-experimental-1.4.0.aar because:
  Build cache is disabled
  Caching not enabled.
Transforming sqlite-framework-2.4.0.aar (androidx.sqlite:sqlite-framework:2.4.0) with EnumerateClassesTransform
Caching disabled for EnumerateClassesTransform: /home/runner/.gradle/caches/transforms-4/37756271ae6d85d4d08ea350d08e75fe/transformed/sqlite-framework-2.4.0-runtime.jar because:
  Build cache is disabled
Transforming annotation-experimental-1.4.0.aar (androidx.annotation:annotation-experimental:1.4.0) with EnumerateClassesTransform
Transforming sqlite-2.4.0.aar (androidx.sqlite:sqlite:2.4.0) with EnumerateClassesTransform
Caching disabled for EnumerateClassesTransform: /home/runner/.gradle/caches/transforms-4/9699b59ca490a7d89665c3f2f1295b1d/transformed/annotation-experimental-1.4.0-runtime.jar because:
  Build cache is disabled
Caching disabled for EnumerateClassesTransform: /home/runner/.gradle/caches/transforms-4/7fcdd08a2424b2dd1d847a1ed519e457/transformed/sqlite-2.4.0-runtime.jar because:
  Build cache is disabled
Caching disabled for AarToClassTransform: /home/runner/.gradle/caches/modules-2/files-2.1/androidx.compose.runtime/runtime-saveable-android/1.6.8/179a9d4c93f63b76814a0c29030dc42d8812b19/runtime-saveable-release.aar because:
  Build cache is disabled
  Caching not enabled.
Downloading https://repo.maven.apache.org/maven2/com/squareup/okhttp3/okhttp/4.12.0/okhttp-4.12.0.jar to /home/runner/.gradle/.tmp/gradle_download5623361916550725258bin
Transforming material3-release.aar (androidx.compose.material3:material3-android:1.2.1) with EnumerateClassesTransform
Transforming runtime-saveable-release.aar (androidx.compose.runtime:runtime-saveable-android:1.6.8) with EnumerateClassesTransform
Caching disabled for EnumerateClassesTransform: /home/runner/.gradle/caches/transforms-4/3c1ee7e73000b613e92724faee340db9/transformed/runtime-saveable-release-runtime.jar because:
  Build cache is disabled
Caching disabled for AarToClassTransform: /home/runner/.gradle/caches/modules-2/files-2.1/androidx.compose.runtime/runtime-android/1.6.8/affd49c7395c4aa06adf14918737b3fcdd5f7fc6/runtime-release.aar because:
  Build cache is disabled
  Caching not enabled.
Downloading https://repo.maven.apache.org/maven2/com/squareup/okio/okio-jvm/3.6.0/okio-jvm-3.6.0.jar to /home/runner/.gradle/.tmp/gradle_download6910586112909737602bin
Transforming okhttp-4.12.0.jar (com.squareup.okhttp3:okhttp:4.12.0) with IdentityTransform
Caching disabled for IdentityTransform: /home/runner/.gradle/caches/modules-2/files-2.1/com.squareup.okhttp3/okhttp/4.12.0/2f4525d4a200e97e1b87449c2cd9bd2e25b7e8cd/okhttp-4.12.0.jar because:
  Build cache is disabled
  Caching not enabled.
Transforming okhttp-4.12.0.jar (com.squareup.okhttp3:okhttp:4.12.0) with EnumerateClassesTransform
Caching disabled for EnumerateClassesTransform: /home/runner/.gradle/caches/transforms-4/f25134f0d10c4ec983a86be5d12f423a/transformed/material3-release-runtime.jar because:
  Build cache is disabled
Caching disabled for AarToClassTransform: /home/runner/.gradle/caches/modules-2/files-2.1/androidx.arch.core/core-runtime/2.2.0/39705982680d78556b679ef9d5400d4f17509b0b/core-runtime-2.2.0.aar because:
  Build cache is disabled
  Caching not enabled.
Transforming okio-jvm-3.6.0.jar (com.squareup.okio:okio-jvm:3.6.0) with IdentityTransform
Transforming core-runtime-2.2.0.aar (androidx.arch.core:core-runtime:2.2.0) with EnumerateClassesTransform
Caching disabled for IdentityTransform: /home/runner/.gradle/caches/modules-2/files-2.1/com.squareup.okio/okio-jvm/3.6.0/5600569133b7bdefe1daf9ec7f4abeb6d13e1786/okio-jvm-3.6.0.jar because:
  Build cache is disabled
  Caching not enabled.
Caching disabled for EnumerateClassesTransform: /home/runner/.gradle/caches/transforms-4/add564ff7a9a9233ddf91b39c309a0ad/transformed/core-runtime-2.2.0-runtime.jar because:
  Build cache is disabled
Transforming okio-jvm-3.6.0.jar (com.squareup.okio:okio-jvm:3.6.0) with EnumerateClassesTransform
Caching disabled for AarToClassTransform: /home/runner/.gradle/caches/modules-2/files-2.1/androidx.interpolator/interpolator/1.0.0/8a01fa254a23b9388571eb6334b03707c7d122d7/interpolator-1.0.0.aar because:
  Build cache is disabled
  Caching not enabled.
Caching disabled for EnumerateClassesTransform: /home/runner/.gradle/caches/modules-2/files-2.1/com.squareup.okhttp3/okhttp/4.12.0/2f4525d4a200e97e1b87449c2cd9bd2e25b7e8cd/okhttp-4.12.0.jar because:
  Build cache is disabled
Transforming interpolator-1.0.0.aar (androidx.interpolator:interpolator:1.0.0) with EnumerateClassesTransform
Caching disabled for AarToClassTransform: /home/runner/.gradle/caches/modules-2/files-2.1/androidx.versionedparcelable/versionedparcelable/1.1.1/18e18071e7715679e0593c570217edeb5ca48b9e/versionedparcelable-1.1.1.aar because:
  Build cache is disabled
  Caching not enabled.
Caching disabled for EnumerateClassesTransform: /home/runner/.gradle/caches/transforms-4/4e2243852a99a9b2e1fd70da3a2d9989/transformed/interpolator-1.0.0-runtime.jar because:
  Build cache is disabled
Transforming versionedparcelable-1.1.1.aar (androidx.versionedparcelable:versionedparcelable:1.1.1) with EnumerateClassesTransform
Caching disabled for EnumerateClassesTransform: /home/runner/.gradle/caches/modules-2/files-2.1/com.squareup.okio/okio-jvm/3.6.0/5600569133b7bdefe1daf9ec7f4abeb6d13e1786/okio-jvm-3.6.0.jar because:
  Build cache is disabled
Caching disabled for EnumerateClassesTransform: /home/runner/.gradle/caches/transforms-4/6adc7be0b81590a7214fdc2f2c7efbf5/transformed/versionedparcelable-1.1.1-runtime.jar because:
  Build cache is disabled
Caching disabled for AarToClassTransform: /home/runner/.gradle/caches/modules-2/files-2.1/androidx.profileinstaller/profileinstaller/1.3.1/c0bac819b4f88a648011542273373d1e5093e3a7/profileinstaller-1.3.1.aar because:
  Build cache is disabled
  Caching not enabled.
Caching disabled for AarToClassTransform: /home/runner/.gradle/caches/modules-2/files-2.1/androidx.startup/startup-runtime/1.1.1/9d4ba67056aff98b69eadc1477c19a1e67cb9470/startup-runtime-1.1.1.aar because:
  Build cache is disabled
  Caching not enabled.
Transforming startup-runtime-1.1.1.aar (androidx.startup:startup-runtime:1.1.1) with EnumerateClassesTransform
Transforming profileinstaller-1.3.1.aar (androidx.profileinstaller:profileinstaller:1.3.1) with EnumerateClassesTransform
Caching disabled for EnumerateClassesTransform: /home/runner/.gradle/caches/transforms-4/9ccd6305875ba78bb4b1d62dbbfe6a95/transformed/profileinstaller-1.3.1-runtime.jar because:
  Build cache is disabled
Caching disabled for AarToClassTransform: /home/runner/.gradle/caches/modules-2/files-2.1/androidx.tracing/tracing/1.0.0/69cef34711dffbc517e7a0a419ec4a98f84f496a/tracing-1.0.0.aar because:
  Build cache is disabled
  Caching not enabled.
Caching disabled for EnumerateClassesTransform: /home/runner/.gradle/caches/transforms-4/e34018a2832a0b4e84a469b9cae4e954/transformed/startup-runtime-1.1.1-runtime.jar because:
  Build cache is disabled
Transforming tracing-1.0.0.aar (androidx.tracing:tracing:1.0.0) with EnumerateClassesTransform
Transforming runtime-release.aar (androidx.compose.runtime:runtime-android:1.6.8) with EnumerateClassesTransform
Caching disabled for EnumerateClassesTransform: /home/runner/.gradle/caches/transforms-4/920ff69c1a72f29f1204be559b6bcb1b/transformed/tracing-1.0.0-runtime.jar because:
  Build cache is disabled
Downloading https://dl.google.com/dl/android/maven2/androidx/arch/core/core-common/2.2.0/core-common-2.2.0.jar to /home/runner/.gradle/.tmp/gradle_download4425432864701058677bin
Transforming core-common-2.2.0.jar (androidx.arch.core:core-common:2.2.0) with IdentityTransform
Caching disabled for IdentityTransform: /home/runner/.gradle/caches/modules-2/files-2.1/androidx.arch.core/core-common/2.2.0/5e1b8b81dfd5f52c56a8d53b18ca759c19a301f3/core-common-2.2.0.jar because:
  Build cache is disabled
  Caching not enabled.
Transforming core-common-2.2.0.jar (androidx.arch.core:core-common:2.2.0) with EnumerateClassesTransform
Caching disabled for EnumerateClassesTransform: /home/runner/.gradle/caches/modules-2/files-2.1/androidx.arch.core/core-common/2.2.0/5e1b8b81dfd5f52c56a8d53b18ca759c19a301f3/core-common-2.2.0.jar because:
  Build cache is disabled
Caching disabled for EnumerateClassesTransform: /home/runner/.gradle/caches/transforms-4/4bb8e65695754372cf91dcfa317beefa/transformed/runtime-release-runtime.jar because:
  Build cache is disabled
Downloading https://dl.google.com/dl/android/maven2/androidx/collection/collection-jvm/1.4.0/collection-jvm-1.4.0.jar to /home/runner/.gradle/.tmp/gradle_download6408283133067739792bin
Downloading https://dl.google.com/dl/android/maven2/androidx/concurrent/concurrent-futures/1.1.0/concurrent-futures-1.1.0.jar to /home/runner/.gradle/.tmp/gradle_download6410543868766677807bin
Transforming concurrent-futures-1.1.0.jar (androidx.concurrent:concurrent-futures:1.1.0) with IdentityTransform
Caching disabled for IdentityTransform: /home/runner/.gradle/caches/modules-2/files-2.1/androidx.concurrent/concurrent-futures/1.1.0/50b7fb98350d5f42a4e49704b03278542293ba48/concurrent-futures-1.1.0.jar because:
  Build cache is disabled
  Caching not enabled.
Downloading https://dl.google.com/dl/android/maven2/androidx/annotation/annotation-jvm/1.8.0/annotation-jvm-1.8.0.jar to /home/runner/.gradle/.tmp/gradle_download5588557918712117472bin
Transforming concurrent-futures-1.1.0.jar (androidx.concurrent:concurrent-futures:1.1.0) with EnumerateClassesTransform
Transforming annotation-jvm-1.8.0.jar (androidx.annotation:annotation-jvm:1.8.0) with IdentityTransform
Caching disabled for EnumerateClassesTransform: /home/runner/.gradle/caches/modules-2/files-2.1/androidx.concurrent/concurrent-futures/1.1.0/50b7fb98350d5f42a4e49704b03278542293ba48/concurrent-futures-1.1.0.jar because:
  Build cache is disabled
Caching disabled for IdentityTransform: /home/runner/.gradle/caches/modules-2/files-2.1/androidx.annotation/annotation-jvm/1.8.0/b8a16fe526014b7941c1debaccaf9c5153692dbb/annotation-jvm-1.8.0.jar because:
  Build cache is disabled
  Caching not enabled.
Transforming annotation-jvm-1.8.0.jar (androidx.annotation:annotation-jvm:1.8.0) with EnumerateClassesTransform
Caching disabled for EnumerateClassesTransform: /home/runner/.gradle/caches/modules-2/files-2.1/androidx.annotation/annotation-jvm/1.8.0/b8a16fe526014b7941c1debaccaf9c5153692dbb/annotation-jvm-1.8.0.jar because:
  Build cache is disabled
Transforming collection-jvm-1.4.0.jar (androidx.collection:collection-jvm:1.4.0) with IdentityTransform
Caching disabled for IdentityTransform: /home/runner/.gradle/caches/modules-2/files-2.1/androidx.collection/collection-jvm/1.4.0/e209fb7bd1183032f55a0408121c6251a81acb49/collection-jvm-1.4.0.jar because:
  Build cache is disabled
  Caching not enabled.
Transforming collection-jvm-1.4.0.jar (androidx.collection:collection-jvm:1.4.0) with EnumerateClassesTransform
Downloading https://repo.maven.apache.org/maven2/org/jetbrains/kotlinx/kotlinx-coroutines-core-jvm/1.7.3/kotlinx-coroutines-core-jvm-1.7.3.jar to /home/runner/.gradle/.tmp/gradle_download9447355283794896345bin
Downloading https://repo.maven.apache.org/maven2/org/jetbrains/kotlinx/kotlinx-coroutines-android/1.7.3/kotlinx-coroutines-android-1.7.3.jar to /home/runner/.gradle/.tmp/gradle_download5490404499069784939bin
Downloading https://dl.google.com/dl/android/maven2/androidx/collection/collection-ktx/1.4.0/collection-ktx-1.4.0.jar to /home/runner/.gradle/.tmp/gradle_download1326440106947555306bin
Transforming kotlinx-coroutines-android-1.7.3.jar (org.jetbrains.kotlinx:kotlinx-coroutines-android:1.7.3) with IdentityTransform
Caching disabled for IdentityTransform: /home/runner/.gradle/caches/modules-2/files-2.1/org.jetbrains.kotlinx/kotlinx-coroutines-android/1.7.3/38d9cad3a0b03a10453b56577984bdeb48edeed5/kotlinx-coroutines-android-1.7.3.jar because:
  Build cache is disabled
  Caching not enabled.
Transforming collection-ktx-1.4.0.jar (androidx.collection:collection-ktx:1.4.0) with IdentityTransform
Caching disabled for EnumerateClassesTransform: /home/runner/.gradle/caches/modules-2/files-2.1/androidx.collection/collection-jvm/1.4.0/e209fb7bd1183032f55a0408121c6251a81acb49/collection-jvm-1.4.0.jar because:
  Build cache is disabled
Caching disabled for IdentityTransform: /home/runner/.gradle/caches/modules-2/files-2.1/androidx.collection/collection-ktx/1.4.0/2ad14aed781c4a73ed4dbb421966d408a0a06686/collection-ktx-1.4.0.jar because:
  Build cache is disabled
  Caching not enabled.
Transforming kotlinx-coroutines-android-1.7.3.jar (org.jetbrains.kotlinx:kotlinx-coroutines-android:1.7.3) with EnumerateClassesTransform
Transforming collection-ktx-1.4.0.jar (androidx.collection:collection-ktx:1.4.0) with EnumerateClassesTransform
Caching disabled for EnumerateClassesTransform: /home/runner/.gradle/caches/modules-2/files-2.1/org.jetbrains.kotlinx/kotlinx-coroutines-android/1.7.3/38d9cad3a0b03a10453b56577984bdeb48edeed5/kotlinx-coroutines-android-1.7.3.jar because:
  Build cache is disabled
Caching disabled for EnumerateClassesTransform: /home/runner/.gradle/caches/modules-2/files-2.1/androidx.collection/collection-ktx/1.4.0/2ad14aed781c4a73ed4dbb421966d408a0a06686/collection-ktx-1.4.0.jar because:
  Build cache is disabled
Downloading https://repo.maven.apache.org/maven2/org/jetbrains/kotlin/kotlin-stdlib-jdk8/1.9.10/kotlin-stdlib-jdk8-1.9.10.jar to /home/runner/.gradle/.tmp/gradle_download8483569660959702623bin
Transforming kotlinx-coroutines-core-jvm-1.7.3.jar (org.jetbrains.kotlinx:kotlinx-coroutines-core-jvm:1.7.3) with IdentityTransform
Transforming kotlin-stdlib-jdk8-1.9.10.jar (org.jetbrains.kotlin:kotlin-stdlib-jdk8:1.9.10) with IdentityTransform
Caching disabled for IdentityTransform: /home/runner/.gradle/caches/modules-2/files-2.1/org.jetbrains.kotlin/kotlin-stdlib-jdk8/1.9.10/c7510d64a83411a649c76f2778304ddf71d7437b/kotlin-stdlib-jdk8-1.9.10.jar because:
  Build cache is disabled
  Caching not enabled.
Caching disabled for IdentityTransform: /home/runner/.gradle/caches/modules-2/files-2.1/org.jetbrains.kotlinx/kotlinx-coroutines-core-jvm/1.7.3/2b09627576f0989a436a00a4a54b55fa5026fb86/kotlinx-coroutines-core-jvm-1.7.3.jar because:
  Build cache is disabled
  Caching not enabled.
Transforming kotlin-stdlib-jdk8-1.9.10.jar (org.jetbrains.kotlin:kotlin-stdlib-jdk8:1.9.10) with EnumerateClassesTransform
Caching disabled for EnumerateClassesTransform: /home/runner/.gradle/caches/modules-2/files-2.1/org.jetbrains.kotlin/kotlin-stdlib-jdk8/1.9.10/c7510d64a83411a649c76f2778304ddf71d7437b/kotlin-stdlib-jdk8-1.9.10.jar because:
  Build cache is disabled
Transforming kotlinx-coroutines-core-jvm-1.7.3.jar (org.jetbrains.kotlinx:kotlinx-coroutines-core-jvm:1.7.3) with EnumerateClassesTransform
Downloading https://repo.maven.apache.org/maven2/org/jetbrains/kotlin/kotlin-stdlib/1.9.24/kotlin-stdlib-1.9.24.jar to /home/runner/.gradle/.tmp/gradle_download4576880341084048640bin
Downloading https://repo.maven.apache.org/maven2/org/jetbrains/kotlin/kotlin-stdlib-jdk7/1.9.10/kotlin-stdlib-jdk7-1.9.10.jar to /home/runner/.gradle/.tmp/gradle_download17691001564814260941bin
Transforming kotlin-stdlib-jdk7-1.9.10.jar (org.jetbrains.kotlin:kotlin-stdlib-jdk7:1.9.10) with IdentityTransform
Caching disabled for IdentityTransform: /home/runner/.gradle/caches/modules-2/files-2.1/org.jetbrains.kotlin/kotlin-stdlib-jdk7/1.9.10/bc5bfc2690338defd5195b05c57562f2194eeb10/kotlin-stdlib-jdk7-1.9.10.jar because:
  Build cache is disabled
  Caching not enabled.
Downloading https://repo.maven.apache.org/maven2/org/jetbrains/annotations/23.0.0/annotations-23.0.0.jar to /home/runner/.gradle/.tmp/gradle_download5438419438475321972bin
Transforming annotations-23.0.0.jar (org.jetbrains:annotations:23.0.0) with IdentityTransform
Caching disabled for IdentityTransform: /home/runner/.gradle/caches/modules-2/files-2.1/org.jetbrains/annotations/23.0.0/8cc20c07506ec18e0834947b84a864bfc094484e/annotations-23.0.0.jar because:
  Build cache is disabled
  Caching not enabled.
Transforming kotlin-stdlib-jdk7-1.9.10.jar (org.jetbrains.kotlin:kotlin-stdlib-jdk7:1.9.10) with EnumerateClassesTransform
Caching disabled for EnumerateClassesTransform: /home/runner/.gradle/caches/modules-2/files-2.1/org.jetbrains.kotlin/kotlin-stdlib-jdk7/1.9.10/bc5bfc2690338defd5195b05c57562f2194eeb10/kotlin-stdlib-jdk7-1.9.10.jar because:
  Build cache is disabled
Transforming annotations-23.0.0.jar (org.jetbrains:annotations:23.0.0) with EnumerateClassesTransform
Caching disabled for EnumerateClassesTransform: /home/runner/.gradle/caches/modules-2/files-2.1/org.jetbrains.kotlinx/kotlinx-coroutines-core-jvm/1.7.3/2b09627576f0989a436a00a4a54b55fa5026fb86/kotlinx-coroutines-core-jvm-1.7.3.jar because:
  Build cache is disabled
Caching disabled for EnumerateClassesTransform: /home/runner/.gradle/caches/modules-2/files-2.1/org.jetbrains/annotations/23.0.0/8cc20c07506ec18e0834947b84a864bfc094484e/annotations-23.0.0.jar because:
  Build cache is disabled
Downloading https://repo.maven.apache.org/maven2/com/google/guava/listenablefuture/1.0/listenablefuture-1.0.jar to /home/runner/.gradle/.tmp/gradle_download10081456017500019051bin
Transforming kotlin-stdlib-1.9.24.jar (org.jetbrains.kotlin:kotlin-stdlib:1.9.24) with IdentityTransform
Transforming listenablefuture-1.0.jar (com.google.guava:listenablefuture:1.0) with IdentityTransform
Caching disabled for IdentityTransform: /home/runner/.gradle/caches/modules-2/files-2.1/com.google.guava/listenablefuture/1.0/c949a840a6acbc5268d088e47b04177bf90b3cad/listenablefuture-1.0.jar because:
  Build cache is disabled
  Caching not enabled.
Caching disabled for IdentityTransform: /home/runner/.gradle/caches/modules-2/files-2.1/org.jetbrains.kotlin/kotlin-stdlib/1.9.24/9928532f12c66ad816a625b3f9984f8368ca6d2b/kotlin-stdlib-1.9.24.jar because:
  Build cache is disabled
  Caching not enabled.
Transforming kotlin-stdlib-1.9.24.jar (org.jetbrains.kotlin:kotlin-stdlib:1.9.24) with EnumerateClassesTransform
Transforming listenablefuture-1.0.jar (com.google.guava:listenablefuture:1.0) with EnumerateClassesTransform
Caching disabled for EnumerateClassesTransform: /home/runner/.gradle/caches/modules-2/files-2.1/com.google.guava/listenablefuture/1.0/c949a840a6acbc5268d088e47b04177bf90b3cad/listenablefuture-1.0.jar because:
  Build cache is disabled
Caching disabled for EnumerateClassesTransform: /home/runner/.gradle/caches/modules-2/files-2.1/org.jetbrains.kotlin/kotlin-stdlib/1.9.24/9928532f12c66ad816a625b3f9984f8368ca6d2b/kotlin-stdlib-1.9.24.jar because:
  Build cache is disabled
Caching disabled for task ':app:checkDebugDuplicateClasses' because:
  Build cache is disabled
  Caching has been disabled for the task
Task ':app:checkDebugDuplicateClasses' is not up-to-date because:
  No history is available.

> Task :app:kspDebugKotlin
file or directory '/home/runner/work/AuraBrowse/AuraBrowse/app/src/debug/kotlin', not found
file or directory '/home/runner/work/AuraBrowse/AuraBrowse/app/src/debug/java', not found
file or directory '/home/runner/work/AuraBrowse/AuraBrowse/app/src/main/kotlin', not found
file or directory '/home/runner/work/AuraBrowse/AuraBrowse/app/src/debug/java', not found
Transforming activity-1.9.0.aar (androidx.activity:activity:1.9.0) with AarToClassTransform
Transforming activity-compose-1.9.0.aar (androidx.activity:activity-compose:1.9.0) with AarToClassTransform
Transforming activity-ktx-1.9.0.aar (androidx.activity:activity-ktx:1.9.0) with AarToClassTransform
Transforming core-1.13.1.aar (androidx.core:core:1.13.1) with AarToClassTransform
Transforming lifecycle-livedata-core-2.8.2.aar (androidx.lifecycle:lifecycle-livedata-core:2.8.2) with AarToClassTransform
Transforming lifecycle-common-jvm-2.8.2.jar (androidx.lifecycle:lifecycle-common-jvm:2.8.2) with IdentityTransform
Transforming lifecycle-runtime-ktx-release.aar (androidx.lifecycle:lifecycle-runtime-ktx-android:2.8.2) with AarToClassTransform
Transforming lifecycle-runtime-release.aar (androidx.lifecycle:lifecycle-runtime-android:2.8.2) with AarToClassTransform
Transforming lifecycle-viewmodel-release.aar (androidx.lifecycle:lifecycle-viewmodel-android:2.8.2) with AarToClassTransform
Transforming lifecycle-viewmodel-ktx-2.8.2.aar (androidx.lifecycle:lifecycle-viewmodel-ktx:2.8.2) with AarToClassTransform
Transforming lifecycle-viewmodel-compose-release.aar (androidx.lifecycle:lifecycle-viewmodel-compose-android:2.8.2) with AarToClassTransform
Caching disabled for AarToClassTransform: /home/runner/.gradle/caches/modules-2/files-2.1/androidx.activity/activity-compose/1.9.0/7b9fa701aa5adfbc3d47e41be400d6d57b70fb3a/activity-compose-1.9.0.aar because:
  Build cache is disabled
  Caching not enabled.
Transforming lifecycle-viewmodel-savedstate-2.8.2.aar (androidx.lifecycle:lifecycle-viewmodel-savedstate:2.8.2) with AarToClassTransform
Transforming core-ktx-1.13.1.aar (androidx.core:core-ktx:1.13.1) with AarToClassTransform
Transforming room-common-2.6.1.jar (androidx.room:room-common:2.6.1) with IdentityTransform
Transforming room-runtime-2.6.1.aar (androidx.room:room-runtime:2.6.1) with AarToClassTransform
Transforming room-ktx-2.6.1.aar (androidx.room:room-ktx:2.6.1) with AarToClassTransform
Transforming okhttp-4.12.0.jar (com.squareup.okhttp3:okhttp:4.12.0) with IdentityTransform
Transforming material3-release.aar (androidx.compose.material3:material3-android:1.2.1) with AarToClassTransform
Transforming animation-core-release.aar (androidx.compose.animation:animation-core-android:1.6.8) with AarToClassTransform
Transforming animation-release.aar (androidx.compose.animation:animation-android:1.6.8) with AarToClassTransform
Transforming foundation-layout-release.aar (androidx.compose.foundation:foundation-layout-android:1.6.8) with AarToClassTransform
Transforming material-icons-core-release.aar (androidx.compose.material:material-icons-core-android:1.6.0) with AarToClassTransform
Transforming material-ripple-release.aar (androidx.compose.material:material-ripple-android:1.6.0) with AarToClassTransform
Transforming foundation-release.aar (androidx.compose.foundation:foundation-android:1.6.8) with AarToClassTransform
Transforming ui-util-release.aar (androidx.compose.ui:ui-util-android:1.6.8) with AarToClassTransform
Transforming ui-unit-release.aar (androidx.compose.ui:ui-unit-android:1.6.8) with AarToClassTransform
Transforming ui-text-release.aar (androidx.compose.ui:ui-text-android:1.6.8) with AarToClassTransform
Transforming ui-graphics-release.aar (androidx.compose.ui:ui-graphics-android:1.6.8) with AarToClassTransform
Transforming ui-geometry-release.aar (androidx.compose.ui:ui-geometry-android:1.6.8) with AarToClassTransform
Transforming ui-release.aar (androidx.compose.ui:ui-android:1.6.8) with AarToClassTransform
Transforming ui-tooling-preview-release.aar (androidx.compose.ui:ui-tooling-preview-android:1.6.8) with AarToClassTransform
Transforming runtime-saveable-release.aar (androidx.compose.runtime:runtime-saveable-android:1.6.8) with AarToClassTransform
Transforming runtime-release.aar (androidx.compose.runtime:runtime-android:1.6.8) with AarToClassTransform
Transforming kotlinx-coroutines-core-jvm-1.7.3.jar (org.jetbrains.kotlinx:kotlinx-coroutines-core-jvm:1.7.3) with IdentityTransform
Transforming kotlinx-coroutines-android-1.7.3.jar (org.jetbrains.kotlinx:kotlinx-coroutines-android:1.7.3) with IdentityTransform
Transforming okio-jvm-3.6.0.jar (com.squareup.okio:okio-jvm:3.6.0) with IdentityTransform
Transforming kotlin-stdlib-jdk8-1.9.10.jar (org.jetbrains.kotlin:kotlin-stdlib-jdk8:1.9.10) with IdentityTransform
Transforming sqlite-framework-2.4.0.aar (androidx.sqlite:sqlite-framework:2.4.0) with AarToClassTransform
Transforming sqlite-2.4.0.aar (androidx.sqlite:sqlite:2.4.0) with AarToClassTransform
Transforming versionedparcelable-1.1.1.aar (androidx.versionedparcelable:versionedparcelable:1.1.1) with AarToClassTransform
Transforming savedstate-ktx-1.2.1.aar (androidx.savedstate:savedstate-ktx:1.2.1) with AarToClassTransform
Transforming savedstate-1.2.1.aar (androidx.savedstate:savedstate:1.2.1) with AarToClassTransform
Transforming collection-jvm-1.4.0.jar (androidx.collection:collection-jvm:1.4.0) with IdentityTransform
Transforming core-common-2.2.0.jar (androidx.arch.core:core-common:2.2.0) with IdentityTransform
Transforming annotation-jvm-1.8.0.jar (androidx.annotation:annotation-jvm:1.8.0) with IdentityTransform
Caching disabled for AarToClassTransform: /home/runner/.gradle/caches/modules-2/files-2.1/androidx.activity/activity/1.9.0/f555772773dbe054d7e5306bc490068ef1ba409e/activity-1.9.0.aar because:
  Build cache is disabled
  Caching not enabled.
Transforming annotation-experimental-1.4.0.aar (androidx.annotation:annotation-experimental:1.4.0) with AarToClassTransform
Transforming kotlin-stdlib-jdk7-1.9.10.jar (org.jetbrains.kotlin:kotlin-stdlib-jdk7:1.9.10) with IdentityTransform
Transforming kotlin-stdlib-1.9.24.jar (org.jetbrains.kotlin:kotlin-stdlib:1.9.24) with IdentityTransform
Transforming annotations-23.0.0.jar (org.jetbrains:annotations:23.0.0) with IdentityTransform
Caching disabled for AarToClassTransform: /home/runner/.gradle/caches/modules-2/files-2.1/androidx.activity/activity-ktx/1.9.0/5474c5da094e1b9b90d3e9d68b81a0d286b48fdd/activity-ktx-1.9.0.aar because:
  Build cache is disabled
  Caching not enabled.
Caching disabled for AarToClassTransform: /home/runner/.gradle/caches/modules-2/files-2.1/androidx.core/core/1.13.1/4606d420282fe1e5c8d5c4e647ec188e1045b7be/core-1.13.1.aar because:
  Build cache is disabled
  Caching not enabled.
Caching disabled for AarToClassTransform: /home/runner/.gradle/caches/modules-2/files-2.1/androidx.lifecycle/lifecycle-livedata-core/2.8.2/e16707baf014237e13d4f15b8cc02453c74c129f/lifecycle-livedata-core-2.8.2.aar because:
  Build cache is disabled
  Caching not enabled.
Caching disabled for AarToClassTransform: /home/runner/.gradle/caches/modules-2/files-2.1/androidx.lifecycle/lifecycle-runtime-android/2.8.2/dffce2e5bebea8dc27ec3e6d4ed75d1f13013bb2/lifecycle-runtime-release.aar because:
  Build cache is disabled
  Caching not enabled.
Caching disabled for AarToClassTransform: /home/runner/.gradle/caches/modules-2/files-2.1/androidx.lifecycle/lifecycle-runtime-ktx-android/2.8.2/7fa91b90c7e8efc55f058e23a3381981b4858c80/lifecycle-runtime-ktx-release.aar because:
  Build cache is disabled
  Caching not enabled.
Caching disabled for AarToClassTransform: /home/runner/.gradle/caches/modules-2/files-2.1/androidx.lifecycle/lifecycle-viewmodel-android/2.8.2/3b2161a03e902d15dbca56fdd1d9550a5bf261dc/lifecycle-viewmodel-release.aar because:
  Build cache is disabled
  Caching not enabled.
Caching disabled for AarToClassTransform: /home/runner/.gradle/caches/modules-2/files-2.1/androidx.lifecycle/lifecycle-viewmodel-ktx/2.8.2/e86428bc856c2225d640531cc72d9e377d6bee62/lifecycle-viewmodel-ktx-2.8.2.aar because:
  Build cache is disabled
  Caching not enabled.
Caching disabled for AarToClassTransform: /home/runner/.gradle/caches/modules-2/files-2.1/androidx.lifecycle/lifecycle-viewmodel-compose-android/2.8.2/d90c853825b828f8c46ebb6266bcb997e376304c/lifecycle-viewmodel-compose-release.aar because:
  Build cache is disabled
  Caching not enabled.
Caching disabled for AarToClassTransform: /home/runner/.gradle/caches/modules-2/files-2.1/androidx.lifecycle/lifecycle-viewmodel-savedstate/2.8.2/79f175c9c83cce85a1b745344faf143f346a1148/lifecycle-viewmodel-savedstate-2.8.2.aar because:
  Build cache is disabled
  Caching not enabled.
Caching disabled for AarToClassTransform: /home/runner/.gradle/caches/modules-2/files-2.1/androidx.core/core-ktx/1.13.1/f595b8c10fad9099f71a3c1fc6ded1c9b5010190/core-ktx-1.13.1.aar because:
  Build cache is disabled
  Caching not enabled.
Caching disabled for AarToClassTransform: /home/runner/.gradle/caches/modules-2/files-2.1/androidx.room/room-runtime/2.6.1/3ebcd7683411c298dd8aeee635f452c96eaf319/room-runtime-2.6.1.aar because:
  Build cache is disabled
  Caching not enabled.
Caching disabled for AarToClassTransform: /home/runner/.gradle/caches/modules-2/files-2.1/androidx.room/room-ktx/2.6.1/1f353808ec8a8b2d0a554d2a3f43f0829982df60/room-ktx-2.6.1.aar because:
  Build cache is disabled
  Caching not enabled.
Caching disabled for AarToClassTransform: /home/runner/.gradle/caches/modules-2/files-2.1/androidx.compose.material3/material3-android/1.2.1/bbb13fec1193eecdeccb40452ff184826f4385a2/material3-release.aar because:
  Build cache is disabled
  Caching not enabled.
Caching disabled for AarToClassTransform: /home/runner/.gradle/caches/modules-2/files-2.1/androidx.compose.animation/animation-core-android/1.6.8/fbd8dd83ae1e9a99de28f2d2843842500d2991a1/animation-core-release.aar because:
  Build cache is disabled
  Caching not enabled.
Caching disabled for AarToClassTransform: /home/runner/.gradle/caches/modules-2/files-2.1/androidx.compose.animation/animation-android/1.6.8/9738170c0e7188e9a81f9131f1462b872ac70348/animation-release.aar because:
  Build cache is disabled
  Caching not enabled.
Caching disabled for AarToClassTransform: /home/runner/.gradle/caches/modules-2/files-2.1/androidx.compose.foundation/foundation-layout-android/1.6.8/1116984def629254a4778e2537b9a71e481ab108/foundation-layout-release.aar because:
  Build cache is disabled
  Caching not enabled.
Caching disabled for AarToClassTransform: /home/runner/.gradle/caches/modules-2/files-2.1/androidx.compose.material/material-icons-core-android/1.6.0/392feaeeebc7b4cea64b41a5509f84a153731c0/material-icons-core-release.aar because:
  Build cache is disabled
  Caching not enabled.
Caching disabled for AarToClassTransform: /home/runner/.gradle/caches/modules-2/files-2.1/androidx.compose.material/material-ripple-android/1.6.0/58b3bb04858ab72f1b9bf5909e0daf091eb01224/material-ripple-release.aar because:
  Build cache is disabled
  Caching not enabled.
Caching disabled for AarToClassTransform: /home/runner/.gradle/caches/modules-2/files-2.1/androidx.compose.foundation/foundation-android/1.6.8/e89eb773236627b844b30aa577835656af12fcf9/foundation-release.aar because:
  Build cache is disabled
  Caching not enabled.
Caching disabled for AarToClassTransform: /home/runner/.gradle/caches/modules-2/files-2.1/androidx.compose.ui/ui-util-android/1.6.8/d1d3efd637514531d2d8bb6b9c9232b0c4e1db5f/ui-util-release.aar because:
  Build cache is disabled
  Caching not enabled.
Caching disabled for AarToClassTransform: /home/runner/.gradle/caches/modules-2/files-2.1/androidx.compose.ui/ui-unit-android/1.6.8/f0db04ece5465e7896040dc069d1ce2444684c12/ui-unit-release.aar because:
  Build cache is disabled
  Caching not enabled.
Caching disabled for AarToClassTransform: /home/runner/.gradle/caches/modules-2/files-2.1/androidx.compose.ui/ui-text-android/1.6.8/2395fc8576ef18421e021e90fed09e4e1e555f81/ui-text-release.aar because:
  Build cache is disabled
  Caching not enabled.
Caching disabled for AarToClassTransform: /home/runner/.gradle/caches/modules-2/files-2.1/androidx.compose.ui/ui-graphics-android/1.6.8/8b49e8408cc4440cdd4b7ac1a31da92a1644570f/ui-graphics-release.aar because:
  Build cache is disabled
  Caching not enabled.
Caching disabled for AarToClassTransform: /home/runner/.gradle/caches/modules-2/files-2.1/androidx.compose.ui/ui-geometry-android/1.6.8/ba13d58d5b5cfc483a364cc4f1f7135209c5c131/ui-geometry-release.aar because:
  Build cache is disabled
  Caching not enabled.
Caching disabled for AarToClassTransform: /home/runner/.gradle/caches/modules-2/files-2.1/androidx.compose.ui/ui-android/1.6.8/328694c84a63d2d3d06cec633928f5ab64d0ed1e/ui-release.aar because:
  Build cache is disabled
  Caching not enabled.
Caching disabled for AarToClassTransform: /home/runner/.gradle/caches/modules-2/files-2.1/androidx.compose.ui/ui-tooling-preview-android/1.6.8/ae4fa0a62fa697326ae236ff9699298d70c3a0da/ui-tooling-preview-release.aar because:
  Build cache is disabled
  Caching not enabled.
Caching disabled for AarToClassTransform: /home/runner/.gradle/caches/modules-2/files-2.1/androidx.compose.runtime/runtime-saveable-android/1.6.8/179a9d4c93f63b76814a0c29030dc42d8812b19/runtime-saveable-release.aar because:
  Build cache is disabled
  Caching not enabled.
Caching disabled for AarToClassTransform: /home/runner/.gradle/caches/modules-2/files-2.1/androidx.compose.runtime/runtime-android/1.6.8/affd49c7395c4aa06adf14918737b3fcdd5f7fc6/runtime-release.aar because:
  Build cache is disabled
  Caching not enabled.
Caching disabled for AarToClassTransform: /home/runner/.gradle/caches/modules-2/files-2.1/androidx.sqlite/sqlite-framework/2.4.0/532d56a4f312d78767534ff1cc2f8084baec6c26/sqlite-framework-2.4.0.aar because:
  Build cache is disabled
  Caching not enabled.
Caching disabled for AarToClassTransform: /home/runner/.gradle/caches/modules-2/files-2.1/androidx.sqlite/sqlite/2.4.0/cc553e5621c8ad4e233059a724100afa9e2fd1f4/sqlite-2.4.0.aar because:
  Build cache is disabled
  Caching not enabled.
Caching disabled for AarToClassTransform: /home/runner/.gradle/caches/modules-2/files-2.1/androidx.versionedparcelable/versionedparcelable/1.1.1/18e18071e7715679e0593c570217edeb5ca48b9e/versionedparcelable-1.1.1.aar because:
  Build cache is disabled
  Caching not enabled.
Caching disabled for AarToClassTransform: /home/runner/.gradle/caches/modules-2/files-2.1/androidx.savedstate/savedstate-ktx/1.2.1/b86d338d91b1c26193a42b1d87be9bb02123fa16/savedstate-ktx-1.2.1.aar because:
  Build cache is disabled
  Caching not enabled.
Caching disabled for AarToClassTransform: /home/runner/.gradle/caches/modules-2/files-2.1/androidx.savedstate/savedstate/1.2.1/e364fc9dec32aa569d855f85864e50250318a093/savedstate-1.2.1.aar because:
  Build cache is disabled
  Caching not enabled.
Caching disabled for AarToClassTransform: /home/runner/.gradle/caches/modules-2/files-2.1/androidx.annotation/annotation-experimental/1.4.0/c7a2038d831d0cfbfb9a440890b287c2e839ecf/annotation-experimental-1.4.0.aar because:
  Build cache is disabled
  Caching not enabled.
Transforming R.jar with ClasspathEntrySnapshotTransform
Transforming activity-1.9.0-api.jar with ClasspathEntrySnapshotTransform
Transforming activity-compose-1.9.0-api.jar with ClasspathEntrySnapshotTransform
Transforming activity-ktx-1.9.0-api.jar with ClasspathEntrySnapshotTransform
Transforming core-1.13.1-api.jar with ClasspathEntrySnapshotTransform
Transforming lifecycle-livedata-core-2.8.2-api.jar with ClasspathEntrySnapshotTransform
Transforming lifecycle-common-jvm-2.8.2.jar with ClasspathEntrySnapshotTransform
Transforming lifecycle-runtime-ktx-release-api.jar with ClasspathEntrySnapshotTransform
Transforming lifecycle-runtime-release-api.jar with ClasspathEntrySnapshotTransform
Transforming lifecycle-viewmodel-release-api.jar with ClasspathEntrySnapshotTransform
Transforming lifecycle-viewmodel-ktx-2.8.2-api.jar with ClasspathEntrySnapshotTransform
Transforming lifecycle-viewmodel-compose-release-api.jar with ClasspathEntrySnapshotTransform
Transforming lifecycle-viewmodel-savedstate-2.8.2-api.jar with ClasspathEntrySnapshotTransform
Transforming core-ktx-1.13.1-api.jar with ClasspathEntrySnapshotTransform
Transforming room-common-2.6.1.jar with ClasspathEntrySnapshotTransform
Transforming room-runtime-2.6.1-api.jar with ClasspathEntrySnapshotTransform
Transforming room-ktx-2.6.1-api.jar with ClasspathEntrySnapshotTransform
Transforming okhttp-4.12.0.jar with ClasspathEntrySnapshotTransform
Transforming material3-release-api.jar with ClasspathEntrySnapshotTransform
Transforming animation-core-release-api.jar with ClasspathEntrySnapshotTransform
Transforming animation-release-api.jar with ClasspathEntrySnapshotTransform
Transforming foundation-layout-release-api.jar with ClasspathEntrySnapshotTransform
Transforming material-icons-core-release-api.jar with ClasspathEntrySnapshotTransform
Transforming material-ripple-release-api.jar with ClasspathEntrySnapshotTransform
Transforming foundation-release-api.jar with ClasspathEntrySnapshotTransform
Transforming ui-util-release-api.jar with ClasspathEntrySnapshotTransform
Transforming ui-unit-release-api.jar with ClasspathEntrySnapshotTransform
Transforming ui-text-release-api.jar with ClasspathEntrySnapshotTransform
Transforming ui-graphics-release-api.jar with ClasspathEntrySnapshotTransform
Transforming ui-geometry-release-api.jar with ClasspathEntrySnapshotTransform
Transforming ui-release-api.jar with ClasspathEntrySnapshotTransform
Transforming ui-tooling-preview-release-api.jar with ClasspathEntrySnapshotTransform
Transforming runtime-saveable-release-api.jar with ClasspathEntrySnapshotTransform
Transforming runtime-release-api.jar with ClasspathEntrySnapshotTransform
Transforming kotlinx-coroutines-core-jvm-1.7.3.jar with ClasspathEntrySnapshotTransform
Transforming kotlinx-coroutines-android-1.7.3.jar with ClasspathEntrySnapshotTransform
Transforming okio-jvm-3.6.0.jar with ClasspathEntrySnapshotTransform
Transforming kotlin-stdlib-jdk8-1.9.10.jar with ClasspathEntrySnapshotTransform
Transforming sqlite-framework-2.4.0-api.jar with ClasspathEntrySnapshotTransform
Transforming sqlite-2.4.0-api.jar with ClasspathEntrySnapshotTransform
Transforming versionedparcelable-1.1.1-api.jar with ClasspathEntrySnapshotTransform
Transforming savedstate-ktx-1.2.1-api.jar with ClasspathEntrySnapshotTransform
Transforming savedstate-1.2.1-api.jar with ClasspathEntrySnapshotTransform
Transforming collection-jvm-1.4.0.jar with ClasspathEntrySnapshotTransform
Transforming core-common-2.2.0.jar with ClasspathEntrySnapshotTransform
Transforming annotation-jvm-1.8.0.jar with ClasspathEntrySnapshotTransform
Transforming annotation-experimental-1.4.0-api.jar with ClasspathEntrySnapshotTransform
Transforming kotlin-stdlib-jdk7-1.9.10.jar with ClasspathEntrySnapshotTransform
Transforming kotlin-stdlib-1.9.24.jar with ClasspathEntrySnapshotTransform
Transforming annotations-23.0.0.jar with ClasspathEntrySnapshotTransform
Transforming android.jar with ClasspathEntrySnapshotTransform
Transforming core-lambda-stubs.jar with ClasspathEntrySnapshotTransform
Caching disabled for ClasspathEntrySnapshotTransform: /home/runner/work/AuraBrowse/AuraBrowse/app/build/intermediates/compile_and_runtime_not_namespaced_r_class_jar/debug/processDebugResources/R.jar because:
  Build cache is disabled
Caching disabled for ClasspathEntrySnapshotTransform: /home/runner/.gradle/caches/transforms-4/1df015e74f34597daf9bb6c7eaff7394/transformed/activity-compose-1.9.0-api.jar because:
  Build cache is disabled
Caching disabled for ClasspathEntrySnapshotTransform: /home/runner/.gradle/caches/transforms-4/a3cc285ea6abb646b84eb0ed4f5e3e5b/transformed/activity-ktx-1.9.0-api.jar because:
  Build cache is disabled
Caching disabled for ClasspathEntrySnapshotTransform: /home/runner/.gradle/caches/transforms-4/e215a98593a8eb45b3cd2b52e7c57870/transformed/activity-1.9.0-api.jar because:
  Build cache is disabled
Caching disabled for ClasspathEntrySnapshotTransform: /home/runner/.gradle/caches/transforms-4/03e9916323024d6415f9f61fbd47e35b/transformed/core-1.13.1-api.jar because:
  Build cache is disabled
Caching disabled for ClasspathEntrySnapshotTransform: /home/runner/.gradle/caches/transforms-4/31238b4fa0a4d98487d147b67104267f/transformed/lifecycle-livedata-core-2.8.2-api.jar because:
  Build cache is disabled
Caching disabled for ClasspathEntrySnapshotTransform: /home/runner/.gradle/caches/modules-2/files-2.1/androidx.lifecycle/lifecycle-common-jvm/2.8.2/7174a594afb73a9ad9ac9074ce78b94af3cc52a7/lifecycle-common-jvm-2.8.2.jar because:
  Build cache is disabled
Caching disabled for ClasspathEntrySnapshotTransform: /home/runner/.gradle/caches/transforms-4/78215bd4d42c37dbf3194c3db027b218/transformed/lifecycle-runtime-ktx-release-api.jar because:
  Build cache is disabled
Caching disabled for ClasspathEntrySnapshotTransform: /home/runner/.gradle/caches/transforms-4/5e50c6b11c85dd11c29de421e9718163/transformed/lifecycle-runtime-release-api.jar because:
  Build cache is disabled
Caching disabled for ClasspathEntrySnapshotTransform: /home/runner/.gradle/caches/transforms-4/5d4864972d095752edded9700f231196/transformed/lifecycle-viewmodel-release-api.jar because:
  Build cache is disabled
Caching disabled for ClasspathEntrySnapshotTransform: /home/runner/.gradle/caches/transforms-4/44fd00afdfc1d2504736caf05ac0ff80/transformed/lifecycle-viewmodel-ktx-2.8.2-api.jar because:
  Build cache is disabled
Caching disabled for ClasspathEntrySnapshotTransform: /home/runner/.gradle/caches/transforms-4/74a411142c7c508bce84aab0b20cb1e3/transformed/lifecycle-viewmodel-compose-release-api.jar because:
  Build cache is disabled
Caching disabled for ClasspathEntrySnapshotTransform: /home/runner/.gradle/caches/transforms-4/75e519b3a5b54bb2718e946e16c1f4ff/transformed/lifecycle-viewmodel-savedstate-2.8.2-api.jar because:
  Build cache is disabled
Caching disabled for ClasspathEntrySnapshotTransform: /home/runner/.gradle/caches/transforms-4/af58e650dca29a2042338444c327b4ee/transformed/core-ktx-1.13.1-api.jar because:
  Build cache is disabled
Caching disabled for ClasspathEntrySnapshotTransform: /home/runner/.gradle/caches/modules-2/files-2.1/androidx.room/room-common/2.6.1/ff1b9580850a9b7eef56554e356628d225785265/room-common-2.6.1.jar because:
  Build cache is disabled
Caching disabled for ClasspathEntrySnapshotTransform: /home/runner/.gradle/caches/transforms-4/afd3a8f01ed085b65df7cd2ca9073896/transformed/room-runtime-2.6.1-api.jar because:
  Build cache is disabled
Caching disabled for ClasspathEntrySnapshotTransform: /home/runner/.gradle/caches/transforms-4/f3d9b90af31c04bb6e37e58c4cbfd3f1/transformed/room-ktx-2.6.1-api.jar because:
  Build cache is disabled
Caching disabled for ClasspathEntrySnapshotTransform: /home/runner/.gradle/caches/modules-2/files-2.1/com.squareup.okhttp3/okhttp/4.12.0/2f4525d4a200e97e1b87449c2cd9bd2e25b7e8cd/okhttp-4.12.0.jar because:
  Build cache is disabled
Caching disabled for ClasspathEntrySnapshotTransform: /home/runner/.gradle/caches/transforms-4/dfbcd69880fc040dd0261884f809b37c/transformed/animation-core-release-api.jar because:
  Build cache is disabled
Caching disabled for ClasspathEntrySnapshotTransform: /home/runner/.gradle/caches/transforms-4/0ea5ec9765c6462f93d001c1707a473c/transformed/material3-release-api.jar because:
  Build cache is disabled
Caching disabled for ClasspathEntrySnapshotTransform: /home/runner/.gradle/caches/transforms-4/dcab9bc4de925454e01999aaf1145c40/transformed/animation-release-api.jar because:
  Build cache is disabled
Caching disabled for ClasspathEntrySnapshotTransform: /home/runner/.gradle/caches/transforms-4/c14caa08bd1af222a230dc5d919e6ce3/transformed/foundation-layout-release-api.jar because:
  Build cache is disabled
Caching disabled for ClasspathEntrySnapshotTransform: /home/runner/.gradle/caches/transforms-4/93706331573eb156ba6ab87e85ca9f87/transformed/material-icons-core-release-api.jar because:
  Build cache is disabled
Caching disabled for ClasspathEntrySnapshotTransform: /home/runner/.gradle/caches/transforms-4/5b6e1098b6c28ed88262cd9f9dbad4fd/transformed/material-ripple-release-api.jar because:
  Build cache is disabled
Caching disabled for ClasspathEntrySnapshotTransform: /home/runner/.gradle/caches/transforms-4/b12b2c006f3a47a96a259bced0a69063/transformed/foundation-release-api.jar because:
  Build cache is disabled
Caching disabled for ClasspathEntrySnapshotTransform: /home/runner/.gradle/caches/transforms-4/8c83f3f9f6723f0feb9a819cab0cd718/transformed/ui-util-release-api.jar because:
  Build cache is disabled
Caching disabled for ClasspathEntrySnapshotTransform: /home/runner/.gradle/caches/transforms-4/260eefe6f020e6a2ceba7ef7ba513771/transformed/ui-unit-release-api.jar because:
  Build cache is disabled
Caching disabled for ClasspathEntrySnapshotTransform: /home/runner/.gradle/caches/transforms-4/cf86a53035faa88a00826b9980c9d7c8/transformed/ui-text-release-api.jar because:
  Build cache is disabled
Caching disabled for ClasspathEntrySnapshotTransform: /home/runner/.gradle/caches/transforms-4/6c404b05cb327775852ab4b9c3b15760/transformed/ui-graphics-release-api.jar because:
  Build cache is disabled
Caching disabled for ClasspathEntrySnapshotTransform: /home/runner/.gradle/caches/transforms-4/e5ddc0563353e0aa09f7732a08a33b9e/transformed/ui-geometry-release-api.jar because:
  Build cache is disabled
Caching disabled for ClasspathEntrySnapshotTransform: /home/runner/.gradle/caches/transforms-4/bc1bd05cb720a70a7e7add05b49e0a3a/transformed/ui-tooling-preview-release-api.jar because:
  Build cache is disabled
Caching disabled for ClasspathEntrySnapshotTransform: /home/runner/.gradle/caches/transforms-4/4ed6240d23dfa3cb9e6de3a3024be615/transformed/runtime-saveable-release-api.jar because:
  Build cache is disabled
Caching disabled for ClasspathEntrySnapshotTransform: /home/runner/.gradle/caches/transforms-4/21c998f811b767e9228f4062a569c960/transformed/runtime-release-api.jar because:
  Build cache is disabled
Caching disabled for ClasspathEntrySnapshotTransform: /home/runner/.gradle/caches/transforms-4/87a0fcf8e1ac19a1d0f7c2f9b7c0ac5f/transformed/ui-release-api.jar because:
  Build cache is disabled
Caching disabled for ClasspathEntrySnapshotTransform: /home/runner/.gradle/caches/modules-2/files-2.1/org.jetbrains.kotlinx/kotlinx-coroutines-core-jvm/1.7.3/2b09627576f0989a436a00a4a54b55fa5026fb86/kotlinx-coroutines-core-jvm-1.7.3.jar because:
  Build cache is disabled
Caching disabled for ClasspathEntrySnapshotTransform: /home/runner/.gradle/caches/modules-2/files-2.1/org.jetbrains.kotlinx/kotlinx-coroutines-android/1.7.3/38d9cad3a0b03a10453b56577984bdeb48edeed5/kotlinx-coroutines-android-1.7.3.jar because:
  Build cache is disabled
Caching disabled for ClasspathEntrySnapshotTransform: /home/runner/.gradle/caches/modules-2/files-2.1/com.squareup.okio/okio-jvm/3.6.0/5600569133b7bdefe1daf9ec7f4abeb6d13e1786/okio-jvm-3.6.0.jar because:
  Build cache is disabled
Caching disabled for ClasspathEntrySnapshotTransform: /home/runner/.gradle/caches/modules-2/files-2.1/org.jetbrains.kotlin/kotlin-stdlib-jdk8/1.9.10/c7510d64a83411a649c76f2778304ddf71d7437b/kotlin-stdlib-jdk8-1.9.10.jar because:
  Build cache is disabled
Caching disabled for ClasspathEntrySnapshotTransform: /home/runner/.gradle/caches/transforms-4/8b5f4f3026ab8a0aa796e7f0d16d8d98/transformed/sqlite-framework-2.4.0-api.jar because:
  Build cache is disabled
Caching disabled for ClasspathEntrySnapshotTransform: /home/runner/.gradle/caches/transforms-4/e217d3beb498a81067c2e0262fd46898/transformed/sqlite-2.4.0-api.jar because:
  Build cache is disabled
Caching disabled for ClasspathEntrySnapshotTransform: /home/runner/.gradle/caches/transforms-4/29eed406287b259232172d6542d507d2/transformed/versionedparcelable-1.1.1-api.jar because:
  Build cache is disabled
Caching disabled for ClasspathEntrySnapshotTransform: /home/runner/.gradle/caches/transforms-4/7f6aca6b97fe76823174ecf1d6817b4d/transformed/savedstate-ktx-1.2.1-api.jar because:
  Build cache is disabled
Caching disabled for ClasspathEntrySnapshotTransform: /home/runner/.gradle/caches/transforms-4/872d87fe0a5aec8a12619dedff10c17c/transformed/savedstate-1.2.1-api.jar because:
  Build cache is disabled
Caching disabled for ClasspathEntrySnapshotTransform: /home/runner/.gradle/caches/modules-2/files-2.1/androidx.collection/collection-jvm/1.4.0/e209fb7bd1183032f55a0408121c6251a81acb49/collection-jvm-1.4.0.jar because:
  Build cache is disabled
Caching disabled for ClasspathEntrySnapshotTransform: /home/runner/.gradle/caches/modules-2/files-2.1/androidx.arch.core/core-common/2.2.0/5e1b8b81dfd5f52c56a8d53b18ca759c19a301f3/core-common-2.2.0.jar because:
  Build cache is disabled
Caching disabled for ClasspathEntrySnapshotTransform: /home/runner/.gradle/caches/modules-2/files-2.1/androidx.annotation/annotation-jvm/1.8.0/b8a16fe526014b7941c1debaccaf9c5153692dbb/annotation-jvm-1.8.0.jar because:
  Build cache is disabled
Caching disabled for ClasspathEntrySnapshotTransform: /home/runner/.gradle/caches/transforms-4/56365581591c663b17bc95e7c93ceafa/transformed/annotation-experimental-1.4.0-api.jar because:
  Build cache is disabled
Caching disabled for ClasspathEntrySnapshotTransform: /home/runner/.gradle/caches/modules-2/files-2.1/org.jetbrains.kotlin/kotlin-stdlib-jdk7/1.9.10/bc5bfc2690338defd5195b05c57562f2194eeb10/kotlin-stdlib-jdk7-1.9.10.jar because:
  Build cache is disabled
Caching disabled for ClasspathEntrySnapshotTransform: /home/runner/.gradle/caches/modules-2/files-2.1/org.jetbrains.kotlin/kotlin-stdlib/1.9.24/9928532f12c66ad816a625b3f9984f8368ca6d2b/kotlin-stdlib-1.9.24.jar because:
  Build cache is disabled
Caching disabled for ClasspathEntrySnapshotTransform: /home/runner/.gradle/caches/modules-2/files-2.1/org.jetbrains/annotations/23.0.0/8cc20c07506ec18e0834947b84a864bfc094484e/annotations-23.0.0.jar because:
  Build cache is disabled
Caching disabled for ClasspathEntrySnapshotTransform: /usr/local/lib/android/sdk/platforms/android-35/android.jar because:
  Build cache is disabled
Caching disabled for ClasspathEntrySnapshotTransform: /usr/local/lib/android/sdk/build-tools/34.0.0/core-lambda-stubs.jar because:
  Build cache is disabled
Resource missing. [HTTP GET: https://dl.google.com/dl/android/maven2/org/jetbrains/kotlin/kotlin-reflect/1.6.10/kotlin-reflect-1.6.10.pom]
Resource missing. [HTTP GET: https://dl.google.com/dl/android/maven2/org/jetbrains/kotlin/kotlin-script-runtime/1.9.24/kotlin-script-runtime-1.9.24.pom]
Downloading https://repo.maven.apache.org/maven2/org/jetbrains/kotlin/kotlin-reflect/1.6.10/kotlin-reflect-1.6.10.pom to /home/runner/.gradle/.tmp/gradle_download57597750311318576bin
Downloading https://repo.maven.apache.org/maven2/org/jetbrains/kotlin/kotlin-script-runtime/1.9.24/kotlin-script-runtime-1.9.24.pom to /home/runner/.gradle/.tmp/gradle_download17327391498259139316bin
Downloading https://repo.maven.apache.org/maven2/org/jetbrains/kotlin/kotlin-reflect/1.6.10/kotlin-reflect-1.6.10.jar to /home/runner/.gradle/.tmp/gradle_download10493654456954337077bin
Downloading https://repo.maven.apache.org/maven2/org/jetbrains/kotlin/kotlin-script-runtime/1.9.24/kotlin-script-runtime-1.9.24.jar to /home/runner/.gradle/.tmp/gradle_download7132233438683981551bin
Resource missing. [HTTP GET: https://dl.google.com/dl/android/maven2/com/google/devtools/ksp/symbol-processing/1.9.24-1.0.20/symbol-processing-1.9.24-1.0.20.pom]
Downloading https://repo.maven.apache.org/maven2/com/google/devtools/ksp/symbol-processing/1.9.24-1.0.20/symbol-processing-1.9.24-1.0.20.pom to /home/runner/.gradle/.tmp/gradle_download11743040602857098250bin
Resource missing. [HTTP GET: https://dl.google.com/dl/android/maven2/org/jetbrains/kotlin/kotlin-stdlib-jdk8/1.9.0/kotlin-stdlib-jdk8-1.9.0.pom]
Downloading https://repo.maven.apache.org/maven2/org/jetbrains/kotlin/kotlin-stdlib-jdk8/1.9.0/kotlin-stdlib-jdk8-1.9.0.pom to /home/runner/.gradle/.tmp/gradle_download5717193788543757859bin
Resource missing. [HTTP GET: https://dl.google.com/dl/android/maven2/org/jetbrains/kotlin/kotlin-stdlib-jdk7/1.9.0/kotlin-stdlib-jdk7-1.9.0.pom]
Downloading https://repo.maven.apache.org/maven2/org/jetbrains/kotlin/kotlin-stdlib-jdk7/1.9.0/kotlin-stdlib-jdk7-1.9.0.pom to /home/runner/.gradle/.tmp/gradle_download17856250554928402133bin
Downloading https://repo.maven.apache.org/maven2/org/jetbrains/kotlin/kotlin-stdlib-jdk7/1.9.0/kotlin-stdlib-jdk7-1.9.0.jar to /home/runner/.gradle/.tmp/gradle_download12797462598127669393bin
Downloading https://repo.maven.apache.org/maven2/org/jetbrains/kotlin/kotlin-stdlib-jdk8/1.9.0/kotlin-stdlib-jdk8-1.9.0.jar to /home/runner/.gradle/.tmp/gradle_download1606931824468854041bin
Downloading https://repo.maven.apache.org/maven2/com/google/devtools/ksp/symbol-processing/1.9.24-1.0.20/symbol-processing-1.9.24-1.0.20.jar to /home/runner/.gradle/.tmp/gradle_download3955042601798709995bin
file or directory '/home/runner/work/AuraBrowse/AuraBrowse/app/src/debug/kotlin', not found
file or directory '/home/runner/work/AuraBrowse/AuraBrowse/app/src/debug/java', not found
file or directory '/home/runner/work/AuraBrowse/AuraBrowse/app/src/main/kotlin', not found
file or directory '/home/runner/work/AuraBrowse/AuraBrowse/app/src/debug/java', not found
Caching disabled for task ':app:kspDebugKotlin' because:
  Build cache is disabled
Task ':app:kspDebugKotlin' is not up-to-date because:
  No history is available.
The input changes require a full rebuild for incremental task ':app:kspDebugKotlin'.
file or directory '/home/runner/work/AuraBrowse/AuraBrowse/app/src/debug/kotlin', not found
file or directory '/home/runner/work/AuraBrowse/AuraBrowse/app/src/debug/java', not found
file or directory '/home/runner/work/AuraBrowse/AuraBrowse/app/src/main/kotlin', not found
file or directory '/home/runner/work/AuraBrowse/AuraBrowse/app/src/debug/java', not found
file or directory '/home/runner/work/AuraBrowse/AuraBrowse/app/src/debug/kotlin', not found
file or directory '/home/runner/work/AuraBrowse/AuraBrowse/app/src/debug/java', not found
file or directory '/home/runner/work/AuraBrowse/AuraBrowse/app/src/main/kotlin', not found
file or directory '/home/runner/work/AuraBrowse/AuraBrowse/app/src/debug/kotlin', not found
file or directory '/home/runner/work/AuraBrowse/AuraBrowse/app/src/debug/java', not found
file or directory '/home/runner/work/AuraBrowse/AuraBrowse/app/src/main/kotlin', not found
file or directory '/home/runner/work/AuraBrowse/AuraBrowse/app/src/debug/java', not found
file or directory '/home/runner/work/AuraBrowse/AuraBrowse/app/src/debug/kotlin', not found
file or directory '/home/runner/work/AuraBrowse/AuraBrowse/app/src/debug/java', not found
file or directory '/home/runner/work/AuraBrowse/AuraBrowse/app/src/main/kotlin', not found
file or directory '/home/runner/work/AuraBrowse/AuraBrowse/app/src/debug/java', not found
file or directory '/home/runner/work/AuraBrowse/AuraBrowse/app/src/debug/kotlin', not found
file or directory '/home/runner/work/AuraBrowse/AuraBrowse/app/src/debug/java', not found
file or directory '/home/runner/work/AuraBrowse/AuraBrowse/app/src/main/kotlin', not found
file or directory '/home/runner/work/AuraBrowse/AuraBrowse/app/src/debug/java', not found
Kotlin source files: /home/runner/work/AuraBrowse/AuraBrowse/app/src/main/java/com/example/aurabrowse/adblock/AdBlocker.kt, /home/runner/work/AuraBrowse/AuraBrowse/app/src/main/java/com/example/aurabrowse/ui/BrowserViewModel.kt, /home/runner/work/AuraBrowse/AuraBrowse/app/src/main/java/com/example/aurabrowse/ui/BrowserActivity.kt, /home/runner/work/AuraBrowse/AuraBrowse/app/src/main/java/com/example/aurabrowse/ui/DownloadsActivity.kt, /home/runner/work/AuraBrowse/AuraBrowse/app/src/main/java/com/example/aurabrowse/ui/SettingsActivity.kt, /home/runner/work/AuraBrowse/AuraBrowse/app/src/main/java/com/example/aurabrowse/core/BrowserClients.kt, /home/runner/work/AuraBrowse/AuraBrowse/app/src/main/java/com/example/aurabrowse/core/WebViewPool.kt, /home/runner/work/AuraBrowse/AuraBrowse/app/src/main/java/com/example/aurabrowse/core/CdpClient.kt, /home/runner/work/AuraBrowse/AuraBrowse/app/src/main/java/com/example/aurabrowse/data/AppDatabase.kt, /home/runner/work/AuraBrowse/AuraBrowse/app/src/main/java/com/example/aurabrowse/data/Entities.kt
Java source files: /home/runner/work/AuraBrowse/AuraBrowse/app/build/generated/source/buildConfig/debug/com/example/aurabrowse/BuildConfig.java
Script source files: 
Script file extensions: 
Transforming R.jar with StructureTransformAction
Transforming activity-1.9.0-api.jar with StructureTransformAction
Transforming activity-compose-1.9.0-api.jar with StructureTransformAction
Transforming activity-ktx-1.9.0-api.jar with StructureTransformAction
Transforming core-1.13.1-api.jar with StructureTransformAction
Transforming lifecycle-livedata-core-2.8.2-api.jar with StructureTransformAction
Transforming lifecycle-common-jvm-2.8.2.jar with StructureTransformAction
Transforming lifecycle-runtime-ktx-release-api.jar with StructureTransformAction
Transforming lifecycle-runtime-release-api.jar with StructureTransformAction
Transforming lifecycle-viewmodel-release-api.jar with StructureTransformAction
Transforming lifecycle-viewmodel-ktx-2.8.2-api.jar with StructureTransformAction
Transforming lifecycle-viewmodel-compose-release-api.jar with StructureTransformAction
Caching disabled for StructureTransformAction: /home/runner/work/AuraBrowse/AuraBrowse/app/build/intermediates/compile_and_runtime_not_namespaced_r_class_jar/debug/processDebugResources/R.jar because:
  Build cache is disabled
Transforming lifecycle-viewmodel-savedstate-2.8.2-api.jar with StructureTransformAction
Transforming core-ktx-1.13.1-api.jar with StructureTransformAction
Transforming room-common-2.6.1.jar with StructureTransformAction
Transforming room-runtime-2.6.1-api.jar with StructureTransformAction
Transforming room-ktx-2.6.1-api.jar with StructureTransformAction
Transforming okhttp-4.12.0.jar with StructureTransformAction
Caching disabled for StructureTransformAction: /home/runner/.gradle/caches/transforms-4/1df015e74f34597daf9bb6c7eaff7394/transformed/activity-compose-1.9.0-api.jar because:
  Build cache is disabled
Transforming material3-release-api.jar with StructureTransformAction
Transforming animation-core-release-api.jar with StructureTransformAction
Transforming animation-release-api.jar with StructureTransformAction
Transforming foundation-layout-release-api.jar with StructureTransformAction
Caching disabled for StructureTransformAction: /home/runner/.gradle/caches/transforms-4/e215a98593a8eb45b3cd2b52e7c57870/transformed/activity-1.9.0-api.jar because:
  Build cache is disabled
Transforming material-icons-core-release-api.jar with StructureTransformAction
Transforming material-ripple-release-api.jar with StructureTransformAction
Transforming foundation-release-api.jar with StructureTransformAction
Transforming ui-util-release-api.jar with StructureTransformAction
Transforming ui-unit-release-api.jar with StructureTransformAction
Transforming ui-text-release-api.jar with StructureTransformAction
Transforming ui-graphics-release-api.jar with StructureTransformAction
Transforming ui-geometry-release-api.jar with StructureTransformAction
Transforming ui-release-api.jar with StructureTransformAction
Transforming ui-tooling-preview-release-api.jar with StructureTransformAction
Transforming runtime-saveable-release-api.jar with StructureTransformAction
Transforming runtime-release-api.jar with StructureTransformAction
Transforming kotlinx-coroutines-core-jvm-1.7.3.jar with StructureTransformAction
Transforming kotlinx-coroutines-android-1.7.3.jar with StructureTransformAction
Transforming okio-jvm-3.6.0.jar with StructureTransformAction
Transforming kotlin-stdlib-jdk8-1.9.10.jar with StructureTransformAction
Transforming sqlite-framework-2.4.0-api.jar with StructureTransformAction
Transforming sqlite-2.4.0-api.jar with StructureTransformAction
Transforming versionedparcelable-1.1.1-api.jar with StructureTransformAction
Transforming savedstate-ktx-1.2.1-api.jar with StructureTransformAction
Transforming savedstate-1.2.1-api.jar with StructureTransformAction
Transforming collection-jvm-1.4.0.jar with StructureTransformAction
Transforming core-common-2.2.0.jar with StructureTransformAction
Transforming annotation-jvm-1.8.0.jar with StructureTransformAction
Transforming annotation-experimental-1.4.0-api.jar with StructureTransformAction
Transforming kotlin-stdlib-jdk7-1.9.10.jar with StructureTransformAction
Transforming kotlin-stdlib-1.9.24.jar with StructureTransformAction
Transforming annotations-23.0.0.jar with StructureTransformAction
Transforming android.jar with StructureTransformAction
Transforming core-lambda-stubs.jar with StructureTransformAction
Caching disabled for StructureTransformAction: /home/runner/.gradle/caches/transforms-4/a3cc285ea6abb646b84eb0ed4f5e3e5b/transformed/activity-ktx-1.9.0-api.jar because:
  Build cache is disabled
Caching disabled for StructureTransformAction: /home/runner/.gradle/caches/transforms-4/03e9916323024d6415f9f61fbd47e35b/transformed/core-1.13.1-api.jar because:
  Build cache is disabled
Caching disabled for StructureTransformAction: /home/runner/.gradle/caches/transforms-4/31238b4fa0a4d98487d147b67104267f/transformed/lifecycle-livedata-core-2.8.2-api.jar because:
  Build cache is disabled
Caching disabled for StructureTransformAction: /home/runner/.gradle/caches/modules-2/files-2.1/androidx.lifecycle/lifecycle-common-jvm/2.8.2/7174a594afb73a9ad9ac9074ce78b94af3cc52a7/lifecycle-common-jvm-2.8.2.jar because:
  Build cache is disabled
Caching disabled for StructureTransformAction: /home/runner/.gradle/caches/transforms-4/78215bd4d42c37dbf3194c3db027b218/transformed/lifecycle-runtime-ktx-release-api.jar because:
  Build cache is disabled
Caching disabled for StructureTransformAction: /home/runner/.gradle/caches/transforms-4/5e50c6b11c85dd11c29de421e9718163/transformed/lifecycle-runtime-release-api.jar because:
  Build cache is disabled
Caching disabled for StructureTransformAction: /home/runner/.gradle/caches/transforms-4/5d4864972d095752edded9700f231196/transformed/lifecycle-viewmodel-release-api.jar because:
  Build cache is disabled
Caching disabled for StructureTransformAction: /home/runner/.gradle/caches/transforms-4/44fd00afdfc1d2504736caf05ac0ff80/transformed/lifecycle-viewmodel-ktx-2.8.2-api.jar because:
  Build cache is disabled
Caching disabled for StructureTransformAction: /home/runner/.gradle/caches/transforms-4/74a411142c7c508bce84aab0b20cb1e3/transformed/lifecycle-viewmodel-compose-release-api.jar because:
  Build cache is disabled
Caching disabled for StructureTransformAction: /home/runner/.gradle/caches/transforms-4/75e519b3a5b54bb2718e946e16c1f4ff/transformed/lifecycle-viewmodel-savedstate-2.8.2-api.jar because:
  Build cache is disabled
Caching disabled for StructureTransformAction: /home/runner/.gradle/caches/transforms-4/af58e650dca29a2042338444c327b4ee/transformed/core-ktx-1.13.1-api.jar because:
  Build cache is disabled
Caching disabled for StructureTransformAction: /home/runner/.gradle/caches/modules-2/files-2.1/androidx.room/room-common/2.6.1/ff1b9580850a9b7eef56554e356628d225785265/room-common-2.6.1.jar because:
  Build cache is disabled
Caching disabled for StructureTransformAction: /home/runner/.gradle/caches/transforms-4/afd3a8f01ed085b65df7cd2ca9073896/transformed/room-runtime-2.6.1-api.jar because:
  Build cache is disabled
Caching disabled for StructureTransformAction: /home/runner/.gradle/caches/transforms-4/f3d9b90af31c04bb6e37e58c4cbfd3f1/transformed/room-ktx-2.6.1-api.jar because:
  Build cache is disabled
Caching disabled for StructureTransformAction: /home/runner/.gradle/caches/modules-2/files-2.1/com.squareup.okhttp3/okhttp/4.12.0/2f4525d4a200e97e1b87449c2cd9bd2e25b7e8cd/okhttp-4.12.0.jar because:
  Build cache is disabled
Caching disabled for StructureTransformAction: /home/runner/.gradle/caches/transforms-4/0ea5ec9765c6462f93d001c1707a473c/transformed/material3-release-api.jar because:
  Build cache is disabled
Caching disabled for StructureTransformAction: /home/runner/.gradle/caches/transforms-4/dfbcd69880fc040dd0261884f809b37c/transformed/animation-core-release-api.jar because:
  Build cache is disabled
Caching disabled for StructureTransformAction: /home/runner/.gradle/caches/transforms-4/dcab9bc4de925454e01999aaf1145c40/transformed/animation-release-api.jar because:
  Build cache is disabled
Caching disabled for StructureTransformAction: /home/runner/.gradle/caches/transforms-4/c14caa08bd1af222a230dc5d919e6ce3/transformed/foundation-layout-release-api.jar because:
  Build cache is disabled
Caching disabled for StructureTransformAction: /home/runner/.gradle/caches/transforms-4/93706331573eb156ba6ab87e85ca9f87/transformed/material-icons-core-release-api.jar because:
  Build cache is disabled
Caching disabled for StructureTransformAction: /home/runner/.gradle/caches/transforms-4/5b6e1098b6c28ed88262cd9f9dbad4fd/transformed/material-ripple-release-api.jar because:
  Build cache is disabled
Caching disabled for StructureTransformAction: /home/runner/.gradle/caches/transforms-4/b12b2c006f3a47a96a259bced0a69063/transformed/foundation-release-api.jar because:
  Build cache is disabled
Caching disabled for StructureTransformAction: /home/runner/.gradle/caches/transforms-4/8c83f3f9f6723f0feb9a819cab0cd718/transformed/ui-util-release-api.jar because:
  Build cache is disabled
Caching disabled for StructureTransformAction: /home/runner/.gradle/caches/transforms-4/260eefe6f020e6a2ceba7ef7ba513771/transformed/ui-unit-release-api.jar because:
  Build cache is disabled
Caching disabled for StructureTransformAction: /home/runner/.gradle/caches/transforms-4/cf86a53035faa88a00826b9980c9d7c8/transformed/ui-text-release-api.jar because:
  Build cache is disabled
Caching disabled for StructureTransformAction: /home/runner/.gradle/caches/transforms-4/6c404b05cb327775852ab4b9c3b15760/transformed/ui-graphics-release-api.jar because:
  Build cache is disabled
Caching disabled for StructureTransformAction: /home/runner/.gradle/caches/transforms-4/e5ddc0563353e0aa09f7732a08a33b9e/transformed/ui-geometry-release-api.jar because:
  Build cache is disabled
Caching disabled for StructureTransformAction: /home/runner/.gradle/caches/transforms-4/87a0fcf8e1ac19a1d0f7c2f9b7c0ac5f/transformed/ui-release-api.jar because:
  Build cache is disabled
Caching disabled for StructureTransformAction: /home/runner/.gradle/caches/transforms-4/bc1bd05cb720a70a7e7add05b49e0a3a/transformed/ui-tooling-preview-release-api.jar because:
  Build cache is disabled
Caching disabled for StructureTransformAction: /home/runner/.gradle/caches/transforms-4/4ed6240d23dfa3cb9e6de3a3024be615/transformed/runtime-saveable-release-api.jar because:
  Build cache is disabled
Caching disabled for StructureTransformAction: /home/runner/.gradle/caches/transforms-4/21c998f811b767e9228f4062a569c960/transformed/runtime-release-api.jar because:
  Build cache is disabled
Caching disabled for StructureTransformAction: /home/runner/.gradle/caches/modules-2/files-2.1/org.jetbrains.kotlinx/kotlinx-coroutines-core-jvm/1.7.3/2b09627576f0989a436a00a4a54b55fa5026fb86/kotlinx-coroutines-core-jvm-1.7.3.jar because:
  Build cache is disabled
Caching disabled for StructureTransformAction: /home/runner/.gradle/caches/modules-2/files-2.1/org.jetbrains.kotlinx/kotlinx-coroutines-android/1.7.3/38d9cad3a0b03a10453b56577984bdeb48edeed5/kotlinx-coroutines-android-1.7.3.jar because:
  Build cache is disabled
Caching disabled for StructureTransformAction: /home/runner/.gradle/caches/modules-2/files-2.1/com.squareup.okio/okio-jvm/3.6.0/5600569133b7bdefe1daf9ec7f4abeb6d13e1786/okio-jvm-3.6.0.jar because:
  Build cache is disabled
Caching disabled for StructureTransformAction: /home/runner/.gradle/caches/modules-2/files-2.1/org.jetbrains.kotlin/kotlin-stdlib-jdk8/1.9.10/c7510d64a83411a649c76f2778304ddf71d7437b/kotlin-stdlib-jdk8-1.9.10.jar because:
  Build cache is disabled
Caching disabled for StructureTransformAction: /home/runner/.gradle/caches/transforms-4/8b5f4f3026ab8a0aa796e7f0d16d8d98/transformed/sqlite-framework-2.4.0-api.jar because:
  Build cache is disabled
Caching disabled for StructureTransformAction: /home/runner/.gradle/caches/transforms-4/e217d3beb498a81067c2e0262fd46898/transformed/sqlite-2.4.0-api.jar because:
  Build cache is disabled
Caching disabled for StructureTransformAction: /home/runner/.gradle/caches/transforms-4/29eed406287b259232172d6542d507d2/transformed/versionedparcelable-1.1.1-api.jar because:
  Build cache is disabled
Caching disabled for StructureTransformAction: /home/runner/.gradle/caches/transforms-4/7f6aca6b97fe76823174ecf1d6817b4d/transformed/savedstate-ktx-1.2.1-api.jar because:
  Build cache is disabled
Caching disabled for StructureTransformAction: /home/runner/.gradle/caches/transforms-4/872d87fe0a5aec8a12619dedff10c17c/transformed/savedstate-1.2.1-api.jar because:
  Build cache is disabled
Caching disabled for StructureTransformAction: /home/runner/.gradle/caches/modules-2/files-2.1/androidx.collection/collection-jvm/1.4.0/e209fb7bd1183032f55a0408121c6251a81acb49/collection-jvm-1.4.0.jar because:
  Build cache is disabled
Caching disabled for StructureTransformAction: /home/runner/.gradle/caches/modules-2/files-2.1/androidx.arch.core/core-common/2.2.0/5e1b8b81dfd5f52c56a8d53b18ca759c19a301f3/core-common-2.2.0.jar because:
  Build cache is disabled
Caching disabled for StructureTransformAction: /home/runner/.gradle/caches/modules-2/files-2.1/androidx.annotation/annotation-jvm/1.8.0/b8a16fe526014b7941c1debaccaf9c5153692dbb/annotation-jvm-1.8.0.jar because:
  Build cache is disabled
Caching disabled for StructureTransformAction: /home/runner/.gradle/caches/transforms-4/56365581591c663b17bc95e7c93ceafa/transformed/annotation-experimental-1.4.0-api.jar because:
  Build cache is disabled
Caching disabled for StructureTransformAction: /home/runner/.gradle/caches/modules-2/files-2.1/org.jetbrains.kotlin/kotlin-stdlib-jdk7/1.9.10/bc5bfc2690338defd5195b05c57562f2194eeb10/kotlin-stdlib-jdk7-1.9.10.jar because:
  Build cache is disabled
Caching disabled for StructureTransformAction: /home/runner/.gradle/caches/modules-2/files-2.1/org.jetbrains/annotations/23.0.0/8cc20c07506ec18e0834947b84a864bfc094484e/annotations-23.0.0.jar because:
  Build cache is disabled
Caching disabled for StructureTransformAction: /home/runner/.gradle/caches/modules-2/files-2.1/org.jetbrains.kotlin/kotlin-stdlib/1.9.24/9928532f12c66ad816a625b3f9984f8368ca6d2b/kotlin-stdlib-1.9.24.jar because:
  Build cache is disabled
Caching disabled for StructureTransformAction: /usr/local/lib/android/sdk/platforms/android-35/android.jar because:
  Build cache is disabled
Caching disabled for StructureTransformAction: /usr/local/lib/android/sdk/build-tools/34.0.0/core-lambda-stubs.jar because:
  Build cache is disabled
[KOTLIN] Kotlin compilation 'jdkHome' argument: null

Resolve mutations for :app:mergeDebugStartupProfile (Thread[Execution worker Thread 3,5,main]) started.
:app:mergeDebugStartupProfile (Thread[Execution worker Thread 3,5,main]) started.

> Task :app:mergeDebugStartupProfile
Caching disabled for task ':app:mergeDebugStartupProfile' because:
  Build cache is disabled
  Simple merging task
Task ':app:mergeDebugStartupProfile' is not up-to-date because:
  No history is available.
Dex optimization based on startup profile is enabled, but there are no input baseline profiles found in the baselineProfiles sources. You should add /home/runner/work/AuraBrowse/AuraBrowse/app/src/main/baselineProfiles/startup-prof.txt, for instance.
Resolve mutations for :app:mergeExtDexDebug (Thread[Execution worker Thread 3,5,main]) started.
:app:mergeExtDexDebug (Thread[Execution worker Thread 3,5,main]) started.

> Task :app:kspDebugKotlin
i: starting the daemon as: /usr/lib/jvm/temurin-17-jdk-amd64/bin/java -cp /home/runner/.gradle/caches/modules-2/files-2.1/org.jetbrains.kotlin/kotlin-compiler-embeddable/1.9.24/78dab849090e6c5e2eadb6e59a11cdc28fb67a08/kotlin-compiler-embeddable-1.9.24.jar:/home/runner/.gradle/caches/modules-2/files-2.1/org.jetbrains.kotlin/kotlin-stdlib/1.9.24/9928532f12c66ad816a625b3f9984f8368ca6d2b/kotlin-stdlib-1.9.24.jar:/home/runner/.gradle/caches/modules-2/files-2.1/org.jetbrains.kotlin/kotlin-script-runtime/1.9.24/96771497da90fbc5af1c90fce148db2595a62502/kotlin-script-runtime-1.9.24.jar:/home/runner/.gradle/caches/modules-2/files-2.1/org.jetbrains.kotlin/kotlin-reflect/1.6.10/1cbe9c92c12a94eea200d23c2bbaedaf3daf5132/kotlin-reflect-1.6.10.jar:/home/runner/.gradle/caches/modules-2/files-2.1/org.jetbrains.kotlin/kotlin-daemon-embeddable/1.9.24/86685b9c5e8d170925bd9ddbdc263374a6a73281/kotlin-daemon-embeddable-1.9.24.jar:/home/runner/.gradle/caches/modules-2/files-2.1/org.jetbrains.intellij.deps/trove4j/1.0.20200330/3afb14d5f9ceb459d724e907a21145e8ff394f02/trove4j-1.0.20200330.jar:/home/runner/.gradle/caches/modules-2/files-2.1/org.jetbrains/annotations/13.0/919f0dfe192fb4e063e7dacadee7f8bb9a2672a9/annotations-13.0.jar -Djava.awt.headless=true -D$java.rmi.server.hostname=127.0.0.1 -Xmx2g -Dkotlin.environment.keepalive -ea --add-exports java.base/sun.nio.ch=ALL-UNNAMED org.jetbrains.kotlin.daemon.KotlinCompileDaemon --daemon-runFilesPath /home/runner/.kotlin/daemon --daemon-autoshutdownIdleSeconds=7200 --daemon-compilerClasspath /home/runner/.gradle/caches/modules-2/files-2.1/org.jetbrains.kotlin/kotlin-compiler-embeddable/1.9.24/78dab849090e6c5e2eadb6e59a11cdc28fb67a08/kotlin-compiler-embeddable-1.9.24.jar:/home/runner/.gradle/caches/modules-2/files-2.1/org.jetbrains.kotlin/kotlin-stdlib/1.9.24/9928532f12c66ad816a625b3f9984f8368ca6d2b/kotlin-stdlib-1.9.24.jar:/home/runner/.gradle/caches/modules-2/files-2.1/org.jetbrains.kotlin/kotlin-script-runtime/1.9.24/96771497da90fbc5af1c90fce148db2595a62502/kotlin-script-runtime-1.9.24.jar:/home/runner/.gradle/caches/modules-2/files-2.1/org.jetbrains.kotlin/kotlin-reflect/1.6.10/1cbe9c92c12a94eea200d23c2bbaedaf3daf5132/kotlin-reflect-1.6.10.jar:/home/runner/.gradle/caches/modules-2/files-2.1/org.jetbrains.kotlin/kotlin-daemon-embeddable/1.9.24/86685b9c5e8d170925bd9ddbdc263374a6a73281/kotlin-daemon-embeddable-1.9.24.jar:/home/runner/.gradle/caches/modules-2/files-2.1/org.jetbrains.intellij.deps/trove4j/1.0.20200330/3afb14d5f9ceb459d724e907a21145e8ff394f02/trove4j-1.0.20200330.jar:/home/runner/.gradle/caches/modules-2/files-2.1/org.jetbrains/annotations/13.0/919f0dfe192fb4e063e7dacadee7f8bb9a2672a9/annotations-13.0.jar
i: Received the message signalling that the daemon is ready
i: new daemon started, trying to find it
i: found daemon on port 17772 (32 ms old), trying to connect
i: connected to the daemon
i: [ksp] loaded provider(s): [androidx.room.RoomKspProcessor$Provider]
e: [ksp] /home/runner/work/AuraBrowse/AuraBrowse/app/src/main/java/com/example/aurabrowse/data/AppDatabase.kt:11: There is a problem with the query: [SQLITE_ERROR] SQL error or missing database (no such column: is_default)
e: [ksp] /home/runner/work/AuraBrowse/AuraBrowse/app/src/main/java/com/example/aurabrowse/data/AppDatabase.kt:11: Not sure how to convert a Cursor to this method's return type (kotlinx.coroutines.flow.Flow<java.util.List<com.example.aurabrowse.data.ProfileEntity>>).
e: Error occurred in KSP, check log for detail
e: file:///home/runner/work/AuraBrowse/AuraBrowse/app/src/main/java/com/example/aurabrowse/ui/SettingsActivity.kt:26:2 Missing '}

> Task :app:kspDebugKotlin FAILED

> Task :app:mergeExtDexDebug
Transforming activity-1.9.0.aar (androidx.activity:activity:1.9.0) with AarToClassTransform
Transforming activity-1.9.0.aar (androidx.activity:activity:1.9.0) with IdentityTransform
Transforming activity-ktx-1.9.0.aar (androidx.activity:activity-ktx:1.9.0) with AarToClassTransform
Transforming activity-ktx-1.9.0.aar (androidx.activity:activity-ktx:1.9.0) with IdentityTransform
Transforming material3-release.aar (androidx.compose.material3:material3-android:1.2.1) with AarToClassTransform
Transforming material3-release.aar (androidx.compose.material3:material3-android:1.2.1) with IdentityTransform
Caching disabled for IdentityTransform: /home/runner/.gradle/caches/transforms-4/9ca9eca7c9077383523504b0c9815ea4/transformed/activity-1.9.0-runtime.jar because:
  Build cache is disabled
  Caching not enabled.
Caching disabled for IdentityTransform: /home/runner/.gradle/caches/transforms-4/0943ad4fc638f6dcb46a8ae365be5411/transformed/activity-ktx-1.9.0-runtime.jar because:
  Build cache is disabled
  Caching not enabled.
Transforming activity-compose-1.9.0.aar (androidx.activity:activity-compose:1.9.0) with AarToClassTransform
Transforming activity-compose-1.9.0.aar (androidx.activity:activity-compose:1.9.0) with IdentityTransform
Transforming savedstate-ktx-1.2.1.aar (androidx.savedstate:savedstate-ktx:1.2.1) with AarToClassTransform
Transforming savedstate-ktx-1.2.1.aar (androidx.savedstate:savedstate-ktx:1.2.1) with IdentityTransform
Transforming savedstate-1.2.1.aar (androidx.savedstate:savedstate:1.2.1) with AarToClassTransform
Transforming savedstate-1.2.1.aar (androidx.savedstate:savedstate:1.2.1) with IdentityTransform
Transforming material-icons-core-release.aar (androidx.compose.material:material-icons-core-android:1.6.0) with AarToClassTransform
Transforming material-icons-core-release.aar (androidx.compose.material:material-icons-core-android:1.6.0) with IdentityTransform
Transforming material-ripple-release.aar (androidx.compose.material:material-ripple-android:1.6.0) with AarToClassTransform
Transforming material-ripple-release.aar (androidx.compose.material:material-ripple-android:1.6.0) with IdentityTransform
Transforming animation-core-release.aar (androidx.compose.animation:animation-core-android:1.6.8) with AarToClassTransform
Transforming animation-core-release.aar (androidx.compose.animation:animation-core-android:1.6.8) with IdentityTransform
Transforming animation-release.aar (androidx.compose.animation:animation-android:1.6.8) with AarToClassTransform
Transforming animation-release.aar (androidx.compose.animation:animation-android:1.6.8) with IdentityTransform
Transforming foundation-layout-release.aar (androidx.compose.foundation:foundation-layout-android:1.6.8) with AarToClassTransform
Transforming foundation-layout-release.aar (androidx.compose.foundation:foundation-layout-android:1.6.8) with IdentityTransform
Transforming foundation-release.aar (androidx.compose.foundation:foundation-android:1.6.8) with AarToClassTransform
Transforming foundation-release.aar (androidx.compose.foundation:foundation-android:1.6.8) with IdentityTransform
Transforming ui-util-release.aar (androidx.compose.ui:ui-util-android:1.6.8) with AarToClassTransform
Transforming ui-util-release.aar (androidx.compose.ui:ui-util-android:1.6.8) with IdentityTransform
Transforming ui-unit-release.aar (androidx.compose.ui:ui-unit-android:1.6.8) with AarToClassTransform
Transforming ui-unit-release.aar (androidx.compose.ui:ui-unit-android:1.6.8) with IdentityTransform
Transforming ui-graphics-release.aar (androidx.compose.ui:ui-graphics-android:1.6.8) with AarToClassTransform
Transforming ui-graphics-release.aar (androidx.compose.ui:ui-graphics-android:1.6.8) with IdentityTransform
Transforming ui-geometry-release.aar (androidx.compose.ui:ui-geometry-android:1.6.8) with AarToClassTransform
Transforming ui-geometry-release.aar (androidx.compose.ui:ui-geometry-android:1.6.8) with IdentityTransform
Transforming ui-tooling-preview-release.aar (androidx.compose.ui:ui-tooling-preview-android:1.6.8) with AarToClassTransform
Transforming ui-tooling-preview-release.aar (androidx.compose.ui:ui-tooling-preview-android:1.6.8) with IdentityTransform
Transforming ui-text-release.aar (androidx.compose.ui:ui-text-android:1.6.8) with AarToClassTransform
Transforming ui-text-release.aar (androidx.compose.ui:ui-text-android:1.6.8) with IdentityTransform
Transforming emoji2-1.3.0.aar (androidx.emoji2:emoji2:1.3.0) with AarToClassTransform
Transforming emoji2-1.3.0.aar (androidx.emoji2:emoji2:1.3.0) with IdentityTransform
Transforming activity-ktx-1.9.0.aar (androidx.activity:activity-ktx:1.9.0) with DexingNoClasspathTransform
Caching disabled for DexingNoClasspathTransform: /home/runner/.gradle/caches/transforms-4/0943ad4fc638f6dcb46a8ae365be5411/transformed/activity-ktx-1.9.0-runtime.jar because:
  Build cache is disabled
Transforming lifecycle-process-2.8.2.aar (androidx.lifecycle:lifecycle-process:2.8.2) with AarToClassTransform
Transforming lifecycle-process-2.8.2.aar (androidx.lifecycle:lifecycle-process:2.8.2) with IdentityTransform
Transforming lifecycle-livedata-core-2.8.2.aar (androidx.lifecycle:lifecycle-livedata-core:2.8.2) with AarToClassTransform
Transforming lifecycle-livedata-core-2.8.2.aar (androidx.lifecycle:lifecycle-livedata-core:2.8.2) with IdentityTransform
Transforming lifecycle-common-jvm-2.8.2.jar (androidx.lifecycle:lifecycle-common-jvm:2.8.2) with IdentityTransform
Transforming lifecycle-common-jvm-2.8.2.jar (androidx.lifecycle:lifecycle-common-jvm:2.8.2) with IdentityTransform
Transforming lifecycle-common-jvm-2.8.2.jar (androidx.lifecycle:lifecycle-common-jvm:2.8.2) with DexingNoClasspathTransform
Transforming lifecycle-runtime-ktx-release.aar (androidx.lifecycle:lifecycle-runtime-ktx-android:2.8.2) with AarToClassTransform
Transforming lifecycle-runtime-ktx-release.aar (androidx.lifecycle:lifecycle-runtime-ktx-android:2.8.2) with IdentityTransform
Transforming lifecycle-viewmodel-release.aar (androidx.lifecycle:lifecycle-viewmodel-android:2.8.2) with AarToClassTransform
Transforming lifecycle-viewmodel-release.aar (androidx.lifecycle:lifecycle-viewmodel-android:2.8.2) with IdentityTransform
Transforming lifecycle-runtime-release.aar (androidx.lifecycle:lifecycle-runtime-android:2.8.2) with AarToClassTransform
Transforming lifecycle-runtime-release.aar (androidx.lifecycle:lifecycle-runtime-android:2.8.2) with IdentityTransform
Transforming lifecycle-common-java8-2.8.2.jar (androidx.lifecycle:lifecycle-common-java8:2.8.2) with IdentityTransform
Transforming lifecycle-common-java8-2.8.2.jar (androidx.lifecycle:lifecycle-common-java8:2.8.2) with IdentityTransform
Transforming lifecycle-common-java8-2.8.2.jar (androidx.lifecycle:lifecycle-common-java8:2.8.2) with DexingNoClasspathTransform
Transforming lifecycle-viewmodel-savedstate-2.8.2.aar (androidx.lifecycle:lifecycle-viewmodel-savedstate:2.8.2) with AarToClassTransform
Transforming lifecycle-viewmodel-savedstate-2.8.2.aar (androidx.lifecycle:lifecycle-viewmodel-savedstate:2.8.2) with IdentityTransform
Running dexing transform non-incrementally for '/home/runner/.gradle/caches/transforms-4/0943ad4fc638f6dcb46a8ae365be5411/transformed/activity-ktx-1.9.0-runtime.jar'
Transforming activity-1.9.0.aar (androidx.activity:activity:1.9.0) with DexingNoClasspathTransform
Caching disabled for DexingNoClasspathTransform: /home/runner/.gradle/caches/transforms-4/9ca9eca7c9077383523504b0c9815ea4/transformed/activity-1.9.0-runtime.jar because:
  Build cache is disabled
Running dexing transform non-incrementally for '/home/runner/.gradle/caches/transforms-4/9ca9eca7c9077383523504b0c9815ea4/transformed/activity-1.9.0-runtime.jar'
Transforming lifecycle-viewmodel-ktx-2.8.2.aar (androidx.lifecycle:lifecycle-viewmodel-ktx:2.8.2) with AarToClassTransform
Transforming lifecycle-viewmodel-ktx-2.8.2.aar (androidx.lifecycle:lifecycle-viewmodel-ktx:2.8.2) with IdentityTransform
Transforming lifecycle-viewmodel-compose-release.aar (androidx.lifecycle:lifecycle-viewmodel-compose-android:2.8.2) with AarToClassTransform
Transforming lifecycle-viewmodel-compose-release.aar (androidx.lifecycle:lifecycle-viewmodel-compose-android:2.8.2) with IdentityTransform
Transforming ui-release.aar (androidx.compose.ui:ui-android:1.6.8) with AarToClassTransform
Transforming ui-release.aar (androidx.compose.ui:ui-android:1.6.8) with IdentityTransform
Transforming autofill-1.0.0.aar (androidx.autofill:autofill:1.0.0) with AarToClassTransform
Transforming autofill-1.0.0.aar (androidx.autofill:autofill:1.0.0) with IdentityTransform
Transforming core-1.13.1.aar (androidx.core:core:1.13.1) with AarToClassTransform
Transforming core-1.13.1.aar (androidx.core:core:1.13.1) with IdentityTransform
Transforming core-1.13.1.aar (androidx.core:core:1.13.1) with AarToClassTransform
Transforming core-1.13.1.aar (androidx.core:core:1.13.1) with IdentityTransform
Transforming customview-poolingcontainer-1.0.0.aar (androidx.customview:customview-poolingcontainer:1.0.0) with AarToClassTransform
Transforming customview-poolingcontainer-1.0.0.aar (androidx.customview:customview-poolingcontainer:1.0.0) with IdentityTransform
Transforming core-ktx-1.13.1.aar (androidx.core:core-ktx:1.13.1) with AarToClassTransform
Transforming core-ktx-1.13.1.aar (androidx.core:core-ktx:1.13.1) with IdentityTransform
Transforming room-common-2.6.1.jar (androidx.room:room-common:2.6.1) with IdentityTransform
Transforming room-common-2.6.1.jar (androidx.room:room-common:2.6.1) with IdentityTransform
Transforming room-common-2.6.1.jar (androidx.room:room-common:2.6.1) with DexingNoClasspathTransform
Transforming room-runtime-2.6.1.aar (androidx.room:room-runtime:2.6.1) with AarToClassTransform
Transforming room-runtime-2.6.1.aar (androidx.room:room-runtime:2.6.1) with IdentityTransform
Transforming room-ktx-2.6.1.aar (androidx.room:room-ktx:2.6.1) with AarToClassTransform
Transforming room-ktx-2.6.1.aar (androidx.room:room-ktx:2.6.1) with IdentityTransform
Transforming sqlite-framework-2.4.0.aar (androidx.sqlite:sqlite-framework:2.4.0) with AarToClassTransform
Transforming sqlite-framework-2.4.0.aar (androidx.sqlite:sqlite-framework:2.4.0) with IdentityTransform
Transforming sqlite-2.4.0.aar (androidx.sqlite:sqlite:2.4.0) with AarToClassTransform
Transforming sqlite-2.4.0.aar (androidx.sqlite:sqlite:2.4.0) with IdentityTransform
Transforming annotation-experimental-1.4.0.aar (androidx.annotation:annotation-experimental:1.4.0) with AarToClassTransform
Transforming annotation-experimental-1.4.0.aar (androidx.annotation:annotation-experimental:1.4.0) with IdentityTransform
Transforming okhttp-4.12.0.jar (com.squareup.okhttp3:okhttp:4.12.0) with IdentityTransform
Transforming okhttp-4.12.0.jar (com.squareup.okhttp3:okhttp:4.12.0) with IdentityTransform
Transforming okhttp-4.12.0.jar (com.squareup.okhttp3:okhttp:4.12.0) with DexingNoClasspathTransform
Transforming okio-jvm-3.6.0.jar (com.squareup.okio:okio-jvm:3.6.0) with IdentityTransform
Transforming okio-jvm-3.6.0.jar (com.squareup.okio:okio-jvm:3.6.0) with IdentityTransform
Transforming okio-jvm-3.6.0.jar (com.squareup.okio:okio-jvm:3.6.0) with DexingNoClasspathTransform
Transforming runtime-saveable-release.aar (androidx.compose.runtime:runtime-saveable-android:1.6.8) with AarToClassTransform
Transforming runtime-saveable-release.aar (androidx.compose.runtime:runtime-saveable-android:1.6.8) with IdentityTransform
Transforming runtime-release.aar (androidx.compose.runtime:runtime-android:1.6.8) with AarToClassTransform
Transforming runtime-release.aar (androidx.compose.runtime:runtime-android:1.6.8) with IdentityTransform
Transforming core-runtime-2.2.0.aar (androidx.arch.core:core-runtime:2.2.0) with AarToClassTransform
Transforming core-runtime-2.2.0.aar (androidx.arch.core:core-runtime:2.2.0) with IdentityTransform
Transforming interpolator-1.0.0.aar (androidx.interpolator:interpolator:1.0.0) with AarToClassTransform
Transforming interpolator-1.0.0.aar (androidx.interpolator:interpolator:1.0.0) with IdentityTransform
Transforming versionedparcelable-1.1.1.aar (androidx.versionedparcelable:versionedparcelable:1.1.1) with AarToClassTransform
Transforming versionedparcelable-1.1.1.aar (androidx.versionedparcelable:versionedparcelable:1.1.1) with IdentityTransform
Transforming core-common-2.2.0.jar (androidx.arch.core:core-common:2.2.0) with IdentityTransform
Transforming core-common-2.2.0.jar (androidx.arch.core:core-common:2.2.0) with IdentityTransform
Transforming core-common-2.2.0.jar (androidx.arch.core:core-common:2.2.0) with DexingNoClasspathTransform
Transforming profileinstaller-1.3.1.aar (androidx.profileinstaller:profileinstaller:1.3.1) with AarToClassTransform
Transforming profileinstaller-1.3.1.aar (androidx.profileinstaller:profileinstaller:1.3.1) with IdentityTransform
Transforming startup-runtime-1.1.1.aar (androidx.startup:startup-runtime:1.1.1) with AarToClassTransform
Transforming startup-runtime-1.1.1.aar (androidx.startup:startup-runtime:1.1.1) with IdentityTransform
Transforming tracing-1.0.0.aar (androidx.tracing:tracing:1.0.0) with AarToClassTransform
Transforming tracing-1.0.0.aar (androidx.tracing:tracing:1.0.0) with IdentityTransform
Transforming collection-ktx-1.4.0.jar (androidx.collection:collection-ktx:1.4.0) with IdentityTransform
Transforming collection-ktx-1.4.0.jar (androidx.collection:collection-ktx:1.4.0) with IdentityTransform
Transforming collection-ktx-1.4.0.jar (androidx.collection:collection-ktx:1.4.0) with DexingNoClasspathTransform
Transforming collection-jvm-1.4.0.jar (androidx.collection:collection-jvm:1.4.0) with IdentityTransform
Transforming collection-jvm-1.4.0.jar (androidx.collection:collection-jvm:1.4.0) with IdentityTransform
Transforming collection-jvm-1.4.0.jar (androidx.collection:collection-jvm:1.4.0) with DexingNoClasspathTransform
Transforming concurrent-futures-1.1.0.jar (androidx.concurrent:concurrent-futures:1.1.0) with IdentityTransform
Transforming concurrent-futures-1.1.0.jar (androidx.concurrent:concurrent-futures:1.1.0) with IdentityTransform
Transforming concurrent-futures-1.1.0.jar (androidx.concurrent:concurrent-futures:1.1.0) with DexingNoClasspathTransform
Transforming annotation-jvm-1.8.0.jar (androidx.annotation:annotation-jvm:1.8.0) with IdentityTransform
Transforming annotation-jvm-1.8.0.jar (androidx.annotation:annotation-jvm:1.8.0) with IdentityTransform
Transforming annotation-jvm-1.8.0.jar (androidx.annotation:annotation-jvm:1.8.0) with DexingNoClasspathTransform
Transforming kotlinx-coroutines-core-jvm-1.7.3.jar (org.jetbrains.kotlinx:kotlinx-coroutines-core-jvm:1.7.3) with IdentityTransform
Transforming kotlinx-coroutines-core-jvm-1.7.3.jar (org.jetbrains.kotlinx:kotlinx-coroutines-core-jvm:1.7.3) with IdentityTransform
Transforming kotlinx-coroutines-core-jvm-1.7.3.jar (org.jetbrains.kotlinx:kotlinx-coroutines-core-jvm:1.7.3) with DexingNoClasspathTransform
Transforming kotlinx-coroutines-android-1.7.3.jar (org.jetbrains.kotlinx:kotlinx-coroutines-android:1.7.3) with IdentityTransform
Transforming kotlinx-coroutines-android-1.7.3.jar (org.jetbrains.kotlinx:kotlinx-coroutines-android:1.7.3) with IdentityTransform
Transforming kotlinx-coroutines-android-1.7.3.jar (org.jetbrains.kotlinx:kotlinx-coroutines-android:1.7.3) with DexingNoClasspathTransform
Transforming kotlin-stdlib-jdk8-1.9.10.jar (org.jetbrains.kotlin:kotlin-stdlib-jdk8:1.9.10) with IdentityTransform
Transforming kotlin-stdlib-jdk8-1.9.10.jar (org.jetbrains.kotlin:kotlin-stdlib-jdk8:1.9.10) with IdentityTransform
Transforming kotlin-stdlib-jdk8-1.9.10.jar (org.jetbrains.kotlin:kotlin-stdlib-jdk8:1.9.10) with DexingNoClasspathTransform
Transforming kotlin-stdlib-jdk7-1.9.10.jar (org.jetbrains.kotlin:kotlin-stdlib-jdk7:1.9.10) with IdentityTransform
Transforming kotlin-stdlib-jdk7-1.9.10.jar (org.jetbrains.kotlin:kotlin-stdlib-jdk7:1.9.10) with IdentityTransform
Transforming kotlin-stdlib-jdk7-1.9.10.jar (org.jetbrains.kotlin:kotlin-stdlib-jdk7:1.9.10) with DexingNoClasspathTransform
Transforming kotlin-stdlib-1.9.24.jar (org.jetbrains.kotlin:kotlin-stdlib:1.9.24) with IdentityTransform
Transforming kotlin-stdlib-1.9.24.jar (org.jetbrains.kotlin:kotlin-stdlib:1.9.24) with IdentityTransform
Transforming kotlin-stdlib-1.9.24.jar (org.jetbrains.kotlin:kotlin-stdlib:1.9.24) with DexingNoClasspathTransform
Transforming annotations-23.0.0.jar (org.jetbrains:annotations:23.0.0) with IdentityTransform
Transforming annotations-23.0.0.jar (org.jetbrains:annotations:23.0.0) with IdentityTransform
Transforming annotations-23.0.0.jar (org.jetbrains:annotations:23.0.0) with DexingNoClasspathTransform
Transforming listenablefuture-1.0.jar (com.google.guava:listenablefuture:1.0) with IdentityTransform
Transforming listenablefuture-1.0.jar (com.google.guava:listenablefuture:1.0) with IdentityTransform
Transforming listenablefuture-1.0.jar (com.google.guava:listenablefuture:1.0) with DexingNoClasspathTransform
Caching disabled for IdentityTransform: /home/runner/.gradle/caches/transforms-4/8d87dd51f4d25fc1c60068aa8c95eb19/transformed/activity-compose-1.9.0-runtime.jar because:
  Build cache is disabled
  Caching not enabled.
Transforming activity-compose-1.9.0.aar (androidx.activity:activity-compose:1.9.0) with DexingNoClasspathTransform
Caching disabled for DexingNoClasspathTransform: /home/runner/.gradle/caches/transforms-4/8d87dd51f4d25fc1c60068aa8c95eb19/transformed/activity-compose-1.9.0-runtime.jar because:
  Build cache is disabled
Running dexing transform non-incrementally for '/home/runner/.gradle/caches/transforms-4/8d87dd51f4d25fc1c60068aa8c95eb19/transformed/activity-compose-1.9.0-runtime.jar'
Transforming activity-ktx-1.9.0.aar (androidx.activity:activity-ktx:1.9.0) with DexingOutputSplitTransform
Caching disabled for DexingOutputSplitTransform: /home/runner/.gradle/caches/transforms-4/d5919214c41de477b443b8cb08269e07/transformed/activity-ktx-1.9.0-runtime because:
  Build cache is disabled
  Caching not enabled.
Caching disabled for IdentityTransform: /home/runner/.gradle/caches/transforms-4/42dd774e64b84e35ae1c5cfff5f13947/transformed/savedstate-ktx-1.2.1-runtime.jar because:
  Build cache is disabled
  Caching not enabled.
Transforming savedstate-ktx-1.2.1.aar (androidx.savedstate:savedstate-ktx:1.2.1) with DexingNoClasspathTransform
Caching disabled for DexingNoClasspathTransform: /home/runner/.gradle/caches/transforms-4/42dd774e64b84e35ae1c5cfff5f13947/transformed/savedstate-ktx-1.2.1-runtime.jar because:
  Build cache is disabled
Running dexing transform non-incrementally for '/home/runner/.gradle/caches/transforms-4/42dd774e64b84e35ae1c5cfff5f13947/transformed/savedstate-ktx-1.2.1-runtime.jar'
Transforming savedstate-ktx-1.2.1.aar (androidx.savedstate:savedstate-ktx:1.2.1) with DexingOutputSplitTransform
Caching disabled for DexingOutputSplitTransform: /home/runner/.gradle/caches/transforms-4/670cea7de35bab810f7780df38dc9de3/transformed/savedstate-ktx-1.2.1-runtime because:
  Build cache is disabled
  Caching not enabled.
Caching disabled for IdentityTransform: /home/runner/.gradle/caches/transforms-4/f0e41b6ec5d1025a8b360682d94a64cd/transformed/savedstate-1.2.1-runtime.jar because:
  Build cache is disabled
  Caching not enabled.
Transforming savedstate-1.2.1.aar (androidx.savedstate:savedstate:1.2.1) with DexingNoClasspathTransform
Caching disabled for DexingNoClasspathTransform: /home/runner/.gradle/caches/transforms-4/f0e41b6ec5d1025a8b360682d94a64cd/transformed/savedstate-1.2.1-runtime.jar because:
  Build cache is disabled
Running dexing transform non-incrementally for '/home/runner/.gradle/caches/transforms-4/f0e41b6ec5d1025a8b360682d94a64cd/transformed/savedstate-1.2.1-runtime.jar'
Transforming savedstate-1.2.1.aar (androidx.savedstate:savedstate:1.2.1) with DexingOutputSplitTransform
Caching disabled for DexingOutputSplitTransform: /home/runner/.gradle/caches/transforms-4/2f2bea36e97a4648d82c2254fd995e46/transformed/savedstate-1.2.1-runtime because:
  Build cache is disabled
  Caching not enabled.
Caching disabled for IdentityTransform: /home/runner/.gradle/caches/transforms-4/b8af375f57ce3326fda97a35682537f1/transformed/material-icons-core-release-runtime.jar because:
  Build cache is disabled
  Caching not enabled.
Transforming material-icons-core-release.aar (androidx.compose.material:material-icons-core-android:1.6.0) with DexingNoClasspathTransform
Caching disabled for DexingNoClasspathTransform: /home/runner/.gradle/caches/transforms-4/b8af375f57ce3326fda97a35682537f1/transformed/material-icons-core-release-runtime.jar because:
  Build cache is disabled
Running dexing transform non-incrementally for '/home/runner/.gradle/caches/transforms-4/b8af375f57ce3326fda97a35682537f1/transformed/material-icons-core-release-runtime.jar'
Transforming activity-compose-1.9.0.aar (androidx.activity:activity-compose:1.9.0) with DexingOutputSplitTransform
Caching disabled for DexingOutputSplitTransform: /home/runner/.gradle/caches/transforms-4/90cf220700aab28a253a062c701e0428/transformed/activity-compose-1.9.0-runtime because:
  Build cache is disabled
  Caching not enabled.
Caching disabled for IdentityTransform: /home/runner/.gradle/caches/transforms-4/603a478843891a0ce6980156b0aa27ef/transformed/material-ripple-release-runtime.jar because:
  Build cache is disabled
  Caching not enabled.
Transforming material-ripple-release.aar (androidx.compose.material:material-ripple-android:1.6.0) with DexingNoClasspathTransform
Caching disabled for DexingNoClasspathTransform: /home/runner/.gradle/caches/transforms-4/603a478843891a0ce6980156b0aa27ef/transformed/material-ripple-release-runtime.jar because:
  Build cache is disabled
Running dexing transform non-incrementally for '/home/runner/.gradle/caches/transforms-4/603a478843891a0ce6980156b0aa27ef/transformed/material-ripple-release-runtime.jar'
Transforming material-ripple-release.aar (androidx.compose.material:material-ripple-android:1.6.0) with DexingOutputSplitTransform
Caching disabled for DexingOutputSplitTransform: /home/runner/.gradle/caches/transforms-4/224dfd4cbf615a53a91cfb495a5f2b4b/transformed/material-ripple-release-runtime because:
  Build cache is disabled
  Caching not enabled.
Caching disabled for IdentityTransform: /home/runner/.gradle/caches/transforms-4/8c81e34004d7ba93a34c9a259097c82d/transformed/animation-core-release-runtime.jar because:
  Build cache is disabled
  Caching not enabled.
Transforming animation-core-release.aar (androidx.compose.animation:animation-core-android:1.6.8) with DexingNoClasspathTransform
Caching disabled for DexingNoClasspathTransform: /home/runner/.gradle/caches/transforms-4/8c81e34004d7ba93a34c9a259097c82d/transformed/animation-core-release-runtime.jar because:
  Build cache is disabled
Running dexing transform non-incrementally for '/home/runner/.gradle/caches/transforms-4/8c81e34004d7ba93a34c9a259097c82d/transformed/animation-core-release-runtime.jar'
Transforming activity-1.9.0.aar (androidx.activity:activity:1.9.0) with DexingOutputSplitTransform
Caching disabled for DexingOutputSplitTransform: /home/runner/.gradle/caches/transforms-4/9362d5484b85861b1112c9725aa7653f/transformed/activity-1.9.0-runtime because:
  Build cache is disabled
  Caching not enabled.
Caching disabled for IdentityTransform: /home/runner/.gradle/caches/transforms-4/4f3e4b074236d3162276d19dfc50c98f/transformed/animation-release-runtime.jar because:
  Build cache is disabled
  Caching not enabled.
Transforming animation-release.aar (androidx.compose.animation:animation-android:1.6.8) with DexingNoClasspathTransform
Caching disabled for DexingNoClasspathTransform: /home/runner/.gradle/caches/transforms-4/4f3e4b074236d3162276d19dfc50c98f/transformed/animation-release-runtime.jar because:
  Build cache is disabled
Running dexing transform non-incrementally for '/home/runner/.gradle/caches/transforms-4/4f3e4b074236d3162276d19dfc50c98f/transformed/animation-release-runtime.jar'
Transforming animation-release.aar (androidx.compose.animation:animation-android:1.6.8) with DexingOutputSplitTransform
Caching disabled for DexingOutputSplitTransform: /home/runner/.gradle/caches/transforms-4/e7653251595471f09a451316492c8e05/transformed/animation-release-runtime because:
  Build cache is disabled
  Caching not enabled.
Caching disabled for IdentityTransform: /home/runner/.gradle/caches/transforms-4/0132eb654ec1a6849249080f6ca720f6/transformed/foundation-layout-release-runtime.jar because:
  Build cache is disabled
  Caching not enabled.
Transforming foundation-layout-release.aar (androidx.compose.foundation:foundation-layout-android:1.6.8) with DexingNoClasspathTransform
Caching disabled for DexingNoClasspathTransform: /home/runner/.gradle/caches/transforms-4/0132eb654ec1a6849249080f6ca720f6/transformed/foundation-layout-release-runtime.jar because:
  Build cache is disabled
Running dexing transform non-incrementally for '/home/runner/.gradle/caches/transforms-4/0132eb654ec1a6849249080f6ca720f6/transformed/foundation-layout-release-runtime.jar'
Transforming animation-core-release.aar (androidx.compose.animation:animation-core-android:1.6.8) with DexingOutputSplitTransform
Caching disabled for DexingOutputSplitTransform: /home/runner/.gradle/caches/transforms-4/b88ad9f7732aaaee56da5c98436f031e/transformed/animation-core-release-runtime because:
  Build cache is disabled
  Caching not enabled.
Caching disabled for IdentityTransform: /home/runner/.gradle/caches/transforms-4/6d67b8d48ec5c9906baef0c2573479f0/transformed/foundation-release-runtime.jar because:
  Build cache is disabled
  Caching not enabled.
Transforming foundation-release.aar (androidx.compose.foundation:foundation-android:1.6.8) with DexingNoClasspathTransform
Caching disabled for DexingNoClasspathTransform: /home/runner/.gradle/caches/transforms-4/6d67b8d48ec5c9906baef0c2573479f0/transformed/foundation-release-runtime.jar because:
  Build cache is disabled
Running dexing transform non-incrementally for '/home/runner/.gradle/caches/transforms-4/6d67b8d48ec5c9906baef0c2573479f0/transformed/foundation-release-runtime.jar'
Transforming material-icons-core-release.aar (androidx.compose.material:material-icons-core-android:1.6.0) with DexingOutputSplitTransform
Caching disabled for DexingOutputSplitTransform: /home/runner/.gradle/caches/transforms-4/21e60f2f4cbb0512312a3f1760fc73b1/transformed/material-icons-core-release-runtime because:
  Build cache is disabled
  Caching not enabled.
Caching disabled for IdentityTransform: /home/runner/.gradle/caches/transforms-4/0b585d5de871af6ec2cb487e00fba907/transformed/ui-util-release-runtime.jar because:
  Build cache is disabled
  Caching not enabled.
Transforming ui-util-release.aar (androidx.compose.ui:ui-util-android:1.6.8) with DexingNoClasspathTransform
Caching disabled for DexingNoClasspathTransform: /home/runner/.gradle/caches/transforms-4/0b585d5de871af6ec2cb487e00fba907/transformed/ui-util-release-runtime.jar because:
  Build cache is disabled
Running dexing transform non-incrementally for '/home/runner/.gradle/caches/transforms-4/0b585d5de871af6ec2cb487e00fba907/transformed/ui-util-release-runtime.jar'
Transforming ui-util-release.aar (androidx.compose.ui:ui-util-android:1.6.8) with DexingOutputSplitTransform
Caching disabled for DexingOutputSplitTransform: /home/runner/.gradle/caches/transforms-4/86ac964d7ed6cfda809f9a4df2212b77/transformed/ui-util-release-runtime because:
  Build cache is disabled
  Caching not enabled.
Caching disabled for IdentityTransform: /home/runner/.gradle/caches/transforms-4/d1df9b869d032741dcdfdb20b1ac0f4f/transformed/ui-unit-release-runtime.jar because:
  Build cache is disabled
  Caching not enabled.
Transforming ui-unit-release.aar (androidx.compose.ui:ui-unit-android:1.6.8) with DexingNoClasspathTransform
Caching disabled for DexingNoClasspathTransform: /home/runner/.gradle/caches/transforms-4/d1df9b869d032741dcdfdb20b1ac0f4f/transformed/ui-unit-release-runtime.jar because:
  Build cache is disabled
Running dexing transform non-incrementally for '/home/runner/.gradle/caches/transforms-4/d1df9b869d032741dcdfdb20b1ac0f4f/transformed/ui-unit-release-runtime.jar'
Transforming foundation-layout-release.aar (androidx.compose.foundation:foundation-layout-android:1.6.8) with DexingOutputSplitTransform
Caching disabled for DexingOutputSplitTransform: /home/runner/.gradle/caches/transforms-4/3c7279d5024a3225e35bfff8cf12eddf/transformed/foundation-layout-release-runtime because:
  Build cache is disabled
  Caching not enabled.
Caching disabled for IdentityTransform: /home/runner/.gradle/caches/transforms-4/08a1fe4924fc1ab4983a67822bef4d5e/transformed/ui-graphics-release-runtime.jar because:
  Build cache is disabled
  Caching not enabled.
Transforming ui-graphics-release.aar (androidx.compose.ui:ui-graphics-android:1.6.8) with DexingNoClasspathTransform
Caching disabled for DexingNoClasspathTransform: /home/runner/.gradle/caches/transforms-4/08a1fe4924fc1ab4983a67822bef4d5e/transformed/ui-graphics-release-runtime.jar because:
  Build cache is disabled
Running dexing transform non-incrementally for '/home/runner/.gradle/caches/transforms-4/08a1fe4924fc1ab4983a67822bef4d5e/transformed/ui-graphics-release-runtime.jar'
Transforming ui-unit-release.aar (androidx.compose.ui:ui-unit-android:1.6.8) with DexingOutputSplitTransform
Caching disabled for DexingOutputSplitTransform: /home/runner/.gradle/caches/transforms-4/81daa9868f65a205121d8f5781b2573d/transformed/ui-unit-release-runtime because:
  Build cache is disabled
  Caching not enabled.
Caching disabled for IdentityTransform: /home/runner/.gradle/caches/transforms-4/fcdc404da6297cf7d5281668fa42af45/transformed/ui-geometry-release-runtime.jar because:
  Build cache is disabled
  Caching not enabled.
Transforming ui-geometry-release.aar (androidx.compose.ui:ui-geometry-android:1.6.8) with DexingNoClasspathTransform
Caching disabled for DexingNoClasspathTransform: /home/runner/.gradle/caches/transforms-4/fcdc404da6297cf7d5281668fa42af45/transformed/ui-geometry-release-runtime.jar because:
  Build cache is disabled
Running dexing transform non-incrementally for '/home/runner/.gradle/caches/transforms-4/fcdc404da6297cf7d5281668fa42af45/transformed/ui-geometry-release-runtime.jar'
Transforming ui-geometry-release.aar (androidx.compose.ui:ui-geometry-android:1.6.8) with DexingOutputSplitTransform
Caching disabled for DexingOutputSplitTransform: /home/runner/.gradle/caches/transforms-4/8f051af7a0c9f4f7e06c0b0b3d87f4d0/transformed/ui-geometry-release-runtime because:
  Build cache is disabled
  Caching not enabled.
Caching disabled for IdentityTransform: /home/runner/.gradle/caches/transforms-4/1fcf6dfd33e2a5c7a7ccb54e0b5dfc5e/transformed/ui-tooling-preview-release-runtime.jar because:
  Build cache is disabled
  Caching not enabled.
Transforming ui-tooling-preview-release.aar (androidx.compose.ui:ui-tooling-preview-android:1.6.8) with DexingNoClasspathTransform
Caching disabled for DexingNoClasspathTransform: /home/runner/.gradle/caches/transforms-4/1fcf6dfd33e2a5c7a7ccb54e0b5dfc5e/transformed/ui-tooling-preview-release-runtime.jar because:
  Build cache is disabled
Running dexing transform non-incrementally for '/home/runner/.gradle/caches/transforms-4/1fcf6dfd33e2a5c7a7ccb54e0b5dfc5e/transformed/ui-tooling-preview-release-runtime.jar'
Transforming ui-tooling-preview-release.aar (androidx.compose.ui:ui-tooling-preview-android:1.6.8) with DexingOutputSplitTransform
Caching disabled for DexingOutputSplitTransform: /home/runner/.gradle/caches/transforms-4/51e4455312e62cce68b246bb1dea96c5/transformed/ui-tooling-preview-release-runtime because:
  Build cache is disabled
  Caching not enabled.
Caching disabled for IdentityTransform: /home/runner/.gradle/caches/transforms-4/787ebcdc22a0b186bbc9e79c89badf65/transformed/ui-text-release-runtime.jar because:
  Build cache is disabled
  Caching not enabled.
Transforming ui-text-release.aar (androidx.compose.ui:ui-text-android:1.6.8) with DexingNoClasspathTransform
Caching disabled for DexingNoClasspathTransform: /home/runner/.gradle/caches/transforms-4/787ebcdc22a0b186bbc9e79c89badf65/transformed/ui-text-release-runtime.jar because:
  Build cache is disabled
Running dexing transform non-incrementally for '/home/runner/.gradle/caches/transforms-4/787ebcdc22a0b186bbc9e79c89badf65/transformed/ui-text-release-runtime.jar'
Caching disabled for IdentityTransform: /home/runner/.gradle/caches/transforms-4/f25134f0d10c4ec983a86be5d12f423a/transformed/material3-release-runtime.jar because:
  Build cache is disabled
  Caching not enabled.
Transforming material3-release.aar (androidx.compose.material3:material3-android:1.2.1) with DexingNoClasspathTransform
Caching disabled for DexingNoClasspathTransform: /home/runner/.gradle/caches/transforms-4/f25134f0d10c4ec983a86be5d12f423a/transformed/material3-release-runtime.jar because:
  Build cache is disabled
Running dexing transform non-incrementally for '/home/runner/.gradle/caches/transforms-4/f25134f0d10c4ec983a86be5d12f423a/transformed/material3-release-runtime.jar'
Transforming ui-graphics-release.aar (androidx.compose.ui:ui-graphics-android:1.6.8) with DexingOutputSplitTransform
Caching disabled for DexingOutputSplitTransform: /home/runner/.gradle/caches/transforms-4/294bdca394576a365d90c083a3fef361/transformed/ui-graphics-release-runtime because:
  Build cache is disabled
  Caching not enabled.
Caching disabled for IdentityTransform: /home/runner/.gradle/caches/transforms-4/a9966c49a2073b2cc0b5da5d2e3472ee/transformed/emoji2-1.3.0-runtime.jar because:
  Build cache is disabled
  Caching not enabled.
Transforming emoji2-1.3.0.aar (androidx.emoji2:emoji2:1.3.0) with DexingNoClasspathTransform
Caching disabled for DexingNoClasspathTransform: /home/runner/.gradle/caches/transforms-4/a9966c49a2073b2cc0b5da5d2e3472ee/transformed/emoji2-1.3.0-runtime.jar because:
  Build cache is disabled
Running dexing transform non-incrementally for '/home/runner/.gradle/caches/transforms-4/a9966c49a2073b2cc0b5da5d2e3472ee/transformed/emoji2-1.3.0-runtime.jar'
Transforming emoji2-1.3.0.aar (androidx.emoji2:emoji2:1.3.0) with DexingOutputSplitTransform
Caching disabled for DexingOutputSplitTransform: /home/runner/.gradle/caches/transforms-4/a6cc06714403cc0b0bb15bb750d2aaac/transformed/emoji2-1.3.0-runtime because:
  Build cache is disabled
  Caching not enabled.
Caching disabled for IdentityTransform: /home/runner/.gradle/caches/transforms-4/a3aae60b3bf677c60bebe1bec9f1cba3/transformed/lifecycle-process-2.8.2-runtime.jar because:
  Build cache is disabled
  Caching not enabled.
Transforming lifecycle-process-2.8.2.aar (androidx.lifecycle:lifecycle-process:2.8.2) with DexingNoClasspathTransform
Caching disabled for DexingNoClasspathTransform: /home/runner/.gradle/caches/transforms-4/a3aae60b3bf677c60bebe1bec9f1cba3/transformed/lifecycle-process-2.8.2-runtime.jar because:
  Build cache is disabled
Running dexing transform non-incrementally for '/home/runner/.gradle/caches/transforms-4/a3aae60b3bf677c60bebe1bec9f1cba3/transformed/lifecycle-process-2.8.2-runtime.jar'
Transforming lifecycle-process-2.8.2.aar (androidx.lifecycle:lifecycle-process:2.8.2) with DexingOutputSplitTransform
Caching disabled for DexingOutputSplitTransform: /home/runner/.gradle/caches/transforms-4/8cd121f0da4bbd287313f1d373ab5823/transformed/lifecycle-process-2.8.2-runtime because:
  Build cache is disabled
  Caching not enabled.
Caching disabled for IdentityTransform: /home/runner/.gradle/caches/transforms-4/2cafb161aaf215cef40caa9d59aed4f0/transformed/lifecycle-livedata-core-2.8.2-runtime.jar because:
  Build cache is disabled
  Caching not enabled.
Transforming lifecycle-livedata-core-2.8.2.aar (androidx.lifecycle:lifecycle-livedata-core:2.8.2) with DexingNoClasspathTransform
Caching disabled for DexingNoClasspathTransform: /home/runner/.gradle/caches/transforms-4/2cafb161aaf215cef40caa9d59aed4f0/transformed/lifecycle-livedata-core-2.8.2-runtime.jar because:
  Build cache is disabled
Running dexing transform non-incrementally for '/home/runner/.gradle/caches/transforms-4/2cafb161aaf215cef40caa9d59aed4f0/transformed/lifecycle-livedata-core-2.8.2-runtime.jar'
Transforming lifecycle-livedata-core-2.8.2.aar (androidx.lifecycle:lifecycle-livedata-core:2.8.2) with DexingOutputSplitTransform
Caching disabled for DexingOutputSplitTransform: /home/runner/.gradle/caches/transforms-4/26ac9d624ccc8a529f85696aa7b62d3a/transformed/lifecycle-livedata-core-2.8.2-runtime because:
  Build cache is disabled
  Caching not enabled.
Caching disabled for DexingNoClasspathTransform: /home/runner/.gradle/caches/modules-2/files-2.1/androidx.lifecycle/lifecycle-common-jvm/2.8.2/7174a594afb73a9ad9ac9074ce78b94af3cc52a7/lifecycle-common-jvm-2.8.2.jar because:
  Build cache is disabled
Running dexing transform non-incrementally for '/home/runner/.gradle/caches/modules-2/files-2.1/androidx.lifecycle/lifecycle-common-jvm/2.8.2/7174a594afb73a9ad9ac9074ce78b94af3cc52a7/lifecycle-common-jvm-2.8.2.jar'
Transforming lifecycle-common-jvm-2.8.2.jar (androidx.lifecycle:lifecycle-common-jvm:2.8.2) with DexingOutputSplitTransform
Caching disabled for DexingOutputSplitTransform: /home/runner/.gradle/caches/transforms-4/4617febc5e33080efa5a1b8303708f5c/transformed/lifecycle-common-jvm-2.8.2 because:
  Build cache is disabled
  Caching not enabled.
Caching disabled for IdentityTransform: /home/runner/.gradle/caches/transforms-4/555f91d311e4227e46273a9bfa5daa48/transformed/lifecycle-runtime-ktx-release-runtime.jar because:
  Build cache is disabled
  Caching not enabled.
Transforming lifecycle-runtime-ktx-release.aar (androidx.lifecycle:lifecycle-runtime-ktx-android:2.8.2) with DexingNoClasspathTransform
Caching disabled for DexingNoClasspathTransform: /home/runner/.gradle/caches/transforms-4/555f91d311e4227e46273a9bfa5daa48/transformed/lifecycle-runtime-ktx-release-runtime.jar because:
  Build cache is disabled
Running dexing transform non-incrementally for '/home/runner/.gradle/caches/transforms-4/555f91d311e4227e46273a9bfa5daa48/transformed/lifecycle-runtime-ktx-release-runtime.jar'
Transforming lifecycle-runtime-ktx-release.aar (androidx.lifecycle:lifecycle-runtime-ktx-android:2.8.2) with DexingOutputSplitTransform
Caching disabled for DexingOutputSplitTransform: /home/runner/.gradle/caches/transforms-4/e9d4a4c8d6d9736dff737e5f136a0579/transformed/lifecycle-runtime-ktx-release-runtime because:
  Build cache is disabled
  Caching not enabled.
Caching disabled for IdentityTransform: /home/runner/.gradle/caches/transforms-4/78bc4ea27c0fea0ce39e38a5f482edd9/transformed/lifecycle-viewmodel-release-runtime.jar because:
  Build cache is disabled
  Caching not enabled.
Transforming lifecycle-viewmodel-release.aar (androidx.lifecycle:lifecycle-viewmodel-android:2.8.2) with DexingNoClasspathTransform
Caching disabled for DexingNoClasspathTransform: /home/runner/.gradle/caches/transforms-4/78bc4ea27c0fea0ce39e38a5f482edd9/transformed/lifecycle-viewmodel-release-runtime.jar because:
  Build cache is disabled
Running dexing transform non-incrementally for '/home/runner/.gradle/caches/transforms-4/78bc4ea27c0fea0ce39e38a5f482edd9/transformed/lifecycle-viewmodel-release-runtime.jar'
Transforming lifecycle-viewmodel-release.aar (androidx.lifecycle:lifecycle-viewmodel-android:2.8.2) with DexingOutputSplitTransform
Caching disabled for DexingOutputSplitTransform: /home/runner/.gradle/caches/transforms-4/52ee5dc79285c4bc18984f40fc18d746/transformed/lifecycle-viewmodel-release-runtime because:
  Build cache is disabled
  Caching not enabled.
Caching disabled for IdentityTransform: /home/runner/.gradle/caches/transforms-4/0990db494ddd17e188c880ed68ce4d08/transformed/lifecycle-runtime-release-runtime.jar because:
  Build cache is disabled
  Caching not enabled.
Transforming lifecycle-runtime-release.aar (androidx.lifecycle:lifecycle-runtime-android:2.8.2) with DexingNoClasspathTransform
Caching disabled for DexingNoClasspathTransform: /home/runner/.gradle/caches/transforms-4/0990db494ddd17e188c880ed68ce4d08/transformed/lifecycle-runtime-release-runtime.jar because:
  Build cache is disabled
Running dexing transform non-incrementally for '/home/runner/.gradle/caches/transforms-4/0990db494ddd17e188c880ed68ce4d08/transformed/lifecycle-runtime-release-runtime.jar'
Transforming lifecycle-runtime-release.aar (androidx.lifecycle:lifecycle-runtime-android:2.8.2) with DexingOutputSplitTransform
Caching disabled for DexingOutputSplitTransform: /home/runner/.gradle/caches/transforms-4/09ec58f8479b0bd53b5636ac6b75492c/transformed/lifecycle-runtime-release-runtime because:
  Build cache is disabled
  Caching not enabled.
Caching disabled for DexingNoClasspathTransform: /home/runner/.gradle/caches/modules-2/files-2.1/androidx.lifecycle/lifecycle-common-java8/2.8.2/2ad14aed781c4a73ed4dbb421966d408a0a06686/lifecycle-common-java8-2.8.2.jar because:
  Build cache is disabled
Running dexing transform non-incrementally for '/home/runner/.gradle/caches/modules-2/files-2.1/androidx.lifecycle/lifecycle-common-java8/2.8.2/2ad14aed781c4a73ed4dbb421966d408a0a06686/lifecycle-common-java8-2.8.2.jar'
Transforming lifecycle-common-java8-2.8.2.jar (androidx.lifecycle:lifecycle-common-java8:2.8.2) with DexingOutputSplitTransform
Caching disabled for DexingOutputSplitTransform: /home/runner/.gradle/caches/transforms-4/76c1fb14be19944a54bd38ad6cc3a4db/transformed/lifecycle-common-java8-2.8.2 because:
  Build cache is disabled
  Caching not enabled.
Caching disabled for IdentityTransform: /home/runner/.gradle/caches/transforms-4/7999098b47d8510ce2988eb285e85039/transformed/lifecycle-viewmodel-savedstate-2.8.2-runtime.jar because:
  Build cache is disabled
  Caching not enabled.
Transforming lifecycle-viewmodel-savedstate-2.8.2.aar (androidx.lifecycle:lifecycle-viewmodel-savedstate:2.8.2) with DexingNoClasspathTransform
Caching disabled for DexingNoClasspathTransform: /home/runner/.gradle/caches/transforms-4/7999098b47d8510ce2988eb285e85039/transformed/lifecycle-viewmodel-savedstate-2.8.2-runtime.jar because:
  Build cache is disabled
Running dexing transform non-incrementally for '/home/runner/.gradle/caches/transforms-4/7999098b47d8510ce2988eb285e85039/transformed/lifecycle-viewmodel-savedstate-2.8.2-runtime.jar'
Transforming lifecycle-viewmodel-savedstate-2.8.2.aar (androidx.lifecycle:lifecycle-viewmodel-savedstate:2.8.2) with DexingOutputSplitTransform
Caching disabled for DexingOutputSplitTransform: /home/runner/.gradle/caches/transforms-4/23aa92bc3cbc018a8ccc32d6442f166d/transformed/lifecycle-viewmodel-savedstate-2.8.2-runtime because:
  Build cache is disabled
  Caching not enabled.
Caching disabled for IdentityTransform: /home/runner/.gradle/caches/transforms-4/c8e03aed680814adcd821c43ba385876/transformed/lifecycle-viewmodel-ktx-2.8.2-runtime.jar because:
  Build cache is disabled
  Caching not enabled.
Transforming lifecycle-viewmodel-ktx-2.8.2.aar (androidx.lifecycle:lifecycle-viewmodel-ktx:2.8.2) with DexingNoClasspathTransform
Caching disabled for DexingNoClasspathTransform: /home/runner/.gradle/caches/transforms-4/c8e03aed680814adcd821c43ba385876/transformed/lifecycle-viewmodel-ktx-2.8.2-runtime.jar because:
  Build cache is disabled
Running dexing transform non-incrementally for '/home/runner/.gradle/caches/transforms-4/c8e03aed680814adcd821c43ba385876/transformed/lifecycle-viewmodel-ktx-2.8.2-runtime.jar'
Transforming lifecycle-viewmodel-ktx-2.8.2.aar (androidx.lifecycle:lifecycle-viewmodel-ktx:2.8.2) with DexingOutputSplitTransform
Caching disabled for DexingOutputSplitTransform: /home/runner/.gradle/caches/transforms-4/ab3f9995098f9c767f2bfcd8d474578d/transformed/lifecycle-viewmodel-ktx-2.8.2-runtime because:
  Build cache is disabled
  Caching not enabled.
Caching disabled for IdentityTransform: /home/runner/.gradle/caches/transforms-4/28d539cf4f8ce7e3987aafbfd940c088/transformed/lifecycle-viewmodel-compose-release-runtime.jar because:
  Build cache is disabled
  Caching not enabled.
Transforming lifecycle-viewmodel-compose-release.aar (androidx.lifecycle:lifecycle-viewmodel-compose-android:2.8.2) with DexingNoClasspathTransform
Caching disabled for DexingNoClasspathTransform: /home/runner/.gradle/caches/transforms-4/28d539cf4f8ce7e3987aafbfd940c088/transformed/lifecycle-viewmodel-compose-release-runtime.jar because:
  Build cache is disabled
Running dexing transform non-incrementally for '/home/runner/.gradle/caches/transforms-4/28d539cf4f8ce7e3987aafbfd940c088/transformed/lifecycle-viewmodel-compose-release-runtime.jar'
Transforming lifecycle-viewmodel-compose-release.aar (androidx.lifecycle:lifecycle-viewmodel-compose-android:2.8.2) with DexingOutputSplitTransform
Caching disabled for DexingOutputSplitTransform: /home/runner/.gradle/caches/transforms-4/43f13f018442c5b2ccd3a67f06944736/transformed/lifecycle-viewmodel-compose-release-runtime because:
  Build cache is disabled
  Caching not enabled.
Caching disabled for IdentityTransform: /home/runner/.gradle/caches/transforms-4/ebf7bbc3238dab3b2ccce1b87a710962/transformed/ui-release-runtime.jar because:
  Build cache is disabled
  Caching not enabled.
Transforming ui-release.aar (androidx.compose.ui:ui-android:1.6.8) with DexingNoClasspathTransform
Caching disabled for DexingNoClasspathTransform: /home/runner/.gradle/caches/transforms-4/ebf7bbc3238dab3b2ccce1b87a710962/transformed/ui-release-runtime.jar because:
  Build cache is disabled
Running dexing transform non-incrementally for '/home/runner/.gradle/caches/transforms-4/ebf7bbc3238dab3b2ccce1b87a710962/transformed/ui-release-runtime.jar'
Transforming ui-text-release.aar (androidx.compose.ui:ui-text-android:1.6.8) with DexingOutputSplitTransform
Caching disabled for DexingOutputSplitTransform: /home/runner/.gradle/caches/transforms-4/c40eaf77f336aabf702e0705bfadac3b/transformed/ui-text-release-runtime because:
  Build cache is disabled
  Caching not enabled.
Caching disabled for IdentityTransform: /home/runner/.gradle/caches/transforms-4/1b721357372dbebc0e048ffdd2eb5d4a/transformed/autofill-1.0.0-runtime.jar because:
  Build cache is disabled
  Caching not enabled.
Transforming autofill-1.0.0.aar (androidx.autofill:autofill:1.0.0) with DexingNoClasspathTransform
Caching disabled for DexingNoClasspathTransform: /home/runner/.gradle/caches/transforms-4/1b721357372dbebc0e048ffdd2eb5d4a/transformed/autofill-1.0.0-runtime.jar because:
  Build cache is disabled
Running dexing transform non-incrementally for '/home/runner/.gradle/caches/transforms-4/1b721357372dbebc0e048ffdd2eb5d4a/transformed/autofill-1.0.0-runtime.jar'
Transforming autofill-1.0.0.aar (androidx.autofill:autofill:1.0.0) with DexingOutputSplitTransform
Caching disabled for DexingOutputSplitTransform: /home/runner/.gradle/caches/transforms-4/8ed62f56885496c2ecbdf83da30eef44/transformed/autofill-1.0.0-runtime because:
  Build cache is disabled
  Caching not enabled.
Caching disabled for IdentityTransform: /home/runner/.gradle/caches/transforms-4/bafa12d9fe45a0e80f234c1e65282312/transformed/core-1.13.1-runtime.jar because:
  Build cache is disabled
  Caching not enabled.
Transforming core-1.13.1.aar (androidx.core:core:1.13.1) with DexingNoClasspathTransform
Caching disabled for DexingNoClasspathTransform: /home/runner/.gradle/caches/transforms-4/bafa12d9fe45a0e80f234c1e65282312/transformed/core-1.13.1-runtime.jar because:
  Build cache is disabled
Running dexing transform non-incrementally for '/home/runner/.gradle/caches/transforms-4/bafa12d9fe45a0e80f234c1e65282312/transformed/core-1.13.1-runtime.jar'
Transforming core-1.13.1.aar (androidx.core:core:1.13.1) with DexingOutputSplitTransform
Caching disabled for DexingOutputSplitTransform: /home/runner/.gradle/caches/transforms-4/34e04db8f3cd9ede5aefa5e1f6167806/transformed/core-1.13.1-runtime because:
  Build cache is disabled
  Caching not enabled.
Transforming core-1.13.1.aar (androidx.core:core:1.13.1) with DexingNoClasspathTransform
Transforming core-1.13.1.aar (androidx.core:core:1.13.1) with DexingOutputSplitTransform
Caching disabled for IdentityTransform: /home/runner/.gradle/caches/transforms-4/027679fba0af05d6d0cf31848c49e513/transformed/customview-poolingcontainer-1.0.0-runtime.jar because:
  Build cache is disabled
  Caching not enabled.
Transforming customview-poolingcontainer-1.0.0.aar (androidx.customview:customview-poolingcontainer:1.0.0) with DexingNoClasspathTransform
Caching disabled for DexingNoClasspathTransform: /home/runner/.gradle/caches/transforms-4/027679fba0af05d6d0cf31848c49e513/transformed/customview-poolingcontainer-1.0.0-runtime.jar because:
  Build cache is disabled
Running dexing transform non-incrementally for '/home/runner/.gradle/caches/transforms-4/027679fba0af05d6d0cf31848c49e513/transformed/customview-poolingcontainer-1.0.0-runtime.jar'
Transforming customview-poolingcontainer-1.0.0.aar (androidx.customview:customview-poolingcontainer:1.0.0) with DexingOutputSplitTransform
Caching disabled for DexingOutputSplitTransform: /home/runner/.gradle/caches/transforms-4/a65271ee49b3e389307b4b9587689bf6/transformed/customview-poolingcontainer-1.0.0-runtime because:
  Build cache is disabled
  Caching not enabled.
Caching disabled for IdentityTransform: /home/runner/.gradle/caches/transforms-4/9532196cafc2333e6ff3f3b640f6ebbc/transformed/core-ktx-1.13.1-runtime.jar because:
  Build cache is disabled
  Caching not enabled.
Transforming core-ktx-1.13.1.aar (androidx.core:core-ktx:1.13.1) with DexingNoClasspathTransform
Caching disabled for DexingNoClasspathTransform: /home/runner/.gradle/caches/transforms-4/9532196cafc2333e6ff3f3b640f6ebbc/transformed/core-ktx-1.13.1-runtime.jar because:
  Build cache is disabled
Running dexing transform non-incrementally for '/home/runner/.gradle/caches/transforms-4/9532196cafc2333e6ff3f3b640f6ebbc/transformed/core-ktx-1.13.1-runtime.jar'
Transforming core-ktx-1.13.1.aar (androidx.core:core-ktx:1.13.1) with DexingOutputSplitTransform
Caching disabled for DexingOutputSplitTransform: /home/runner/.gradle/caches/transforms-4/e44379714e1da4716af1516a8a9817cb/transformed/core-ktx-1.13.1-runtime because:
  Build cache is disabled
  Caching not enabled.
Caching disabled for DexingNoClasspathTransform: /home/runner/.gradle/caches/modules-2/files-2.1/androidx.room/room-common/2.6.1/ff1b9580850a9b7eef56554e356628d225785265/room-common-2.6.1.jar because:
  Build cache is disabled
Running dexing transform non-incrementally for '/home/runner/.gradle/caches/modules-2/files-2.1/androidx.room/room-common/2.6.1/ff1b9580850a9b7eef56554e356628d225785265/room-common-2.6.1.jar'
Transforming room-common-2.6.1.jar (androidx.room:room-common:2.6.1) with DexingOutputSplitTransform
Caching disabled for DexingOutputSplitTransform: /home/runner/.gradle/caches/transforms-4/af33f9db749c1481109ae95a99c705bb/transformed/room-common-2.6.1 because:
  Build cache is disabled
  Caching not enabled.
Caching disabled for IdentityTransform: /home/runner/.gradle/caches/transforms-4/5c9d368d239b7ae8ad1bccad935c1562/transformed/room-runtime-2.6.1-runtime.jar because:
  Build cache is disabled
  Caching not enabled.
Transforming room-runtime-2.6.1.aar (androidx.room:room-runtime:2.6.1) with DexingNoClasspathTransform
Caching disabled for DexingNoClasspathTransform: /home/runner/.gradle/caches/transforms-4/5c9d368d239b7ae8ad1bccad935c1562/transformed/room-runtime-2.6.1-runtime.jar because:
  Build cache is disabled
Running dexing transform non-incrementally for '/home/runner/.gradle/caches/transforms-4/5c9d368d239b7ae8ad1bccad935c1562/transformed/room-runtime-2.6.1-runtime.jar'
Transforming foundation-release.aar (androidx.compose.foundation:foundation-android:1.6.8) with DexingOutputSplitTransform
Caching disabled for DexingOutputSplitTransform: /home/runner/.gradle/caches/transforms-4/4312172c4109bc580650e2beca7a2044/transformed/foundation-release-runtime because:
  Build cache is disabled
  Caching not enabled.
Caching disabled for IdentityTransform: /home/runner/.gradle/caches/transforms-4/71198453958e7fbf295d7c6ab9a34e3f/transformed/room-ktx-2.6.1-runtime.jar because:
  Build cache is disabled
  Caching not enabled.
Transforming room-ktx-2.6.1.aar (androidx.room:room-ktx:2.6.1) with DexingNoClasspathTransform
Caching disabled for DexingNoClasspathTransform: /home/runner/.gradle/caches/transforms-4/71198453958e7fbf295d7c6ab9a34e3f/transformed/room-ktx-2.6.1-runtime.jar because:
  Build cache is disabled
Running dexing transform non-incrementally for '/home/runner/.gradle/caches/transforms-4/71198453958e7fbf295d7c6ab9a34e3f/transformed/room-ktx-2.6.1-runtime.jar'
Transforming room-ktx-2.6.1.aar (androidx.room:room-ktx:2.6.1) with DexingOutputSplitTransform
Caching disabled for DexingOutputSplitTransform: /home/runner/.gradle/caches/transforms-4/d92f32935edb84733bed66e3a26b8004/transformed/room-ktx-2.6.1-runtime because:
  Build cache is disabled
  Caching not enabled.
Caching disabled for IdentityTransform: /home/runner/.gradle/caches/transforms-4/37756271ae6d85d4d08ea350d08e75fe/transformed/sqlite-framework-2.4.0-runtime.jar because:
  Build cache is disabled
  Caching not enabled.
Transforming sqlite-framework-2.4.0.aar (androidx.sqlite:sqlite-framework:2.4.0) with DexingNoClasspathTransform
Caching disabled for DexingNoClasspathTransform: /home/runner/.gradle/caches/transforms-4/37756271ae6d85d4d08ea350d08e75fe/transformed/sqlite-framework-2.4.0-runtime.jar because:
  Build cache is disabled
Running dexing transform non-incrementally for '/home/runner/.gradle/caches/transforms-4/37756271ae6d85d4d08ea350d08e75fe/transformed/sqlite-framework-2.4.0-runtime.jar'
Transforming sqlite-framework-2.4.0.aar (androidx.sqlite:sqlite-framework:2.4.0) with DexingOutputSplitTransform
Caching disabled for DexingOutputSplitTransform: /home/runner/.gradle/caches/transforms-4/5393c7fccf05f8c27f82cc0adf0dde29/transformed/sqlite-framework-2.4.0-runtime because:
  Build cache is disabled
  Caching not enabled.
Caching disabled for IdentityTransform: /home/runner/.gradle/caches/transforms-4/7fcdd08a2424b2dd1d847a1ed519e457/transformed/sqlite-2.4.0-runtime.jar because:
  Build cache is disabled
  Caching not enabled.
Transforming sqlite-2.4.0.aar (androidx.sqlite:sqlite:2.4.0) with DexingNoClasspathTransform
Caching disabled for DexingNoClasspathTransform: /home/runner/.gradle/caches/transforms-4/7fcdd08a2424b2dd1d847a1ed519e457/transformed/sqlite-2.4.0-runtime.jar because:
  Build cache is disabled
Running dexing transform non-incrementally for '/home/runner/.gradle/caches/transforms-4/7fcdd08a2424b2dd1d847a1ed519e457/transformed/sqlite-2.4.0-runtime.jar'
Transforming room-runtime-2.6.1.aar (androidx.room:room-runtime:2.6.1) with DexingOutputSplitTransform
Caching disabled for DexingOutputSplitTransform: /home/runner/.gradle/caches/transforms-4/c1689d6f167ff7ab79be611bc137c70f/transformed/room-runtime-2.6.1-runtime because:
  Build cache is disabled
  Caching not enabled.
Caching disabled for IdentityTransform: /home/runner/.gradle/caches/transforms-4/9699b59ca490a7d89665c3f2f1295b1d/transformed/annotation-experimental-1.4.0-runtime.jar because:
  Build cache is disabled
  Caching not enabled.
Transforming annotation-experimental-1.4.0.aar (androidx.annotation:annotation-experimental:1.4.0) with DexingNoClasspathTransform
Caching disabled for DexingNoClasspathTransform: /home/runner/.gradle/caches/transforms-4/9699b59ca490a7d89665c3f2f1295b1d/transformed/annotation-experimental-1.4.0-runtime.jar because:
  Build cache is disabled
Running dexing transform non-incrementally for '/home/runner/.gradle/caches/transforms-4/9699b59ca490a7d89665c3f2f1295b1d/transformed/annotation-experimental-1.4.0-runtime.jar'
Transforming annotation-experimental-1.4.0.aar (androidx.annotation:annotation-experimental:1.4.0) with DexingOutputSplitTransform
Caching disabled for DexingOutputSplitTransform: /home/runner/.gradle/caches/transforms-4/58aca69286c3a3b5f5a4b030a8ff6bae/transformed/annotation-experimental-1.4.0-runtime because:
  Build cache is disabled
  Caching not enabled.
Caching disabled for DexingNoClasspathTransform: /home/runner/.gradle/caches/modules-2/files-2.1/com.squareup.okhttp3/okhttp/4.12.0/2f4525d4a200e97e1b87449c2cd9bd2e25b7e8cd/okhttp-4.12.0.jar because:
  Build cache is disabled
Running dexing transform non-incrementally for '/home/runner/.gradle/caches/modules-2/files-2.1/com.squareup.okhttp3/okhttp/4.12.0/2f4525d4a200e97e1b87449c2cd9bd2e25b7e8cd/okhttp-4.12.0.jar'
Transforming sqlite-2.4.0.aar (androidx.sqlite:sqlite:2.4.0) with DexingOutputSplitTransform
Caching disabled for DexingOutputSplitTransform: /home/runner/.gradle/caches/transforms-4/5f0d1a644510d862ff8ed7962f71d789/transformed/sqlite-2.4.0-runtime because:
  Build cache is disabled
  Caching not enabled.
Caching disabled for DexingNoClasspathTransform: /home/runner/.gradle/caches/modules-2/files-2.1/com.squareup.okio/okio-jvm/3.6.0/5600569133b7bdefe1daf9ec7f4abeb6d13e1786/okio-jvm-3.6.0.jar because:
  Build cache is disabled
Running dexing transform non-incrementally for '/home/runner/.gradle/caches/modules-2/files-2.1/com.squareup.okio/okio-jvm/3.6.0/5600569133b7bdefe1daf9ec7f4abeb6d13e1786/okio-jvm-3.6.0.jar'
Transforming ui-release.aar (androidx.compose.ui:ui-android:1.6.8) with DexingOutputSplitTransform
Caching disabled for DexingOutputSplitTransform: /home/runner/.gradle/caches/transforms-4/6dfb33286d2f2bac11651c99d961d7dd/transformed/ui-release-runtime because:
  Build cache is disabled
  Caching not enabled.
Caching disabled for IdentityTransform: /home/runner/.gradle/caches/transforms-4/3c1ee7e73000b613e92724faee340db9/transformed/runtime-saveable-release-runtime.jar because:
  Build cache is disabled
  Caching not enabled.
Transforming runtime-saveable-release.aar (androidx.compose.runtime:runtime-saveable-android:1.6.8) with DexingNoClasspathTransform
Caching disabled for DexingNoClasspathTransform: /home/runner/.gradle/caches/transforms-4/3c1ee7e73000b613e92724faee340db9/transformed/runtime-saveable-release-runtime.jar because:
  Build cache is disabled
Running dexing transform non-incrementally for '/home/runner/.gradle/caches/transforms-4/3c1ee7e73000b613e92724faee340db9/transformed/runtime-saveable-release-runtime.jar'
Transforming runtime-saveable-release.aar (androidx.compose.runtime:runtime-saveable-android:1.6.8) with DexingOutputSplitTransform
Caching disabled for DexingOutputSplitTransform: /home/runner/.gradle/caches/transforms-4/247e365f6681548b572a812437a8d84f/transformed/runtime-saveable-release-runtime because:
  Build cache is disabled
  Caching not enabled.
Caching disabled for IdentityTransform: /home/runner/.gradle/caches/transforms-4/4bb8e65695754372cf91dcfa317beefa/transformed/runtime-release-runtime.jar because:
  Build cache is disabled
  Caching not enabled.
Transforming runtime-release.aar (androidx.compose.runtime:runtime-android:1.6.8) with DexingNoClasspathTransform
Caching disabled for DexingNoClasspathTransform: /home/runner/.gradle/caches/transforms-4/4bb8e65695754372cf91dcfa317beefa/transformed/runtime-release-runtime.jar because:
  Build cache is disabled
Running dexing transform non-incrementally for '/home/runner/.gradle/caches/transforms-4/4bb8e65695754372cf91dcfa317beefa/transformed/runtime-release-runtime.jar'
Transforming okio-jvm-3.6.0.jar (com.squareup.okio:okio-jvm:3.6.0) with DexingOutputSplitTransform
Caching disabled for DexingOutputSplitTransform: /home/runner/.gradle/caches/transforms-4/e3204e6a47a9c6438bd214c7b31d6541/transformed/okio-jvm-3.6.0 because:
  Build cache is disabled
  Caching not enabled.
Caching disabled for IdentityTransform: /home/runner/.gradle/caches/transforms-4/add564ff7a9a9233ddf91b39c309a0ad/transformed/core-runtime-2.2.0-runtime.jar because:
  Build cache is disabled
  Caching not enabled.
Transforming core-runtime-2.2.0.aar (androidx.arch.core:core-runtime:2.2.0) with DexingNoClasspathTransform
Caching disabled for DexingNoClasspathTransform: /home/runner/.gradle/caches/transforms-4/add564ff7a9a9233ddf91b39c309a0ad/transformed/core-runtime-2.2.0-runtime.jar because:
  Build cache is disabled
Running dexing transform non-incrementally for '/home/runner/.gradle/caches/transforms-4/add564ff7a9a9233ddf91b39c309a0ad/transformed/core-runtime-2.2.0-runtime.jar'
Transforming core-runtime-2.2.0.aar (androidx.arch.core:core-runtime:2.2.0) with DexingOutputSplitTransform
Caching disabled for DexingOutputSplitTransform: /home/runner/.gradle/caches/transforms-4/6edbdf11cef51f28ad3ca8eeba3b9146/transformed/core-runtime-2.2.0-runtime because:
  Build cache is disabled
  Caching not enabled.
Caching disabled for IdentityTransform: /home/runner/.gradle/caches/transforms-4/4e2243852a99a9b2e1fd70da3a2d9989/transformed/interpolator-1.0.0-runtime.jar because:
  Build cache is disabled
  Caching not enabled.
Transforming interpolator-1.0.0.aar (androidx.interpolator:interpolator:1.0.0) with DexingNoClasspathTransform
Caching disabled for DexingNoClasspathTransform: /home/runner/.gradle/caches/transforms-4/4e2243852a99a9b2e1fd70da3a2d9989/transformed/interpolator-1.0.0-runtime.jar because:
  Build cache is disabled
Running dexing transform non-incrementally for '/home/runner/.gradle/caches/transforms-4/4e2243852a99a9b2e1fd70da3a2d9989/transformed/interpolator-1.0.0-runtime.jar'
Transforming interpolator-1.0.0.aar (androidx.interpolator:interpolator:1.0.0) with DexingOutputSplitTransform
Caching disabled for DexingOutputSplitTransform: /home/runner/.gradle/caches/transforms-4/ba457a795d8c177b7c0ea5a298e026b3/transformed/interpolator-1.0.0-runtime because:
  Build cache is disabled
  Caching not enabled.
Caching disabled for IdentityTransform: /home/runner/.gradle/caches/transforms-4/6adc7be0b81590a7214fdc2f2c7efbf5/transformed/versionedparcelable-1.1.1-runtime.jar because:
  Build cache is disabled
  Caching not enabled.
Transforming versionedparcelable-1.1.1.aar (androidx.versionedparcelable:versionedparcelable:1.1.1) with DexingNoClasspathTransform
Caching disabled for DexingNoClasspathTransform: /home/runner/.gradle/caches/transforms-4/6adc7be0b81590a7214fdc2f2c7efbf5/transformed/versionedparcelable-1.1.1-runtime.jar because:
  Build cache is disabled
Running dexing transform non-incrementally for '/home/runner/.gradle/caches/transforms-4/6adc7be0b81590a7214fdc2f2c7efbf5/transformed/versionedparcelable-1.1.1-runtime.jar'
Transforming versionedparcelable-1.1.1.aar (androidx.versionedparcelable:versionedparcelable:1.1.1) with DexingOutputSplitTransform
Caching disabled for DexingOutputSplitTransform: /home/runner/.gradle/caches/transforms-4/2ba77b4795462da4f0d523d2f3ca3ef9/transformed/versionedparcelable-1.1.1-runtime because:
  Build cache is disabled
  Caching not enabled.
Caching disabled for DexingNoClasspathTransform: /home/runner/.gradle/caches/modules-2/files-2.1/androidx.arch.core/core-common/2.2.0/5e1b8b81dfd5f52c56a8d53b18ca759c19a301f3/core-common-2.2.0.jar because:
  Build cache is disabled
Running dexing transform non-incrementally for '/home/runner/.gradle/caches/modules-2/files-2.1/androidx.arch.core/core-common/2.2.0/5e1b8b81dfd5f52c56a8d53b18ca759c19a301f3/core-common-2.2.0.jar'
Transforming core-common-2.2.0.jar (androidx.arch.core:core-common:2.2.0) with DexingOutputSplitTransform
Caching disabled for DexingOutputSplitTransform: /home/runner/.gradle/caches/transforms-4/adbcebdf760e61a2c7c2ba9232667d06/transformed/core-common-2.2.0 because:
  Build cache is disabled
  Caching not enabled.
Caching disabled for IdentityTransform: /home/runner/.gradle/caches/transforms-4/9ccd6305875ba78bb4b1d62dbbfe6a95/transformed/profileinstaller-1.3.1-runtime.jar because:
  Build cache is disabled
  Caching not enabled.
Transforming profileinstaller-1.3.1.aar (androidx.profileinstaller:profileinstaller:1.3.1) with DexingNoClasspathTransform
Caching disabled for DexingNoClasspathTransform: /home/runner/.gradle/caches/transforms-4/9ccd6305875ba78bb4b1d62dbbfe6a95/transformed/profileinstaller-1.3.1-runtime.jar because:
  Build cache is disabled
Running dexing transform non-incrementally for '/home/runner/.gradle/caches/transforms-4/9ccd6305875ba78bb4b1d62dbbfe6a95/transformed/profileinstaller-1.3.1-runtime.jar'
Transforming profileinstaller-1.3.1.aar (androidx.profileinstaller:profileinstaller:1.3.1) with DexingOutputSplitTransform
Caching disabled for DexingOutputSplitTransform: /home/runner/.gradle/caches/transforms-4/24d31ba2f39f423c696fce51faa25597/transformed/profileinstaller-1.3.1-runtime because:
  Build cache is disabled
  Caching not enabled.
Caching disabled for IdentityTransform: /home/runner/.gradle/caches/transforms-4/e34018a2832a0b4e84a469b9cae4e954/transformed/startup-runtime-1.1.1-runtime.jar because:
  Build cache is disabled
  Caching not enabled.
Transforming startup-runtime-1.1.1.aar (androidx.startup:startup-runtime:1.1.1) with DexingNoClasspathTransform
Caching disabled for DexingNoClasspathTransform: /home/runner/.gradle/caches/transforms-4/e34018a2832a0b4e84a469b9cae4e954/transformed/startup-runtime-1.1.1-runtime.jar because:
  Build cache is disabled
Running dexing transform non-incrementally for '/home/runner/.gradle/caches/transforms-4/e34018a2832a0b4e84a469b9cae4e954/transformed/startup-runtime-1.1.1-runtime.jar'
Transforming startup-runtime-1.1.1.aar (androidx.startup:startup-runtime:1.1.1) with DexingOutputSplitTransform
Caching disabled for DexingOutputSplitTransform: /home/runner/.gradle/caches/transforms-4/43f7a3fc9d1966cd6e232ae2ead8c92b/transformed/startup-runtime-1.1.1-runtime because:
  Build cache is disabled
  Caching not enabled.
Caching disabled for IdentityTransform: /home/runner/.gradle/caches/transforms-4/920ff69c1a72f29f1204be559b6bcb1b/transformed/tracing-1.0.0-runtime.jar because:
  Build cache is disabled
  Caching not enabled.
Transforming tracing-1.0.0.aar (androidx.tracing:tracing:1.0.0) with DexingNoClasspathTransform
Caching disabled for DexingNoClasspathTransform: /home/runner/.gradle/caches/transforms-4/920ff69c1a72f29f1204be559b6bcb1b/transformed/tracing-1.0.0-runtime.jar because:
  Build cache is disabled
Running dexing transform non-incrementally for '/home/runner/.gradle/caches/transforms-4/920ff69c1a72f29f1204be559b6bcb1b/transformed/tracing-1.0.0-runtime.jar'
Transforming tracing-1.0.0.aar (androidx.tracing:tracing:1.0.0) with DexingOutputSplitTransform
Caching disabled for DexingOutputSplitTransform: /home/runner/.gradle/caches/transforms-4/bbf04743ed582e1960342fb101a8c4bc/transformed/tracing-1.0.0-runtime because:
  Build cache is disabled
  Caching not enabled.
Caching disabled for DexingNoClasspathTransform: /home/runner/.gradle/caches/modules-2/files-2.1/androidx.collection/collection-ktx/1.4.0/2ad14aed781c4a73ed4dbb421966d408a0a06686/collection-ktx-1.4.0.jar because:
  Build cache is disabled
Running dexing transform non-incrementally for '/home/runner/.gradle/caches/modules-2/files-2.1/androidx.collection/collection-ktx/1.4.0/2ad14aed781c4a73ed4dbb421966d408a0a06686/collection-ktx-1.4.0.jar'
Transforming collection-ktx-1.4.0.jar (androidx.collection:collection-ktx:1.4.0) with DexingOutputSplitTransform
Caching disabled for DexingOutputSplitTransform: /home/runner/.gradle/caches/transforms-4/77a6953624b81108754e78a3cddf01dd/transformed/collection-ktx-1.4.0 because:
  Build cache is disabled
  Caching not enabled.
Caching disabled for DexingNoClasspathTransform: /home/runner/.gradle/caches/modules-2/files-2.1/androidx.collection/collection-jvm/1.4.0/e209fb7bd1183032f55a0408121c6251a81acb49/collection-jvm-1.4.0.jar because:
  Build cache is disabled
Running dexing transform non-incrementally for '/home/runner/.gradle/caches/modules-2/files-2.1/androidx.collection/collection-jvm/1.4.0/e209fb7bd1183032f55a0408121c6251a81acb49/collection-jvm-1.4.0.jar'
Transforming okhttp-4.12.0.jar (com.squareup.okhttp3:okhttp:4.12.0) with DexingOutputSplitTransform
Caching disabled for DexingOutputSplitTransform: /home/runner/.gradle/caches/transforms-4/a0922edd4632d8048eea3a6a9822a38a/transformed/okhttp-4.12.0 because:
  Build cache is disabled
  Caching not enabled.
Caching disabled for DexingNoClasspathTransform: /home/runner/.gradle/caches/modules-2/files-2.1/androidx.concurrent/concurrent-futures/1.1.0/50b7fb98350d5f42a4e49704b03278542293ba48/concurrent-futures-1.1.0.jar because:
  Build cache is disabled
Running dexing transform non-incrementally for '/home/runner/.gradle/caches/modules-2/files-2.1/androidx.concurrent/concurrent-futures/1.1.0/50b7fb98350d5f42a4e49704b03278542293ba48/concurrent-futures-1.1.0.jar'
Transforming concurrent-futures-1.1.0.jar (androidx.concurrent:concurrent-futures:1.1.0) with DexingOutputSplitTransform
Caching disabled for DexingOutputSplitTransform: /home/runner/.gradle/caches/transforms-4/1fff984abdbc7daf282ab402db47414c/transformed/concurrent-futures-1.1.0 because:
  Build cache is disabled
  Caching not enabled.
Caching disabled for DexingNoClasspathTransform: /home/runner/.gradle/caches/modules-2/files-2.1/androidx.annotation/annotation-jvm/1.8.0/b8a16fe526014b7941c1debaccaf9c5153692dbb/annotation-jvm-1.8.0.jar because:
  Build cache is disabled
Running dexing transform non-incrementally for '/home/runner/.gradle/caches/modules-2/files-2.1/androidx.annotation/annotation-jvm/1.8.0/b8a16fe526014b7941c1debaccaf9c5153692dbb/annotation-jvm-1.8.0.jar'
Transforming annotation-jvm-1.8.0.jar (androidx.annotation:annotation-jvm:1.8.0) with DexingOutputSplitTransform
Caching disabled for DexingOutputSplitTransform: /home/runner/.gradle/caches/transforms-4/8aa0fcfde039ffa79f907d92a7f7ca4d/transformed/annotation-jvm-1.8.0 because:
  Build cache is disabled
  Caching not enabled.
Caching disabled for DexingNoClasspathTransform: /home/runner/.gradle/caches/modules-2/files-2.1/org.jetbrains.kotlinx/kotlinx-coroutines-core-jvm/1.7.3/2b09627576f0989a436a00a4a54b55fa5026fb86/kotlinx-coroutines-core-jvm-1.7.3.jar because:
  Build cache is disabled
Running dexing transform non-incrementally for '/home/runner/.gradle/caches/modules-2/files-2.1/org.jetbrains.kotlinx/kotlinx-coroutines-core-jvm/1.7.3/2b09627576f0989a436a00a4a54b55fa5026fb86/kotlinx-coroutines-core-jvm-1.7.3.jar'
Transforming material3-release.aar (androidx.compose.material3:material3-android:1.2.1) with DexingOutputSplitTransform
Caching disabled for DexingOutputSplitTransform: /home/runner/.gradle/caches/transforms-4/777fd3e6e5680e260819de219fe33f66/transformed/material3-release-runtime because:
  Build cache is disabled
  Caching not enabled.
Caching disabled for DexingNoClasspathTransform: /home/runner/.gradle/caches/modules-2/files-2.1/org.jetbrains.kotlinx/kotlinx-coroutines-android/1.7.3/38d9cad3a0b03a10453b56577984bdeb48edeed5/kotlinx-coroutines-android-1.7.3.jar because:
  Build cache is disabled
Running dexing transform non-incrementally for '/home/runner/.gradle/caches/modules-2/files-2.1/org.jetbrains.kotlinx/kotlinx-coroutines-android/1.7.3/38d9cad3a0b03a10453b56577984bdeb48edeed5/kotlinx-coroutines-android-1.7.3.jar'
Transforming runtime-release.aar (androidx.compose.runtime:runtime-android:1.6.8) with DexingOutputSplitTransform
Caching disabled for DexingOutputSplitTransform: /home/runner/.gradle/caches/transforms-4/f8ecf70dcbb4b0d1a7c08d0aa4a2c272/transformed/runtime-release-runtime because:
  Build cache is disabled
  Caching not enabled.
Caching disabled for DexingNoClasspathTransform: /home/runner/.gradle/caches/modules-2/files-2.1/org.jetbrains.kotlin/kotlin-stdlib-jdk8/1.9.10/c7510d64a83411a649c76f2778304ddf71d7437b/kotlin-stdlib-jdk8-1.9.10.jar because:
  Build cache is disabled
Running dexing transform non-incrementally for '/home/runner/.gradle/caches/modules-2/files-2.1/org.jetbrains.kotlin/kotlin-stdlib-jdk8/1.9.10/c7510d64a83411a649c76f2778304ddf71d7437b/kotlin-stdlib-jdk8-1.9.10.jar'
Transforming kotlinx-coroutines-android-1.7.3.jar (org.jetbrains.kotlinx:kotlinx-coroutines-android:1.7.3) with DexingOutputSplitTransform
Caching disabled for DexingOutputSplitTransform: /home/runner/.gradle/caches/transforms-4/0fae6b2ec455aea39d4116eb44962b5a/transformed/kotlinx-coroutines-android-1.7.3 because:
  Build cache is disabled
  Caching not enabled.
Transforming kotlin-stdlib-jdk8-1.9.10.jar (org.jetbrains.kotlin:kotlin-stdlib-jdk8:1.9.10) with DexingOutputSplitTransform
Caching disabled for DexingOutputSplitTransform: /home/runner/.gradle/caches/transforms-4/67dd4bb7fd5041608a69886e944b1d7c/transformed/kotlin-stdlib-jdk8-1.9.10 because:
  Build cache is disabled
  Caching not enabled.
Caching disabled for DexingNoClasspathTransform: /home/runner/.gradle/caches/modules-2/files-2.1/org.jetbrains.kotlin/kotlin-stdlib-jdk7/1.9.10/bc5bfc2690338defd5195b05c57562f2194eeb10/kotlin-stdlib-jdk7-1.9.10.jar because:
  Build cache is disabled
Running dexing transform non-incrementally for '/home/runner/.gradle/caches/modules-2/files-2.1/org.jetbrains.kotlin/kotlin-stdlib-jdk7/1.9.10/bc5bfc2690338defd5195b05c57562f2194eeb10/kotlin-stdlib-jdk7-1.9.10.jar'
Caching disabled for DexingNoClasspathTransform: /home/runner/.gradle/caches/modules-2/files-2.1/org.jetbrains.kotlin/kotlin-stdlib/1.9.24/9928532f12c66ad816a625b3f9984f8368ca6d2b/kotlin-stdlib-1.9.24.jar because:
  Build cache is disabled
Running dexing transform non-incrementally for '/home/runner/.gradle/caches/modules-2/files-2.1/org.jetbrains.kotlin/kotlin-stdlib/1.9.24/9928532f12c66ad816a625b3f9984f8368ca6d2b/kotlin-stdlib-1.9.24.jar'
Transforming kotlin-stdlib-jdk7-1.9.10.jar (org.jetbrains.kotlin:kotlin-stdlib-jdk7:1.9.10) with DexingOutputSplitTransform
Caching disabled for DexingOutputSplitTransform: /home/runner/.gradle/caches/transforms-4/bf23db6c1d6176b91f81ec624ecf7ed8/transformed/kotlin-stdlib-jdk7-1.9.10 because:
  Build cache is disabled
  Caching not enabled.
Caching disabled for DexingNoClasspathTransform: /home/runner/.gradle/caches/modules-2/files-2.1/org.jetbrains/annotations/23.0.0/8cc20c07506ec18e0834947b84a864bfc094484e/annotations-23.0.0.jar because:
  Build cache is disabled
Running dexing transform non-incrementally for '/home/runner/.gradle/caches/modules-2/files-2.1/org.jetbrains/annotations/23.0.0/8cc20c07506ec18e0834947b84a864bfc094484e/annotations-23.0.0.jar'
Transforming annotations-23.0.0.jar (org.jetbrains:annotations:23.0.0) with DexingOutputSplitTransform
Caching disabled for DexingOutputSplitTransform: /home/runner/.gradle/caches/transforms-4/57f6882f4cae96c2d53ea7147f9a8995/transformed/annotations-23.0.0 because:
  Build cache is disabled
  Caching not enabled.
Caching disabled for DexingNoClasspathTransform: /home/runner/.gradle/caches/modules-2/files-2.1/com.google.guava/listenablefuture/1.0/c949a840a6acbc5268d088e47b04177bf90b3cad/listenablefuture-1.0.jar because:
  Build cache is disabled
Running dexing transform non-incrementally for '/home/runner/.gradle/caches/modules-2/files-2.1/com.google.guava/listenablefuture/1.0/c949a840a6acbc5268d088e47b04177bf90b3cad/listenablefuture-1.0.jar'
Transforming listenablefuture-1.0.jar (com.google.guava:listenablefuture:1.0) with DexingOutputSplitTransform
Caching disabled for DexingOutputSplitTransform: /home/runner/.gradle/caches/transforms-4/36f00c7a1ab751cc194b8c0d6eca2246/transformed/listenablefuture-1.0 because:
  Build cache is disabled
  Caching not enabled.
INFO: D8: Stripped invalid locals information from 2 methods.
INFO: /home/runner/.gradle/caches/modules-2/files-2.1/org.jetbrains.kotlinx/kotlinx-coroutines-core-jvm/1.7.3/2b09627576f0989a436a00a4a54b55fa5026fb86/kotlinx-coroutines-core-jvm-1.7.3.jar: D8: Methods with invalid locals information:
  java.lang.Object kotlinx.coroutines.flow.FlowKt__BuildersKt$asFlow$$inlined$unsafeFlow$10.collect(kotlinx.coroutines.flow.FlowCollector, kotlin.coroutines.Continuation)
  Attempt to define local of type long as element$iv:java.lang.Object
INFO: /home/runner/.gradle/caches/modules-2/files-2.1/org.jetbrains.kotlinx/kotlinx-coroutines-core-jvm/1.7.3/2b09627576f0989a436a00a4a54b55fa5026fb86/kotlinx-coroutines-core-jvm-1.7.3.jar: D8: Methods with invalid locals information:
  java.lang.Object kotlinx.coroutines.flow.FlowKt__BuildersKt$asFlow$$inlined$unsafeFlow$9.collect(kotlinx.coroutines.flow.FlowCollector, kotlin.coroutines.Continuation)
  Attempt to define local of type int as element$iv:java.lang.Object
INFO: D8: Some warnings are typically a sign of using an outdated Java toolchain. To fix, recompile the source with an updated toolchain.
Transforming kotlinx-coroutines-core-jvm-1.7.3.jar (org.jetbrains.kotlinx:kotlinx-coroutines-core-jvm:1.7.3) with DexingOutputSplitTransform
Caching disabled for DexingOutputSplitTransform: /home/runner/.gradle/caches/transforms-4/9b80330e5c2523ea66f3817f636c7cc5/transformed/kotlinx-coroutines-core-jvm-1.7.3 because:
  Build cache is disabled
  Caching not enabled.
Transforming collection-jvm-1.4.0.jar (androidx.collection:collection-jvm:1.4.0) with DexingOutputSplitTransform
Caching disabled for DexingOutputSplitTransform: /home/runner/.gradle/caches/transforms-4/6e8d83c6ee67dbecce087377af58667b/transformed/collection-jvm-1.4.0 because:
  Build cache is disabled
  Caching not enabled.
Transforming kotlin-stdlib-1.9.24.jar (org.jetbrains.kotlin:kotlin-stdlib:1.9.24) with DexingOutputSplitTransform
Caching disabled for DexingOutputSplitTransform: /home/runner/.gradle/caches/transforms-4/98b38915ca84096f7cf52b1607fbbd74/transformed/kotlin-stdlib-1.9.24 because:
  Build cache is disabled
  Caching not enabled.
Caching disabled for task ':app:mergeExtDexDebug' because:
  Build cache is disabled
Task ':app:mergeExtDexDebug' is not up-to-date because:
  No history is available.
The input changes require a full rebuild for incremental task ':app:mergeExtDexDebug'.
Merging to '/home/runner/work/AuraBrowse/AuraBrowse/app/build/intermediates/dex/debug/mergeExtDexDebug' with D8 from all or a subset of dex files in /home/runner/.gradle/caches/transforms-4/9362d5484b85861b1112c9725aa7653f/transformed/activity-1.9.0-runtime/activity-1.9.0-runtime_dex, /home/runner/.gradle/caches/transforms-4/777fd3e6e5680e260819de219fe33f66/transformed/material3-release-runtime/material3-release-runtime_dex, /home/runner/.gradle/caches/transforms-4/90cf220700aab28a253a062c701e0428/transformed/activity-compose-1.9.0-runtime/activity-compose-1.9.0-runtime_dex, /home/runner/.gradle/caches/transforms-4/670cea7de35bab810f7780df38dc9de3/transformed/savedstate-ktx-1.2.1-runtime/savedstate-ktx-1.2.1-runtime_dex, /home/runner/.gradle/caches/transforms-4/2f2bea36e97a4648d82c2254fd995e46/transformed/savedstate-1.2.1-runtime/savedstate-1.2.1-runtime_dex, /home/runner/.gradle/caches/transforms-4/21e60f2f4cbb0512312a3f1760fc73b1/transformed/material-icons-core-release-runtime/material-icons-core-release-runtime_dex, /home/runner/.gradle/caches/transforms-4/224dfd4cbf615a53a91cfb495a5f2b4b/transformed/material-ripple-release-runtime/material-ripple-release-runtime_dex, /home/runner/.gradle/caches/transforms-4/b88ad9f7732aaaee56da5c98436f031e/transformed/animation-core-release-runtime/animation-core-release-runtime_dex, /home/runner/.gradle/caches/transforms-4/e7653251595471f09a451316492c8e05/transformed/animation-release-runtime/animation-release-runtime_dex, /home/runner/.gradle/caches/transforms-4/3c7279d5024a3225e35bfff8cf12eddf/transformed/foundation-layout-release-runtime/foundation-layout-release-runtime_dex, /home/runner/.gradle/caches/transforms-4/4312172c4109bc580650e2beca7a2044/transformed/foundation-release-runtime/foundation-release-runtime_dex, /home/runner/.gradle/caches/transforms-4/86ac964d7ed6cfda809f9a4df2212b77/transformed/ui-util-release-runtime/ui-util-release-runtime_dex, /home/runner/.gradle/caches/transforms-4/81daa9868f65a205121d8f5781b2573d/transformed/ui-unit-release-runtime/ui-unit-release-runtime_dex, /home/runner/.gradle/caches/transforms-4/294bdca394576a365d90c083a3fef361/transformed/ui-graphics-release-runtime/ui-graphics-release-runtime_dex, /home/runner/.gradle/caches/transforms-4/8f051af7a0c9f4f7e06c0b0b3d87f4d0/transformed/ui-geometry-release-runtime/ui-geometry-release-runtime_dex, /home/runner/.gradle/caches/transforms-4/51e4455312e62cce68b246bb1dea96c5/transformed/ui-tooling-preview-release-runtime/ui-tooling-preview-release-runtime_dex, /home/runner/.gradle/caches/transforms-4/c40eaf77f336aabf702e0705bfadac3b/transformed/ui-text-release-runtime/ui-text-release-runtime_dex, /home/runner/.gradle/caches/transforms-4/a6cc06714403cc0b0bb15bb750d2aaac/transformed/emoji2-1.3.0-runtime/emoji2-1.3.0-runtime_dex, /home/runner/.gradle/caches/transforms-4/8cd121f0da4bbd287313f1d373ab5823/transformed/lifecycle-process-2.8.2-runtime/lifecycle-process-2.8.2-runtime_dex, /home/runner/.gradle/caches/transforms-4/26ac9d624ccc8a529f85696aa7b62d3a/transformed/lifecycle-livedata-core-2.8.2-runtime/lifecycle-livedata-core-2.8.2-runtime_dex, /home/runner/.gradle/caches/transforms-4/4617febc5e33080efa5a1b8303708f5c/transformed/lifecycle-common-jvm-2.8.2/lifecycle-common-jvm-2.8.2_dex, /home/runner/.gradle/caches/transforms-4/52ee5dc79285c4bc18984f40fc18d746/transformed/lifecycle-viewmodel-release-runtime/lifecycle-viewmodel-release-runtime_dex, /home/runner/.gradle/caches/transforms-4/09ec58f8479b0bd53b5636ac6b75492c/transformed/lifecycle-runtime-release-runtime/lifecycle-runtime-release-runtime_dex, /home/runner/.gradle/caches/transforms-4/23aa92bc3cbc018a8ccc32d6442f166d/transformed/lifecycle-viewmodel-savedstate-2.8.2-runtime/lifecycle-viewmodel-savedstate-2.8.2-runtime_dex, /home/runner/.gradle/caches/transforms-4/43f13f018442c5b2ccd3a67f06944736/transformed/lifecycle-viewmodel-compose-release-runtime/lifecycle-viewmodel-compose-release-runtime_dex, /home/runner/.gradle/caches/transforms-4/6dfb33286d2f2bac11651c99d961d7dd/transformed/ui-release-runtime/ui-release-runtime_dex, /home/runner/.gradle/caches/transforms-4/8ed62f56885496c2ecbdf83da30eef44/transformed/autofill-1.0.0-runtime/autofill-1.0.0-runtime_dex, /home/runner/.gradle/caches/transforms-4/34e04db8f3cd9ede5aefa5e1f6167806/transformed/core-1.13.1-runtime/core-1.13.1-runtime_dex, /home/runner/.gradle/caches/transforms-4/a65271ee49b3e389307b4b9587689bf6/transformed/customview-poolingcontainer-1.0.0-runtime/customview-poolingcontainer-1.0.0-runtime_dex, /home/runner/.gradle/caches/transforms-4/e44379714e1da4716af1516a8a9817cb/transformed/core-ktx-1.13.1-runtime/core-ktx-1.13.1-runtime_dex, /home/runner/.gradle/caches/transforms-4/af33f9db749c1481109ae95a99c705bb/transformed/room-common-2.6.1/room-common-2.6.1_dex, /home/runner/.gradle/caches/transforms-4/c1689d6f167ff7ab79be611bc137c70f/transformed/room-runtime-2.6.1-runtime/room-runtime-2.6.1-runtime_dex, /home/runner/.gradle/caches/transforms-4/d92f32935edb84733bed66e3a26b8004/transformed/room-ktx-2.6.1-runtime/room-ktx-2.6.1-runtime_dex, /home/runner/.gradle/caches/transforms-4/5393c7fccf05f8c27f82cc0adf0dde29/transformed/sqlite-framework-2.4.0-runtime/sqlite-framework-2.4.0-runtime_dex, /home/runner/.gradle/caches/transforms-4/5f0d1a644510d862ff8ed7962f71d789/transformed/sqlite-2.4.0-runtime/sqlite-2.4.0-runtime_dex, /home/runner/.gradle/caches/transforms-4/58aca69286c3a3b5f5a4b030a8ff6bae/transformed/annotation-experimental-1.4.0-runtime/annotation-experimental-1.4.0-runtime_dex, /home/runner/.gradle/caches/transforms-4/a0922edd4632d8048eea3a6a9822a38a/transformed/okhttp-4.12.0/okhttp-4.12.0_dex, /home/runner/.gradle/caches/transforms-4/e3204e6a47a9c6438bd214c7b31d6541/transformed/okio-jvm-3.6.0/okio-jvm-3.6.0_dex, /home/runner/.gradle/caches/transforms-4/247e365f6681548b572a812437a8d84f/transformed/runtime-saveable-release-runtime/runtime-saveable-release-runtime_dex, /home/runner/.gradle/caches/transforms-4/f8ecf70dcbb4b0d1a7c08d0aa4a2c272/transformed/runtime-release-runtime/runtime-release-runtime_dex, /home/runner/.gradle/caches/transforms-4/6edbdf11cef51f28ad3ca8eeba3b9146/transformed/core-runtime-2.2.0-runtime/core-runtime-2.2.0-runtime_dex, /home/runner/.gradle/caches/transforms-4/ba457a795d8c177b7c0ea5a298e026b3/transformed/interpolator-1.0.0-runtime/interpolator-1.0.0-runtime_dex, /home/runner/.gradle/caches/transforms-4/2ba77b4795462da4f0d523d2f3ca3ef9/transformed/versionedparcelable-1.1.1-runtime/versionedparcelable-1.1.1-runtime_dex, /home/runner/.gradle/caches/transforms-4/adbcebdf760e61a2c7c2ba9232667d06/transformed/core-common-2.2.0/core-common-2.2.0_dex, /home/runner/.gradle/caches/transforms-4/24d31ba2f39f423c696fce51faa25597/transformed/profileinstaller-1.3.1-runtime/profileinstaller-1.3.1-runtime_dex, /home/runner/.gradle/caches/transforms-4/43f7a3fc9d1966cd6e232ae2ead8c92b/transformed/startup-runtime-1.1.1-runtime/startup-runtime-1.1.1-runtime_dex, /home/runner/.gradle/caches/transforms-4/bbf04743ed582e1960342fb101a8c4bc/transformed/tracing-1.0.0-runtime/tracing-1.0.0-runtime_dex, /home/runner/.gradle/caches/transforms-4/6e8d83c6ee67dbecce087377af58667b/transformed/collection-jvm-1.4.0/collection-jvm-1.4.0_dex, /home/runner/.gradle/caches/transforms-4/1fff984abdbc7daf282ab402db47414c/transformed/concurrent-futures-1.1.0/concurrent-futures-1.1.0_dex, /home/runner/.gradle/caches/transforms-4/8aa0fcfde039ffa79f907d92a7f7ca4d/transformed/annotation-jvm-1.8.0/annotation-jvm-1.8.0_dex, /home/runner/.gradle/caches/transforms-4/9b80330e5c2523ea66f3817f636c7cc5/transformed/kotlinx-coroutines-core-jvm-1.7.3/kotlinx-coroutines-core-jvm-1.7.3_dex, /home/runner/.gradle/caches/transforms-4/0fae6b2ec455aea39d4116eb44962b5a/transformed/kotlinx-coroutines-android-1.7.3/kotlinx-coroutines-android-1.7.3_dex, /home/runner/.gradle/caches/transforms-4/98b38915ca84096f7cf52b1607fbbd74/transformed/kotlin-stdlib-1.9.24/kotlin-stdlib-1.9.24_dex, /home/runner/.gradle/caches/transforms-4/57f6882f4cae96c2d53ea7147f9a8995/transformed/annotations-23.0.0/annotations-23.0.0_dex, /home/runner/.gradle/caches/transforms-4/36f00c7a1ab751cc194b8c0d6eca2246/transformed/listenablefuture-1.0/listenablefuture-1.0_dex, and from all global synthetics files in 
AAPT2 aapt2-8.5.2-11315950-linux Daemon #0: shutdown
gradle/actions: Writing build results to /home/runner/work/_temp/.gradle-actions/build-results/build-1786619986252.json

FAILURE: Build failed with an exception.

* What went wrong:
Execution failed for task ':app:kspDebugKotlin'.
> A failure occurred while executing org.jetbrains.kotlin.compilerRunner.GradleCompilerRunnerWithWorkers$GradleKotlinCompilerWorkAction
   > Compilation error. See log for more details

* Try:
> Run with --debug option to get more log output.
> Run with --scan to get full insights.
> Get more help at https://help.gradle.org.

* Exception is:
org.gradle.api.tasks.TaskExecutionException: Execution failed for task ':app:kspDebugKotlin'.
	at org.gradle.api.internal.tasks.execution.ExecuteActionsTaskExecuter.lambda$executeIfValid$1(ExecuteActionsTaskExecuter.java:130)
	at org.gradle.internal.Try$Failure.ifSuccessfulOrElse(Try.java:282)
	at org.gradle.api.internal.tasks.execution.ExecuteActionsTaskExecuter.executeIfValid(ExecuteActionsTaskExecuter.java:128)
	at org.gradle.api.internal.tasks.execution.ExecuteActionsTaskExecuter.execute(ExecuteActionsTaskExecuter.java:116)
	at org.gradle.api.internal.tasks.execution.FinalizePropertiesTaskExecuter.execute(FinalizePropertiesTaskExecuter.java:46)
	at org.gradle.api.internal.tasks.execution.ResolveTaskExecutionModeExecuter.execute(ResolveTaskExecutionModeExecuter.java:51)
	at org.gradle.api.internal.tasks.execution.SkipTaskWithNoActionsExecuter.execute(SkipTaskWithNoActionsExecuter.java:57)
	at org.gradle.api.internal.tasks.execution.SkipOnlyIfTaskExecuter.execute(SkipOnlyIfTaskExecuter.java:74)
	at org.gradle.api.internal.tasks.execution.CatchExceptionTaskExecuter.execute(CatchExceptionTaskExecuter.java:36)
	at org.gradle.api.internal.tasks.execution.EventFiringTaskExecuter$1.executeTask(EventFiringTaskExecuter.java:77)
	at org.gradle.api.internal.tasks.execution.EventFiringTaskExecuter$1.call(EventFiringTaskExecuter.java:55)
	at org.gradle.api.internal.tasks.execution.EventFiringTaskExecuter$1.call(EventFiringTaskExecuter.java:52)
	at org.gradle.internal.operations.DefaultBuildOperationRunner$CallableBuildOperationWorker.execute(DefaultBuildOperationRunner.java:200)
	at org.gradle.internal.operations.DefaultBuildOperationRunner$CallableBuildOperationWorker.execute(DefaultBuildOperationRunner.java:195)
	at org.gradle.internal.operations.DefaultBuildOperationRunner$2.execute(DefaultBuildOperationRunner.java:66)
	at org.gradle.internal.operations.DefaultBuildOperationRunner$2.execute(DefaultBuildOperationRunner.java:59)
	at org.gradle.internal.operations.DefaultBuildOperationRunner.execute(DefaultBuildOperationRunner.java:157)
	at org.gradle.internal.operations.DefaultBuildOperationRunner.execute(DefaultBuildOperationRunner.java:59)
	at org.gradle.internal.operations.DefaultBuildOperationRunner.call(DefaultBuildOperationRunner.java:53)
	at org.gradle.internal.operations.DefaultBuildOperationExecutor.call(DefaultBuildOperationExecutor.java:73)
	at org.gradle.api.internal.tasks.execution.EventFiringTaskExecuter.execute(EventFiringTaskExecuter.java:52)
	at org.gradle.execution.plan.LocalTaskNodeExecutor.execute(LocalTaskNodeExecutor.java:42)
	at org.gradle.execution.taskgraph.DefaultTaskExecutionGraph$InvokeNodeExecutorsAction.execute(DefaultTaskExecutionGraph.java:331)
	at org.gradle.execution.taskgraph.DefaultTaskExecutionGraph$InvokeNodeExecutorsAction.execute(DefaultTaskExecutionGraph.java:318)
	at org.gradle.execution.taskgraph.DefaultTaskExecutionGraph$BuildOperationAwareExecutionAction.lambda$execute$0(DefaultTaskExecutionGraph.java:314)
	at org.gradle.internal.operations.CurrentBuildOperationRef.with(CurrentBuildOperationRef.java:80)
	at org.gradle.execution.taskgraph.DefaultTaskExecutionGraph$BuildOperationAwareExecutionAction.execute(DefaultTaskExecutionGraph.java:314)
	at org.gradle.execution.taskgraph.DefaultTaskExecutionGraph$BuildOperationAwareExecutionAction.execute(DefaultTaskExecutionGraph.java:303)
	at org.gradle.execution.plan.DefaultPlanExecutor$ExecutorWorker.execute(DefaultPlanExecutor.java:463)
	at org.gradle.execution.plan.DefaultPlanExecutor$ExecutorWorker.run(DefaultPlanExecutor.java:380)
	at org.gradle.internal.concurrent.ExecutorPolicy$CatchAndRecordFailures.onExecute(ExecutorPolicy.java:64)
	at org.gradle.internal.concurrent.AbstractManagedExecutor$1.run(AbstractManagedExecutor.java:47)
Caused by: org.gradle.workers.internal.DefaultWorkerExecutor$WorkExecutionException: A failure occurred while executing org.jetbrains.kotlin.compilerRunner.GradleCompilerRunnerWithWorkers$GradleKotlinCompilerWorkAction
	at org.gradle.workers.internal.DefaultWorkerExecutor$WorkItemExecution.waitForCompletion(DefaultWorkerExecutor.java:287)
	at org.gradle.internal.work.DefaultAsyncWorkTracker.lambda$waitForItemsAndGatherFailures$2(DefaultAsyncWorkTracker.java:130)
	at org.gradle.internal.Factories$1.create(Factories.java:31)
	at org.gradle.internal.work.DefaultWorkerLeaseService.withoutLocks(DefaultWorkerLeaseService.java:336)
	at org.gradle.internal.work.DefaultWorkerLeaseService.withoutLocks(DefaultWorkerLeaseService.java:319)
	at org.gradle.internal.work.DefaultWorkerLeaseService.withoutLock(DefaultWorkerLeaseService.java:324)
	at org.gradle.internal.work.DefaultAsyncWorkTracker.waitForItemsAndGatherFailures(DefaultAsyncWorkTracker.java:126)
	at org.gradle.internal.work.DefaultAsyncWorkTracker.waitForItemsAndGatherFailures(DefaultAsyncWorkTracker.java:92)
	at org.gradle.internal.work.DefaultAsyncWorkTracker.waitForAll(DefaultAsyncWorkTracker.java:78)
	at org.gradle.internal.work.DefaultAsyncWorkTracker.waitForCompletion(DefaultAsyncWorkTracker.java:66)
	at org.gradle.api.internal.tasks.execution.TaskExecution$3.run(TaskExecution.java:252)
	at org.gradle.internal.operations.DefaultBuildOperationRunner$1.execute(DefaultBuildOperationRunner.java:29)
	at org.gradle.internal.operations.DefaultBuildOperationRunner$1.execute(DefaultBuildOperationRunner.java:26)
	at org.gradle.internal.operations.DefaultBuildOperationRunner$2.execute(DefaultBuildOperationRunner.java:66)
	at org.gradle.internal.operations.DefaultBuildOperationRunner$2.execute(DefaultBuildOperationRunner.java:59)
	at org.gradle.internal.operations.DefaultBuildOperationRunner.execute(DefaultBuildOperationRunner.java:157)
	at org.gradle.internal.operations.DefaultBuildOperationRunner.execute(DefaultBuildOperationRunner.java:59)
	at org.gradle.internal.operations.DefaultBuildOperationRunner.run(DefaultBuildOperationRunner.java:47)
	at org.gradle.internal.operations.DefaultBuildOperationExecutor.run(DefaultBuildOperationExecutor.java:68)
	at org.gradle.api.internal.tasks.execution.TaskExecution.executeAction(TaskExecution.java:229)
	at org.gradle.api.internal.tasks.execution.TaskExecution.executeActions(TaskExecution.java:212)
	at org.gradle.api.internal.tasks.execution.TaskExecution.executeWithPreviousOutputFiles(TaskExecution.java:195)
	at org.gradle.api.internal.tasks.execution.TaskExecution.execute(TaskExecution.java:162)
	at org.gradle.internal.execution.steps.ExecuteStep.executeInternal(ExecuteStep.java:105)
	at org.gradle.internal.execution.steps.ExecuteStep.access$000(ExecuteStep.java:44)
	at org.gradle.internal.execution.steps.ExecuteStep$1.call(ExecuteStep.java:59)
	at org.gradle.internal.execution.steps.ExecuteStep$1.call(ExecuteStep.java:56)
	at org.gradle.internal.operations.DefaultBuildOperationRunner$CallableBuildOperationWorker.execute(DefaultBuildOperationRunner.java:200)
	at org.gradle.internal.operations.DefaultBuildOperationRunner$CallableBuildOperationWorker.execute(DefaultBuildOperationRunner.java:195)
	at org.gradle.internal.operations.DefaultBuildOperationRunner$2.execute(DefaultBuildOperationRunner.java:66)
	at org.gradle.internal.operations.DefaultBuildOperationRunner$2.execute(DefaultBuildOperationRunner.java:59)
	at org.gradle.internal.operations.DefaultBuildOperationRunner.execute(DefaultBuildOperationRunner.java:157)
	at org.gradle.internal.operations.DefaultBuildOperationRunner.execute(DefaultBuildOperationRunner.java:59)
	at org.gradle.internal.operations.DefaultBuildOperationRunner.call(DefaultBuildOperationRunner.java:53)
	at org.gradle.internal.operations.DefaultBuildOperationExecutor.call(DefaultBuildOperationExecutor.java:73)
	at org.gradle.internal.execution.steps.ExecuteStep.execute(ExecuteStep.java:56)
	at org.gradle.internal.execution.steps.ExecuteStep.execute(ExecuteStep.java:44)
	at org.gradle.internal.execution.steps.CancelExecutionStep.execute(CancelExecutionStep.java:41)
	at org.gradle.internal.execution.steps.TimeoutStep.executeWithoutTimeout(TimeoutStep.java:74)
	at org.gradle.internal.execution.steps.TimeoutStep.execute(TimeoutStep.java:55)
	at org.gradle.internal.execution.steps.PreCreateOutputParentsStep.execute(PreCreateOutputParentsStep.java:50)
	at org.gradle.internal.execution.steps.PreCreateOutputParentsStep.execute(PreCreateOutputParentsStep.java:28)
	at org.gradle.internal.execution.steps.RemovePreviousOutputsStep.execute(RemovePreviousOutputsStep.java:67)
	at org.gradle.internal.execution.steps.RemovePreviousOutputsStep.execute(RemovePreviousOutputsStep.java:37)
	at org.gradle.internal.execution.steps.BroadcastChangingOutputsStep.execute(BroadcastChangingOutputsStep.java:61)
	at org.gradle.internal.execution.steps.BroadcastChangingOutputsStep.execute(BroadcastChangingOutputsStep.java:26)
	at org.gradle.internal.execution.steps.CaptureOutputsAfterExecutionStep.execute(CaptureOutputsAfterExecutionStep.java:67)
	at org.gradle.internal.execution.steps.CaptureOutputsAfterExecutionStep.execute(CaptureOutputsAfterExecutionStep.java:45)
	at org.gradle.internal.execution.steps.ResolveInputChangesStep.execute(ResolveInputChangesStep.java:40)
	at org.gradle.internal.execution.steps.ResolveInputChangesStep.execute(ResolveInputChangesStep.java:29)
	at org.gradle.internal.execution.steps.BuildCacheStep.executeWithoutCache(BuildCacheStep.java:189)
	at org.gradle.internal.execution.steps.BuildCacheStep.lambda$execute$1(BuildCacheStep.java:75)
	at org.gradle.internal.Either$Right.fold(Either.java:175)
	at org.gradle.internal.execution.caching.CachingState.fold(CachingState.java:62)
	at org.gradle.internal.execution.steps.BuildCacheStep.execute(BuildCacheStep.java:73)
	at org.gradle.internal.execution.steps.BuildCacheStep.execute(BuildCacheStep.java:48)
	at org.gradle.internal.execution.steps.StoreExecutionStateStep.execute(StoreExecutionStateStep.java:46)
	at org.gradle.internal.execution.steps.StoreExecutionStateStep.execute(StoreExecutionStateStep.java:35)
	at org.gradle.internal.execution.steps.SkipUpToDateStep.executeBecause(SkipUpToDateStep.java:76)
	at org.gradle.internal.execution.steps.SkipUpToDateStep.lambda$execute$2(SkipUpToDateStep.java:54)
	at org.gradle.internal.execution.steps.SkipUpToDateStep.execute(SkipUpToDateStep.java:54)
	at org.gradle.internal.execution.steps.SkipUpToDateStep.execute(SkipUpToDateStep.java:36)
	at org.gradle.internal.execution.steps.legacy.MarkSnapshottingInputsFinishedStep.execute(MarkSnapshottingInputsFinishedStep.java:37)
	at org.gradle.internal.execution.steps.legacy.MarkSnapshottingInputsFinishedStep.execute(MarkSnapshottingInputsFinishedStep.java:27)
	at org.gradle.internal.execution.steps.ResolveIncrementalCachingStateStep.executeDelegate(ResolveIncrementalCachingStateStep.java:49)
	at org.gradle.internal.execution.steps.ResolveIncrementalCachingStateStep.executeDelegate(ResolveIncrementalCachingStateStep.java:27)
	at org.gradle.internal.execution.steps.AbstractResolveCachingStateStep.execute(AbstractResolveCachingStateStep.java:71)
	at org.gradle.internal.execution.steps.AbstractResolveCachingStateStep.execute(AbstractResolveCachingStateStep.java:39)
	at org.gradle.internal.execution.steps.ResolveChangesStep.execute(ResolveChangesStep.java:65)
	at org.gradle.internal.execution.steps.ResolveChangesStep.execute(ResolveChangesStep.java:36)
	at org.gradle.internal.execution.steps.ValidateStep.execute(ValidateStep.java:106)
	at org.gradle.internal.execution.steps.ValidateStep.execute(ValidateStep.java:55)
	at org.gradle.internal.execution.steps.AbstractCaptureStateBeforeExecutionStep.execute(AbstractCaptureStateBeforeExecutionStep.java:64)
	at org.gradle.internal.execution.steps.AbstractCaptureStateBeforeExecutionStep.execute(AbstractCaptureStateBeforeExecutionStep.java:43)
	at org.gradle.internal.execution.steps.AbstractSkipEmptyWorkStep.executeWithNonEmptySources(AbstractSkipEmptyWorkStep.java:125)
	at org.gradle.internal.execution.steps.AbstractSkipEmptyWorkStep.execute(AbstractSkipEmptyWorkStep.java:61)
	at org.gradle.internal.execution.steps.AbstractSkipEmptyWorkStep.execute(AbstractSkipEmptyWorkStep.java:36)
	at org.gradle.internal.execution.steps.legacy.MarkSnapshottingInputsStartedStep.execute(MarkSnapshottingInputsStartedStep.java:38)
	at org.gradle.internal.execution.steps.LoadPreviousExecutionStateStep.execute(LoadPreviousExecutionStateStep.java:36)
	at org.gradle.internal.execution.steps.LoadPreviousExecutionStateStep.execute(LoadPreviousExecutionStateStep.java:23)
	at org.gradle.internal.execution.steps.HandleStaleOutputsStep.execute(HandleStaleOutputsStep.java:75)
	at org.gradle.internal.execution.steps.HandleStaleOutputsStep.execute(HandleStaleOutputsStep.java:41)
	at org.gradle.internal.execution.steps.AssignMutableWorkspaceStep.lambda$execute$0(AssignMutableWorkspaceStep.java:35)
	at org.gradle.api.internal.tasks.execution.TaskExecution$4.withWorkspace(TaskExecution.java:289)
	at org.gradle.internal.execution.steps.AssignMutableWorkspaceStep.execute(AssignMutableWorkspaceStep.java:31)
	at org.gradle.internal.execution.steps.AssignMutableWorkspaceStep.execute(AssignMutableWorkspaceStep.java:22)
	at org.gradle.internal.execution.steps.ChoosePipelineStep.execute(ChoosePipelineStep.java:40)
	at org.gradle.internal.execution.steps.ChoosePipelineStep.execute(ChoosePipelineStep.java:23)
	at org.gradle.internal.execution.steps.ExecuteWorkBuildOperationFiringStep.lambda$execute$2(ExecuteWorkBuildOperationFiringStep.java:67)
	at org.gradle.internal.execution.steps.ExecuteWorkBuildOperationFiringStep.execute(ExecuteWorkBuildOperationFiringStep.java:67)
	at org.gradle.internal.execution.steps.ExecuteWorkBuildOperationFiringStep.execute(ExecuteWorkBuildOperationFiringStep.java:39)
	at org.gradle.internal.execution.steps.IdentityCacheStep.execute(IdentityCacheStep.java:46)
	at org.gradle.internal.execution.steps.IdentityCacheStep.execute(IdentityCacheStep.java:34)
	at org.gradle.internal.execution.steps.IdentifyStep.execute(IdentifyStep.java:48)
	at org.gradle.internal.execution.steps.IdentifyStep.execute(IdentifyStep.java:35)
	at org.gradle.internal.execution.impl.DefaultExecutionEngine$1.execute(DefaultExecutionEngine.java:61)
	at org.gradle.api.internal.tasks.execution.ExecuteActionsTaskExecuter.executeIfValid(ExecuteActionsTaskExecuter.java:127)
	at org.gradle.api.internal.tasks.execution.ExecuteActionsTaskExecuter.execute(ExecuteActionsTaskExecuter.java:116)
	at org.gradle.api.internal.tasks.execution.FinalizePropertiesTaskExecuter.execute(FinalizePropertiesTaskExecuter.java:46)
	at org.gradle.api.internal.tasks.execution.ResolveTaskExecutionModeExecuter.execute(ResolveTaskExecutionModeExecuter.java:51)
	at org.gradle.api.internal.tasks.execution.SkipTaskWithNoActionsExecuter.execute(SkipTaskWithNoActionsExecuter.java:57)
	at org.gradle.api.internal.tasks.execution.SkipOnlyIfTaskExecuter.execute(SkipOnlyIfTaskExecuter.java:74)
	at org.gradle.api.internal.tasks.execution.CatchExceptionTaskExecuter.execute(CatchExceptionTaskExecuter.java:36)
	at org.gradle.api.internal.tasks.execution.EventFiringTaskExecuter$1.executeTask(EventFiringTaskExecuter.java:77)
	at org.gradle.api.internal.tasks.execution.EventFiringTaskExecuter$1.call(EventFiringTaskExecuter.java:55)
	at org.gradle.api.internal.tasks.execution.EventFiringTaskExecuter$1.call(EventFiringTaskExecuter.java:52)
	at org.gradle.internal.operations.DefaultBuildOperationRunner$CallableBuildOperationWorker.execute(DefaultBuildOperationRunner.java:200)
	at org.gradle.internal.operations.DefaultBuildOperationRunner$CallableBuildOperationWorker.execute(DefaultBuildOperationRunner.java:195)
	at org.gradle.internal.operations.DefaultBuildOperationRunner$2.execute(DefaultBuildOperationRunner.java:66)
	at org.gradle.internal.operations.DefaultBuildOperationRunner$2.execute(DefaultBuildOperationRunner.java:59)
	at org.gradle.internal.operations.DefaultBuildOperationRunner.execute(DefaultBuildOperationRunner.java:157)
	at org.gradle.internal.operations.DefaultBuildOperationRunner.execute(DefaultBuildOperationRunner.java:59)
	at org.gradle.internal.operations.DefaultBuildOperationRunner.call(DefaultBuildOperationRunner.java:53)
	at org.gradle.internal.operations.DefaultBuildOperationExecutor.call(DefaultBuildOperationExecutor.java:73)
	at org.gradle.api.internal.tasks.execution.EventFiringTaskExecuter.execute(EventFiringTaskExecuter.java:52)
	at org.gradle.execution.plan.LocalTaskNodeExecutor.execute(LocalTaskNodeExecutor.java:42)
	at org.gradle.execution.taskgraph.DefaultTaskExecutionGraph$InvokeNodeExecutorsAction.execute(DefaultTaskExecutionGraph.java:331)
	at org.gradle.execution.taskgraph.DefaultTaskExecutionGraph$InvokeNodeExecutorsAction.execute(DefaultTaskExecutionGraph.java:318)
	at org.gradle.execution.taskgraph.DefaultTaskExecutionGraph$BuildOperationAwareExecutionAction.lambda$execute$0(DefaultTaskExecutionGraph.java:314)
	at org.gradle.internal.operations.CurrentBuildOperationRef.with(CurrentBuildOperationRef.java:80)
	at org.gradle.execution.taskgraph.DefaultTaskExecutionGraph$BuildOperationAwareExecutionAction.execute(DefaultTaskExecutionGraph.java:314)
	at org.gradle.execution.taskgraph.DefaultTaskExecutionGraph$BuildOperationAwareExecutionAction.execute(DefaultTaskExecutionGraph.java:303)
	at org.gradle.execution.plan.DefaultPlanExecutor$ExecutorWorker.execute(DefaultPlanExecutor.java:463)
	at org.gradle.execution.plan.DefaultPlanExecutor$ExecutorWorker.run(DefaultPlanExecutor.java:380)
	at org.gradle.internal.concurrent.ExecutorPolicy$CatchAndRecordFailures.onExecute(ExecutorPolicy.java:64)
	at org.gradle.internal.concurrent.AbstractManagedExecutor$1.run(AbstractManagedExecutor.java:47)
Caused by: org.jetbrains.kotlin.gradle.tasks.CompilationErrorException: Compilation error. See log for more details
	at org.jetbrains.kotlin.gradle.tasks.TasksUtilsKt.throwExceptionIfCompilationFailed(tasksUtils.kt:20)
	at org.jetbrains.kotlin.compilerRunner.GradleKotlinCompilerWork.run(GradleKotlinCompilerWork.kt:141)
	at org.jetbrains.kotlin.compilerRunner.GradleCompilerRunnerWithWorkers$GradleKotlinCompilerWorkAction.execute(GradleCompilerRunnerWithWorkers.kt:73)
	at org.gradle.workers.internal.DefaultWorkerServer.execute(DefaultWorkerServer.java:63)
	at org.gradle.workers.internal.NoIsolationWorkerFactory$1$1.create(NoIsolationWorkerFactory.java:66)
	at org.gradle.workers.internal.NoIsolationWorkerFactory$1$1.create(NoIsolationWorkerFactory.java:62)
	at org.gradle.internal.classloader.ClassLoaderUtils.executeInClassloader(ClassLoaderUtils.java:100)
	at org.gradle.workers.internal.NoIsolationWorkerFactory$1.lambda$execute$0(NoIsolationWorkerFactory.java:62)
	at org.gradle.workers.internal.AbstractWorker$1.call(AbstractWorker.java:44)
	at org.gradle.workers.internal.AbstractWorker$1.call(AbstractWorker.java:41)
	at org.gradle.internal.operations.DefaultBuildOperationRunner$CallableBuildOperationWorker.execute(DefaultBuildOperationRunner.java:200)
	at org.gradle.internal.operations.DefaultBuildOperationRunner$CallableBuildOperationWorker.execute(DefaultBuildOperationRunner.java:195)
	at org.gradle.internal.operations.DefaultBuildOperationRunner$2.execute(DefaultBuildOperationRunner.java:66)
	at org.gradle.internal.operations.DefaultBuildOperationRunner$2.execute(DefaultBuildOperationRunner.java:59)
	at org.gradle.internal.operations.DefaultBuildOperationRunner.execute(DefaultBuildOperationRunner.java:157)
	at org.gradle.internal.operations.DefaultBuildOperationRunner.execute(DefaultBuildOperationRunner.java:59)
	at org.gradle.internal.operations.DefaultBuildOperationRunner.call(DefaultBuildOperationRunner.java:53)
	at org.gradle.internal.operations.DefaultBuildOperationExecutor.call(DefaultBuildOperationExecutor.java:73)
	at org.gradle.workers.internal.AbstractWorker.executeWrappedInBuildOperation(AbstractWorker.java:41)
	at org.gradle.workers.internal.NoIsolationWorkerFactory$1.execute(NoIsolationWorkerFactory.java:59)
	at org.gradle.workers.internal.DefaultWorkerExecutor.lambda$submitWork$0(DefaultWorkerExecutor.java:174)
	at org.gradle.internal.work.DefaultConditionalExecutionQueue$ExecutionRunner.runExecution(DefaultConditionalExecutionQueue.java:187)
	at org.gradle.internal.work.DefaultConditionalExecutionQueue$ExecutionRunner.access$700(DefaultConditionalExecutionQueue.java:120)
	at org.gradle.internal.work.DefaultConditionalExecutionQueue$ExecutionRunner$1.run(DefaultConditionalExecutionQueue.java:162)
	at org.gradle.internal.Factories$1.create(Factories.java:31)
	at org.gradle.internal.work.DefaultWorkerLeaseService.withLocks(DefaultWorkerLeaseService.java:264)
	at org.gradle.internal.work.DefaultWorkerLeaseService.runAsWorkerThread(DefaultWorkerLeaseService.java:128)
	at org.gradle.internal.work.DefaultWorkerLeaseService.runAsWorkerThread(DefaultWorkerLeaseService.java:133)
	at org.gradle.internal.work.DefaultConditionalExecutionQueue$ExecutionRunner.runBatch(DefaultConditionalExecutionQueue.java:157)
	at org.gradle.internal.work.DefaultConditionalExecutionQueue$ExecutionRunner.run(DefaultConditionalExecutionQueue.java:126)
	... 2 more


BUILD FAILED in 1m 58s
24 actionable tasks: 24 executed
